
R version 4.5.2 (2025-10-31) -- "[Not] Part in a Rumble"
Copyright (C) 2025 The R Foundation for Statistical Computing
Platform: x86_64-pc-linux-gnu

R is free software and comes with ABSOLUTELY NO WARRANTY.
You are welcome to redistribute it under certain conditions.
Type 'license()' or 'licence()' for distribution details.

  Natural language support but running in an English locale

R is a collaborative project with many contributors.
Type 'contributors()' for more information and
'citation()' on how to cite R or R packages in publications.

Type 'demo()' for some demos, 'help()' for on-line help, or
'help.start()' for an HTML browser interface to help.
Type 'q()' to quit R.

> # batch_feature_extraction.R
> # ─────────────────────────────────────────────────────────────────────────────
> # Can be used two ways:
> #
> # 1. From the terminal (background, logs to file):
> #      R CMD BATCH --no-save --no-restore batch_feature_extraction.R batch.log &
> #      tail -f batch.log
> #
> # 2. From the R console interactively:
> #      source("~/eeg/batch_feature_extraction.R")
> #      run_batch_parallel(all_filepaths)
> #
> # Safe to interrupt at any time — completed CSVs are already on disk.
> # Resume by re-running with skip_done = TRUE (default).
> # ─────────────────────────────────────────────────────────────────────────────
> 
> library(parallel)
> library(dplyr)

Attaching package: ‘dplyr’

The following objects are masked from ‘package:stats’:

    filter, lag

The following objects are masked from ‘package:base’:

    intersect, setdiff, setequal, union

> 
> # ── Worker function ───────────────────────────────────────────────────────────
> # Self-contained: sources its own dependencies so it works inside FORK workers
> 
> .run_one_participant <- function(pid, all_filepaths, out_dir, k) {
+   
+   source("~/eeg/feature_engineering/complete_feature_function.R")
+   
+   out_file <- file.path(out_dir, paste0(pid, "_features.csv"))
+   t0       <- proc.time()
+   
+   result <- tryCatch({
+     row <- extract_all_features(
+       filepaths      = all_filepaths[[pid]],
+       participant_id = pid,
+       k              = k
+     )
+     write.csv(row, out_file, row.names = FALSE)
+     list(ok          = TRUE,
+          elapsed_min = round((proc.time() - t0)["elapsed"] / 60, 1),
+          error       = "")
+   }, error = function(e) {
+     list(ok          = FALSE,
+          elapsed_min = round((proc.time() - t0)["elapsed"] / 60, 1),
+          error       = e$message)
+   })
+   
+   result$pid <- pid
+   result
+ }
> 
> # ── Progress bar ──────────────────────────────────────────────────────────────
> .print_progress <- function(completed, n_todo, n_done, n_failed,
+                             batch_start, elapsed_per_batch, n_cores) {
+   
+   pct       <- completed / n_todo
+   bar_width <- 30
+   filled    <- round(pct * bar_width)
+   bar       <- paste0(strrep("=", max(0, filled - 1)),
+                       if (filled > 0 && filled < bar_width) ">" else "",
+                       strrep(" ", bar_width - filled))
+   
+   elapsed_min  <- (proc.time() - batch_start)["elapsed"] / 60
+   batches_left <- ceiling((n_todo - completed) / n_cores)
+   
+   if (length(elapsed_per_batch) > 0) {
+     avg_batch_min <- mean(elapsed_per_batch)
+     eta_min       <- batches_left * avg_batch_min
+     eta_clock     <- format(Sys.time() + eta_min * 60, "%H:%M")
+     eta_str       <- sprintf("ETA: %s (~%.0f min)", eta_clock, eta_min)
+   } else {
+     eta_str <- "ETA: calculating..."
+   }
+   
+   message(sprintf("\n[%s] %d/%d | done: %d  failed: %d | elapsed: %.1f min | %s\n",
+                   bar, completed, n_todo, n_done, n_failed, elapsed_min, eta_str))
+ }
> 
> # ── Main batch function ───────────────────────────────────────────────────────
> 
> run_batch_parallel <- function(all_filepaths,
+                                out_dir   = "~/eeg/features",
+                                k         = 70,
+                                skip_done = TRUE,
+                                n_cores   = 5) {
+   
+   out_dir <- path.expand(out_dir)
+   if (!dir.exists(out_dir)) dir.create(out_dir, recursive = TRUE)
+   
+   participant_ids <- names(all_filepaths)
+   n               <- length(participant_ids)
+   
+   # ── Skip already-done participants ─────────────────────────────────────────
+   if (skip_done) {
+     already_done <- file.exists(
+       file.path(out_dir, paste0(participant_ids, "_features.csv"))
+     )
+     if (any(already_done)) {
+       message(sprintf("Skipping %d already-completed participant(s): %s",
+                       sum(already_done),
+                       paste(participant_ids[already_done], collapse = ", ")))
+     }
+     todo_ids <- participant_ids[!already_done]
+   } else {
+     already_done <- rep(FALSE, n)
+     todo_ids     <- participant_ids
+   }
+   
+   n_todo <- length(todo_ids)
+   
+   if (n_todo == 0) {
+     message("Nothing to do — all participants already complete.")
+     return(invisible(NULL))
+   }
+   
+   message(sprintf("\n%d participant(s) to process across %d cores", n_todo, n_cores))
+   message(sprintf("Estimated total time: ~%.0f hrs (assuming ~115 min per participant)\n",
+                   ceiling(n_todo / n_cores) * 115 / 60))
+   
+   # ── Split into batches of n_cores ──────────────────────────────────────────
+   batches           <- split(todo_ids, ceiling(seq_along(todo_ids) / n_cores))
+   batch_start       <- proc.time()
+   all_results       <- list()
+   elapsed_per_batch <- numeric(0)
+   n_done            <- 0
+   n_failed          <- 0
+   completed         <- 0
+   
+   for (batch_num in seq_along(batches)) {
+     
+     batch      <- batches[[batch_num]]
+     n_in_batch <- length(batch)
+     
+     message(sprintf("── Batch %d/%d: processing %s",
+                     batch_num, length(batches),
+                     paste(batch, collapse = ", ")))
+     
+     batch_t0 <- proc.time()
+     
+     cl <- makeCluster(min(n_cores, n_in_batch), type = "FORK")
+     batch_results <- parLapply(cl, batch, function(pid) {
+       .run_one_participant(pid, all_filepaths, out_dir, k)
+     })
+     stopCluster(cl)
+     
+     for (res in batch_results) {
+       all_results[[res$pid]] <- res
+       if (res$ok) {
+         n_done <- n_done + 1
+         message(sprintf("  OK      %-15s  %.1f min", res$pid, res$elapsed_min))
+       } else {
+         n_failed <- n_failed + 1
+         message(sprintf("  FAILED  %-15s  %.1f min  -- %s",
+                         res$pid, res$elapsed_min, res$error))
+       }
+     }
+     
+     completed         <- completed + n_in_batch
+     elapsed_per_batch <- c(elapsed_per_batch,
+                            (proc.time() - batch_t0)["elapsed"] / 60)
+     
+     .print_progress(completed, n_todo, n_done, n_failed,
+                     batch_start, elapsed_per_batch, n_cores)
+   }
+   
+   # ── Final summary ──────────────────────────────────────────────────────────
+   total_min <- (proc.time() - batch_start)["elapsed"] / 60
+   message(sprintf("══ BATCH COMPLETE in %.1f min (%.1f hrs) ══\n",
+                   total_min, total_min / 60))
+   
+   summary_df <- data.frame(
+     participant_id = c(participant_ids[already_done],
+                        sapply(all_results, `[[`, "pid")),
+     status         = c(rep("skipped", sum(already_done)),
+                        ifelse(sapply(all_results, `[[`, "ok"), "done", "failed")),
+     elapsed_min    = c(rep(NA_real_, sum(already_done)),
+                        sapply(all_results, `[[`, "elapsed_min")),
+     error          = c(rep("", sum(already_done)),
+                        sapply(all_results, `[[`, "error")),
+     stringsAsFactors = FALSE
+   )
+   
+   message("Per-participant summary:")
+   print(summary_df)
+   
+   failed <- summary_df[summary_df$status == "failed", ]
+   if (nrow(failed) > 0) {
+     message("\nFailed participants:")
+     print(failed[, c("participant_id", "error")])
+   }
+   
+   # ── Combine all CSVs into master file ──────────────────────────────────────
+   message("\nCombining participant CSVs into master file...")
+   
+   csv_files <- list.files(out_dir, pattern = "_features\\.csv$", full.names = TRUE)
+   csv_files <- csv_files[!grepl("ALL_PARTICIPANTS", csv_files)]
+   
+   if (length(csv_files) == 0) {
+     warning("No feature CSVs found — nothing to combine.")
+   } else {
+     combined    <- bind_rows(lapply(csv_files, read.csv, check.names = FALSE))
+     master_path <- file.path(out_dir, "ALL_PARTICIPANTS_features.csv")
+     write.csv(combined, master_path, row.names = FALSE)
+     message(sprintf("Master file saved: %s", master_path))
+     message(sprintf("  %d participants x %d feature columns",
+                     nrow(combined), ncol(combined) - 1))
+   }
+   
+   message("\nDone.")
+   invisible(summary_df)
+ }
> 
> 
> # ── Execution ─────────────────────────────────────────────────────────────────
> # This block runs automatically under R CMD BATCH.
> # When sourcing interactively, skip this block and call run_batch_parallel()
> # manually after sourcing your other scripts.
> 
> if (!interactive()) {
+   source("~/eeg/feature_engineering/complete_feature_function.R")
+   source("~/eeg/raw_data/filepaths_data_for_each_participant.R")
+   
+   run_batch_parallel(
+     all_filepaths = all_filepaths,
+     out_dir       = "~/eeg/features",
+     k             = 70,
+     skip_done     = TRUE,
+     n_cores       = 5
+   )
+ }
Loading required package: nlme

Attaching package: ‘nlme’

The following object is masked from ‘package:dplyr’:

    collapse

This is mgcv 1.9-4. For overview type '?mgcv'.

Attaching package: ‘pracma’

The following object is masked from ‘package:mgcv’:

    magic

── Attaching core tidyverse packages ──────────────────────── tidyverse 2.0.0 ──
✔ forcats   1.0.1     ✔ readr     2.2.0
✔ ggplot2   4.0.2     ✔ stringr   1.6.0
✔ lubridate 1.9.5     ✔ tibble    3.3.1
✔ purrr     1.2.1     ✔ tidyr     1.3.2
── Conflicts ────────────────────────────────────────── tidyverse_conflicts() ──
✖ nlme::collapse() masks dplyr::collapse()
✖ purrr::cross()   masks pracma::cross()
✖ dplyr::filter()  masks stats::filter()
✖ dplyr::lag()     masks stats::lag()
ℹ Use the conflicted package (<http://conflicted.r-lib.org/>) to force all conflicts to become errors
Loaded filepaths for 49 participants, 5 bands each (245 files total)
Skipping 15 already-completed participant(s): CTEEG001O, CTEEG001Y, CTEEG002O, CTEEG006Y, CTEEG007O, CTEEG008O, CTEEG012Y, CTEEG013O, CTEEG013Y, CTEEG018O, CTEEG018Y, CTEEG019O, CTEEG029Y, CTEEG030Y, CTEEG031Y

34 participant(s) to process across 5 cores
Estimated total time: ~13 hrs (assuming ~115 min per participant)

── Batch 1/7: processing CTEEG002Y, CTEEG003O, CTEEG004O, CTEEG004Y, CTEEG005O
  OK      CTEEG002Y        207.3 min
  OK      CTEEG003O        214.0 min
  OK      CTEEG004O        211.2 min
  OK      CTEEG004Y        206.4 min
  OK      CTEEG005O        210.7 min

[===>                          ] 5/34 | done: 5  failed: 0 | elapsed: 214.0 min | ETA: 13:27 (~1284 min)

── Batch 2/7: processing CTEEG005Y, CTEEG006O, CTEEG008Y, CTEEG009O, CTEEG009Y
  OK      CTEEG005Y        210.3 min
  OK      CTEEG006O        212.1 min
  OK      CTEEG008Y        219.5 min
  OK      CTEEG009O        214.5 min
  OK      CTEEG009Y        204.8 min

[========>                     ] 10/34 | done: 10  failed: 0 | elapsed: 433.5 min | ETA: 13:47 (~1084 min)

── Batch 3/7: processing CTEEG010O, CTEEG010Y, CTEEG011O, CTEEG012O, CTEEG014O
  OK      CTEEG010O        223.8 min
  OK      CTEEG010Y        210.0 min
  OK      CTEEG011O        203.9 min
  OK      CTEEG012O        215.8 min
  OK      CTEEG014O        220.4 min

[============>                 ] 15/34 | done: 15  failed: 0 | elapsed: 657.3 min | ETA: 14:03 (~876 min)

── Batch 4/7: processing CTEEG014Y, CTEEG015O, CTEEG016O, CTEEG017O, CTEEG017Y
  OK      CTEEG014Y        218.7 min
  OK      CTEEG015O        227.9 min
  OK      CTEEG016O        214.0 min
  OK      CTEEG017O        226.9 min
  OK      CTEEG017Y        196.1 min

[=================>            ] 20/34 | done: 20  failed: 0 | elapsed: 885.3 min | ETA: 14:19 (~664 min)

── Batch 5/7: processing CTEEG020O, CTEEG021Y, CTEEG022Y, CTEEG024Y, CTEEG025Y
  OK      CTEEG020O        230.9 min
  OK      CTEEG021Y        211.5 min
  OK      CTEEG022Y        206.8 min
  OK      CTEEG024Y        212.0 min
  OK      CTEEG025Y        209.3 min

[=====================>        ] 25/34 | done: 25  failed: 0 | elapsed: 1116.1 min | ETA: 14:32 (~446 min)

── Batch 6/7: processing CTEEG027Y, CTEEG028Y, CTEEG032Y, CTEEG033Y, CTEEG034Y
  OK      CTEEG027Y        212.9 min
  OK      CTEEG028Y        211.9 min
  OK      CTEEG032Y        215.1 min
  OK      CTEEG033Y        218.0 min
  OK      CTEEG034Y        216.7 min

[=========================>    ] 30/34 | done: 30  failed: 0 | elapsed: 1334.1 min | ETA: 14:26 (~222 min)

── Batch 7/7: processing CTEEG035Y, CTEEG036Y, CTEEG037Y, CTEEG038Y
  OK      CTEEG035Y        208.1 min
  OK      CTEEG036Y        223.2 min
  OK      CTEEG037Y        219.8 min
  OK      CTEEG038Y        210.1 min

[=============================] 34/34 | done: 34  failed: 0 | elapsed: 1557.4 min | ETA: 14:27 (~0 min)

══ BATCH COMPLETE in 1557.4 min (26.0 hrs) ══

Per-participant summary:
   participant_id  status elapsed_min error
1       CTEEG001O skipped          NA      
2       CTEEG001Y skipped          NA      
3       CTEEG002O skipped          NA      
4       CTEEG006Y skipped          NA      
5       CTEEG007O skipped          NA      
6       CTEEG008O skipped          NA      
7       CTEEG012Y skipped          NA      
8       CTEEG013O skipped          NA      
9       CTEEG013Y skipped          NA      
10      CTEEG018O skipped          NA      
11      CTEEG018Y skipped          NA      
12      CTEEG019O skipped          NA      
13      CTEEG029Y skipped          NA      
14      CTEEG030Y skipped          NA      
15      CTEEG031Y skipped          NA      
16      CTEEG002Y    done       207.3      
17      CTEEG003O    done       214.0      
18      CTEEG004O    done       211.2      
19      CTEEG004Y    done       206.4      
20      CTEEG005O    done       210.7      
21      CTEEG005Y    done       210.3      
22      CTEEG006O    done       212.1      
23      CTEEG008Y    done       219.5      
24      CTEEG009O    done       214.5      
25      CTEEG009Y    done       204.8      
26      CTEEG010O    done       223.8      
27      CTEEG010Y    done       210.0      
28      CTEEG011O    done       203.9      
29      CTEEG012O    done       215.8      
30      CTEEG014O    done       220.4      
31      CTEEG014Y    done       218.7      
32      CTEEG015O    done       227.9      
33      CTEEG016O    done       214.0      
34      CTEEG017O    done       226.9      
35      CTEEG017Y    done       196.1      
36      CTEEG020O    done       230.9      
37      CTEEG021Y    done       211.5      
38      CTEEG022Y    done       206.8      
39      CTEEG024Y    done       212.0      
40      CTEEG025Y    done       209.3      
41      CTEEG027Y    done       212.9      
42      CTEEG028Y    done       211.9      
43      CTEEG032Y    done       215.1      
44      CTEEG033Y    done       218.0      
45      CTEEG034Y    done       216.7      
46      CTEEG035Y    done       208.1      
47      CTEEG036Y    done       223.2      
48      CTEEG037Y    done       219.8      
49      CTEEG038Y    done       210.1      

Combining participant CSVs into master file...
New names:
• `NA` -> `NA...2563`
• `NA` -> `NA...2564`
• `NA` -> `NA...2565`
• `NA` -> `NA...2566`
• `NA` -> `NA...2567`
• `NA` -> `NA...2568`
• `NA` -> `NA...2569`
• `NA` -> `NA...2570`
• `NA` -> `NA...2571`
• `NA` -> `NA...2572`
• `NA` -> `NA...2573`
• `NA` -> `NA...2574`
• `NA` -> `NA...2575`
• `NA` -> `NA...2576`
• `NA` -> `NA...2577`
• `NA` -> `NA...2578`
• `NA` -> `NA...2579`
• `NA` -> `NA...2580`
• `NA` -> `NA...2581`
• `NA` -> `NA...2583`
• `NA` -> `NA...2584`
• `NA` -> `NA...2585`
• `NA` -> `NA...2586`
• `NA` -> `NA...2587`
• `NA` -> `NA...2588`
• `NA` -> `NA...2589`
• `NA` -> `NA...2590`
• `NA` -> `NA...2591`
• `NA` -> `NA...2592`
• `NA` -> `NA...2593`
• `NA` -> `NA...2594`
• `NA` -> `NA...2595`
• `NA` -> `NA...2596`
• `NA` -> `NA...2597`
• `NA` -> `NA...2598`
• `NA` -> `NA...2599`
• `NA` -> `NA...2600`
• `NA` -> `NA...2601`
• `NA` -> `NA...2603`
• `NA` -> `NA...2604`
• `NA` -> `NA...2605`
• `NA` -> `NA...2606`
• `NA` -> `NA...2607`
• `NA` -> `NA...2608`
• `NA` -> `NA...2609`
• `NA` -> `NA...2610`
• `NA` -> `NA...2611`
• `NA` -> `NA...2612`
• `NA` -> `NA...2613`
• `NA` -> `NA...2614`
• `NA` -> `NA...2615`
• `NA` -> `NA...2616`
• `NA` -> `NA...2617`
• `NA` -> `NA...2618`
• `NA` -> `NA...2619`
• `NA` -> `NA...2620`
• `NA` -> `NA...2621`
• `NA` -> `NA...2623`
• `NA` -> `NA...2624`
• `NA` -> `NA...2625`
• `NA` -> `NA...2626`
• `NA` -> `NA...2627`
• `NA` -> `NA...2628`
• `NA` -> `NA...2629`
• `NA` -> `NA...2630`
• `NA` -> `NA...2631`
• `NA` -> `NA...2632`
• `NA` -> `NA...2633`
• `NA` -> `NA...2634`
• `NA` -> `NA...2635`
• `NA` -> `NA...2636`
• `NA` -> `NA...2637`
• `NA` -> `NA...2638`
• `NA` -> `NA...2639`
• `NA` -> `NA...2640`
• `NA` -> `NA...2641`
• `NA` -> `NA...2643`
• `NA` -> `NA...2644`
• `NA` -> `NA...2645`
• `NA` -> `NA...2646`
• `NA` -> `NA...2647`
• `NA` -> `NA...2648`
• `NA` -> `NA...2649`
• `NA` -> `NA...2650`
• `NA` -> `NA...2651`
• `NA` -> `NA...2652`
• `NA` -> `NA...2653`
• `NA` -> `NA...2654`
• `NA` -> `NA...2655`
• `NA` -> `NA...2656`
• `NA` -> `NA...2657`
• `NA` -> `NA...2658`
• `NA` -> `NA...2659`
• `NA` -> `NA...2660`
• `NA` -> `NA...2661`
• `NA` -> `NA...2663`
• `NA` -> `NA...2664`
• `NA` -> `NA...2665`
• `NA` -> `NA...2666`
• `NA` -> `NA...2667`
• `NA` -> `NA...2668`
• `NA` -> `NA...2669`
• `NA` -> `NA...2670`
• `NA` -> `NA...2671`
• `NA` -> `NA...2672`
• `NA` -> `NA...2673`
• `NA` -> `NA...2674`
• `NA` -> `NA...2675`
• `NA` -> `NA...2676`
• `NA` -> `NA...2677`
• `NA` -> `NA...2678`
• `NA` -> `NA...2679`
• `NA` -> `NA...2680`
• `NA` -> `NA...2681`
• `NA` -> `NA...2683`
• `NA` -> `NA...2684`
• `NA` -> `NA...2685`
• `NA` -> `NA...2686`
• `NA` -> `NA...2687`
• `NA` -> `NA...2688`
• `NA` -> `NA...2689`
• `NA` -> `NA...2690`
• `NA` -> `NA...2691`
• `NA` -> `NA...2692`
• `NA` -> `NA...2693`
• `NA` -> `NA...2694`
• `NA` -> `NA...2695`
• `NA` -> `NA...2696`
• `NA` -> `NA...2697`
• `NA` -> `NA...2698`
• `NA` -> `NA...2699`
• `NA` -> `NA...2700`
• `NA` -> `NA...2701`
• `NA` -> `NA...2703`
• `NA` -> `NA...2704`
• `NA` -> `NA...2705`
• `NA` -> `NA...2706`
• `NA` -> `NA...2707`
• `NA` -> `NA...2708`
• `NA` -> `NA...2709`
• `NA` -> `NA...2710`
• `NA` -> `NA...2711`
• `NA` -> `NA...2712`
• `NA` -> `NA...2713`
• `NA` -> `NA...2714`
• `NA` -> `NA...2715`
• `NA` -> `NA...2716`
• `NA` -> `NA...2717`
• `NA` -> `NA...2718`
• `NA` -> `NA...2719`
• `NA` -> `NA...2720`
• `NA` -> `NA...2721`
• `NA` -> `NA...2723`
• `NA` -> `NA...2724`
• `NA` -> `NA...2725`
• `NA` -> `NA...2726`
• `NA` -> `NA...2727`
• `NA` -> `NA...2728`
• `NA` -> `NA...2729`
• `NA` -> `NA...2730`
• `NA` -> `NA...2731`
• `NA` -> `NA...2732`
• `NA` -> `NA...2733`
• `NA` -> `NA...2734`
• `NA` -> `NA...2735`
• `NA` -> `NA...2736`
• `NA` -> `NA...2737`
• `NA` -> `NA...2738`
• `NA` -> `NA...2739`
• `NA` -> `NA...2740`
• `NA` -> `NA...2741`
• `NA` -> `NA...2743`
• `NA` -> `NA...2744`
• `NA` -> `NA...2745`
• `NA` -> `NA...2746`
• `NA` -> `NA...2747`
• `NA` -> `NA...2748`
• `NA` -> `NA...2749`
• `NA` -> `NA...2750`
• `NA` -> `NA...2751`
• `NA` -> `NA...2752`
• `NA` -> `NA...2753`
• `NA` -> `NA...2754`
• `NA` -> `NA...2755`
• `NA` -> `NA...2756`
• `NA` -> `NA...2757`
• `NA` -> `NA...2758`
• `NA` -> `NA...2759`
• `NA` -> `NA...2760`
• `NA` -> `NA...2761`
• `NA` -> `NA...2763`
• `NA` -> `NA...2764`
• `NA` -> `NA...2765`
• `NA` -> `NA...2766`
• `NA` -> `NA...2767`
• `NA` -> `NA...2768`
• `NA` -> `NA...2769`
• `NA` -> `NA...2770`
• `NA` -> `NA...2771`
• `NA` -> `NA...2772`
• `NA` -> `NA...2773`
• `NA` -> `NA...2774`
• `NA` -> `NA...2775`
• `NA` -> `NA...2776`
• `NA` -> `NA...2777`
• `NA` -> `NA...2778`
• `NA` -> `NA...2779`
• `NA` -> `NA...2780`
• `NA` -> `NA...2781`
• `NA` -> `NA...2783`
• `NA` -> `NA...2784`
• `NA` -> `NA...2785`
• `NA` -> `NA...2786`
• `NA` -> `NA...2787`
• `NA` -> `NA...2788`
• `NA` -> `NA...2789`
• `NA` -> `NA...2790`
• `NA` -> `NA...2791`
• `NA` -> `NA...2792`
• `NA` -> `NA...2793`
• `NA` -> `NA...2794`
• `NA` -> `NA...2795`
• `NA` -> `NA...2796`
• `NA` -> `NA...2797`
• `NA` -> `NA...2798`
• `NA` -> `NA...2799`
• `NA` -> `NA...2800`
• `NA` -> `NA...2801`
• `NA` -> `NA...2803`
• `NA` -> `NA...2804`
• `NA` -> `NA...2805`
• `NA` -> `NA...2806`
• `NA` -> `NA...2807`
• `NA` -> `NA...2808`
• `NA` -> `NA...2809`
• `NA` -> `NA...2810`
• `NA` -> `NA...2811`
• `NA` -> `NA...2812`
• `NA` -> `NA...2813`
• `NA` -> `NA...2814`
• `NA` -> `NA...2815`
• `NA` -> `NA...2816`
• `NA` -> `NA...2817`
• `NA` -> `NA...2818`
• `NA` -> `NA...2819`
• `NA` -> `NA...2820`
• `NA` -> `NA...2821`
• `NA` -> `NA...2823`
• `NA` -> `NA...2824`
• `NA` -> `NA...2825`
• `NA` -> `NA...2826`
• `NA` -> `NA...2827`
• `NA` -> `NA...2828`
• `NA` -> `NA...2829`
• `NA` -> `NA...2830`
• `NA` -> `NA...2831`
• `NA` -> `NA...2832`
• `NA` -> `NA...2833`
• `NA` -> `NA...2834`
• `NA` -> `NA...2835`
• `NA` -> `NA...2836`
• `NA` -> `NA...2837`
• `NA` -> `NA...2838`
• `NA` -> `NA...2839`
• `NA` -> `NA...2840`
• `NA` -> `NA...2841`
• `NA` -> `NA...2843`
• `NA` -> `NA...2844`
• `NA` -> `NA...2845`
• `NA` -> `NA...2846`
• `NA` -> `NA...2847`
• `NA` -> `NA...2848`
• `NA` -> `NA...2849`
• `NA` -> `NA...2850`
• `NA` -> `NA...2851`
• `NA` -> `NA...2852`
• `NA` -> `NA...2853`
• `NA` -> `NA...2854`
• `NA` -> `NA...2855`
• `NA` -> `NA...2856`
• `NA` -> `NA...2857`
• `NA` -> `NA...2858`
• `NA` -> `NA...2859`
• `NA` -> `NA...2860`
• `NA` -> `NA...2861`
• `NA` -> `NA...2863`
• `NA` -> `NA...2864`
• `NA` -> `NA...2865`
• `NA` -> `NA...2866`
• `NA` -> `NA...2867`
• `NA` -> `NA...2868`
• `NA` -> `NA...2869`
• `NA` -> `NA...2870`
• `NA` -> `NA...2871`
• `NA` -> `NA...2872`
• `NA` -> `NA...2873`
• `NA` -> `NA...2874`
• `NA` -> `NA...2875`
• `NA` -> `NA...2876`
• `NA` -> `NA...2877`
• `NA` -> `NA...2878`
• `NA` -> `NA...2879`
• `NA` -> `NA...2880`
• `NA` -> `NA...2881`
• `NA` -> `NA...2883`
• `NA` -> `NA...2884`
• `NA` -> `NA...2885`
• `NA` -> `NA...2886`
• `NA` -> `NA...2887`
• `NA` -> `NA...2888`
• `NA` -> `NA...2889`
• `NA` -> `NA...2890`
• `NA` -> `NA...2891`
• `NA` -> `NA...2892`
• `NA` -> `NA...2893`
• `NA` -> `NA...2894`
• `NA` -> `NA...2895`
• `NA` -> `NA...2896`
• `NA` -> `NA...2897`
• `NA` -> `NA...2898`
• `NA` -> `NA...2899`
• `NA` -> `NA...2900`
• `NA` -> `NA...2901`
• `NA` -> `NA...2903`
• `NA` -> `NA...2904`
• `NA` -> `NA...2905`
• `NA` -> `NA...2906`
• `NA` -> `NA...2907`
• `NA` -> `NA...2908`
• `NA` -> `NA...2909`
• `NA` -> `NA...2910`
• `NA` -> `NA...2911`
• `NA` -> `NA...2912`
• `NA` -> `NA...2913`
• `NA` -> `NA...2914`
• `NA` -> `NA...2915`
• `NA` -> `NA...2916`
• `NA` -> `NA...2917`
• `NA` -> `NA...2918`
• `NA` -> `NA...2919`
• `NA` -> `NA...2920`
• `NA` -> `NA...2921`
• `NA` -> `NA...2923`
• `NA` -> `NA...2924`
• `NA` -> `NA...2925`
• `NA` -> `NA...2926`
• `NA` -> `NA...2927`
• `NA` -> `NA...2928`
• `NA` -> `NA...2929`
• `NA` -> `NA...2930`
• `NA` -> `NA...2931`
• `NA` -> `NA...2932`
• `NA` -> `NA...2933`
• `NA` -> `NA...2934`
• `NA` -> `NA...2935`
• `NA` -> `NA...2936`
• `NA` -> `NA...2937`
• `NA` -> `NA...2938`
• `NA` -> `NA...2939`
• `NA` -> `NA...2940`
• `NA` -> `NA...2941`
• `NA` -> `NA...2943`
• `NA` -> `NA...2944`
• `NA` -> `NA...2945`
• `NA` -> `NA...2946`
• `NA` -> `NA...2947`
• `NA` -> `NA...2948`
• `NA` -> `NA...2949`
• `NA` -> `NA...2950`
• `NA` -> `NA...2951`
• `NA` -> `NA...2952`
• `NA` -> `NA...2953`
• `NA` -> `NA...2954`
• `NA` -> `NA...2955`
• `NA` -> `NA...2956`
• `NA` -> `NA...2957`
• `NA` -> `NA...2958`
• `NA` -> `NA...2959`
• `NA` -> `NA...2960`
• `NA` -> `NA...2961`
• `NA` -> `NA...2963`
• `NA` -> `NA...2964`
• `NA` -> `NA...2965`
• `NA` -> `NA...2966`
• `NA` -> `NA...2967`
• `NA` -> `NA...2968`
• `NA` -> `NA...2969`
• `NA` -> `NA...2970`
• `NA` -> `NA...2971`
• `NA` -> `NA...2972`
• `NA` -> `NA...2973`
• `NA` -> `NA...2974`
• `NA` -> `NA...2975`
• `NA` -> `NA...2976`
• `NA` -> `NA...2977`
• `NA` -> `NA...2978`
• `NA` -> `NA...2979`
• `NA` -> `NA...2980`
• `NA` -> `NA...2981`
• `NA` -> `NA...2983`
• `NA` -> `NA...2984`
• `NA` -> `NA...2985`
• `NA` -> `NA...2986`
• `NA` -> `NA...2987`
• `NA` -> `NA...2988`
• `NA` -> `NA...2989`
• `NA` -> `NA...2990`
• `NA` -> `NA...2991`
• `NA` -> `NA...2992`
• `NA` -> `NA...2993`
• `NA` -> `NA...2994`
• `NA` -> `NA...2995`
• `NA` -> `NA...2996`
• `NA` -> `NA...2997`
• `NA` -> `NA...2998`
• `NA` -> `NA...2999`
• `NA` -> `NA...3000`
• `NA` -> `NA...3001`
• `NA` -> `NA...3003`
• `NA` -> `NA...3004`
• `NA` -> `NA...3005`
• `NA` -> `NA...3006`
• `NA` -> `NA...3007`
• `NA` -> `NA...3008`
• `NA` -> `NA...3009`
• `NA` -> `NA...3010`
• `NA` -> `NA...3011`
• `NA` -> `NA...3012`
• `NA` -> `NA...3013`
• `NA` -> `NA...3014`
• `NA` -> `NA...3015`
• `NA` -> `NA...3016`
• `NA` -> `NA...3017`
• `NA` -> `NA...3018`
• `NA` -> `NA...3019`
• `NA` -> `NA...3020`
• `NA` -> `NA...3021`
• `NA` -> `NA...3023`
• `NA` -> `NA...3024`
• `NA` -> `NA...3025`
• `NA` -> `NA...3026`
• `NA` -> `NA...3027`
• `NA` -> `NA...3028`
• `NA` -> `NA...3029`
• `NA` -> `NA...3030`
• `NA` -> `NA...3031`
• `NA` -> `NA...3032`
• `NA` -> `NA...3033`
• `NA` -> `NA...3034`
• `NA` -> `NA...3035`
• `NA` -> `NA...3036`
• `NA` -> `NA...3037`
• `NA` -> `NA...3038`
• `NA` -> `NA...3039`
• `NA` -> `NA...3040`
• `NA` -> `NA...3041`
• `NA` -> `NA...3043`
• `NA` -> `NA...3044`
• `NA` -> `NA...3045`
• `NA` -> `NA...3046`
• `NA` -> `NA...3047`
• `NA` -> `NA...3048`
• `NA` -> `NA...3049`
• `NA` -> `NA...3050`
• `NA` -> `NA...3051`
• `NA` -> `NA...3052`
• `NA` -> `NA...3053`
• `NA` -> `NA...3054`
• `NA` -> `NA...3055`
• `NA` -> `NA...3056`
• `NA` -> `NA...3057`
• `NA` -> `NA...3058`
• `NA` -> `NA...3059`
• `NA` -> `NA...3060`
• `NA` -> `NA...3061`
• `NA` -> `NA...3063`
• `NA` -> `NA...3064`
• `NA` -> `NA...3065`
• `NA` -> `NA...3066`
• `NA` -> `NA...3067`
• `NA` -> `NA...3068`
• `NA` -> `NA...3069`
• `NA` -> `NA...3070`
• `NA` -> `NA...3071`
• `NA` -> `NA...3072`
• `NA` -> `NA...3073`
• `NA` -> `NA...3074`
• `NA` -> `NA...3075`
• `NA` -> `NA...3076`
• `NA` -> `NA...3077`
• `NA` -> `NA...3078`
• `NA` -> `NA...3079`
• `NA` -> `NA...3080`
• `NA` -> `NA...3081`
• `NA` -> `NA...3083`
• `NA` -> `NA...3084`
• `NA` -> `NA...3085`
• `NA` -> `NA...3086`
• `NA` -> `NA...3087`
• `NA` -> `NA...3088`
• `NA` -> `NA...3089`
• `NA` -> `NA...3090`
• `NA` -> `NA...3091`
• `NA` -> `NA...3092`
• `NA` -> `NA...3093`
• `NA` -> `NA...3094`
• `NA` -> `NA...3095`
• `NA` -> `NA...3096`
• `NA` -> `NA...3097`
• `NA` -> `NA...3098`
• `NA` -> `NA...3099`
• `NA` -> `NA...3100`
• `NA` -> `NA...3101`
• `NA` -> `NA...3103`
• `NA` -> `NA...3104`
• `NA` -> `NA...3105`
• `NA` -> `NA...3106`
• `NA` -> `NA...3107`
• `NA` -> `NA...3108`
• `NA` -> `NA...3109`
• `NA` -> `NA...3110`
• `NA` -> `NA...3111`
• `NA` -> `NA...3112`
• `NA` -> `NA...3113`
• `NA` -> `NA...3114`
• `NA` -> `NA...3115`
• `NA` -> `NA...3116`
• `NA` -> `NA...3117`
• `NA` -> `NA...3118`
• `NA` -> `NA...3119`
• `NA` -> `NA...3120`
• `NA` -> `NA...3121`
• `NA` -> `NA...3123`
• `NA` -> `NA...3124`
• `NA` -> `NA...3125`
• `NA` -> `NA...3126`
• `NA` -> `NA...3127`
• `NA` -> `NA...3128`
• `NA` -> `NA...3129`
• `NA` -> `NA...3130`
• `NA` -> `NA...3131`
• `NA` -> `NA...3132`
• `NA` -> `NA...3133`
• `NA` -> `NA...3134`
• `NA` -> `NA...3135`
• `NA` -> `NA...3136`
• `NA` -> `NA...3137`
• `NA` -> `NA...3138`
• `NA` -> `NA...3139`
• `NA` -> `NA...3140`
• `NA` -> `NA...3141`
• `NA` -> `NA...3143`
• `NA` -> `NA...3144`
• `NA` -> `NA...3145`
• `NA` -> `NA...3146`
• `NA` -> `NA...3147`
• `NA` -> `NA...3148`
• `NA` -> `NA...3149`
• `NA` -> `NA...3150`
• `NA` -> `NA...3151`
• `NA` -> `NA...3152`
• `NA` -> `NA...3153`
• `NA` -> `NA...3154`
• `NA` -> `NA...3155`
• `NA` -> `NA...3156`
• `NA` -> `NA...3157`
• `NA` -> `NA...3158`
• `NA` -> `NA...3159`
• `NA` -> `NA...3160`
• `NA` -> `NA...3161`
• `NA` -> `NA...3163`
• `NA` -> `NA...3164`
• `NA` -> `NA...3165`
• `NA` -> `NA...3166`
• `NA` -> `NA...3167`
• `NA` -> `NA...3168`
• `NA` -> `NA...3169`
• `NA` -> `NA...3170`
• `NA` -> `NA...3171`
• `NA` -> `NA...3172`
• `NA` -> `NA...3173`
• `NA` -> `NA...3174`
• `NA` -> `NA...3175`
• `NA` -> `NA...3176`
• `NA` -> `NA...3177`
• `NA` -> `NA...3178`
• `NA` -> `NA...3179`
• `NA` -> `NA...3180`
• `NA` -> `NA...3181`
• `NA` -> `NA...3183`
• `NA` -> `NA...3184`
• `NA` -> `NA...3185`
• `NA` -> `NA...3186`
• `NA` -> `NA...3187`
• `NA` -> `NA...3188`
• `NA` -> `NA...3189`
• `NA` -> `NA...3190`
• `NA` -> `NA...3191`
• `NA` -> `NA...3192`
• `NA` -> `NA...3193`
• `NA` -> `NA...3194`
• `NA` -> `NA...3195`
• `NA` -> `NA...3196`
• `NA` -> `NA...3197`
• `NA` -> `NA...3198`
• `NA` -> `NA...3199`
• `NA` -> `NA...3200`
• `NA` -> `NA...3201`
• `NA` -> `NA...3203`
• `NA` -> `NA...3204`
• `NA` -> `NA...3205`
• `NA` -> `NA...3206`
• `NA` -> `NA...3207`
• `NA` -> `NA...3208`
• `NA` -> `NA...3209`
• `NA` -> `NA...3210`
• `NA` -> `NA...3211`
• `NA` -> `NA...3212`
• `NA` -> `NA...3213`
• `NA` -> `NA...3214`
• `NA` -> `NA...3215`
• `NA` -> `NA...3216`
• `NA` -> `NA...3217`
• `NA` -> `NA...3218`
• `NA` -> `NA...3219`
• `NA` -> `NA...3220`
• `NA` -> `NA...3221`
• `NA` -> `NA...3223`
• `NA` -> `NA...3224`
• `NA` -> `NA...3225`
• `NA` -> `NA...3226`
• `NA` -> `NA...3227`
• `NA` -> `NA...3228`
• `NA` -> `NA...3229`
• `NA` -> `NA...3230`
• `NA` -> `NA...3231`
• `NA` -> `NA...3232`
• `NA` -> `NA...3233`
• `NA` -> `NA...3234`
• `NA` -> `NA...3235`
• `NA` -> `NA...3236`
• `NA` -> `NA...3237`
• `NA` -> `NA...3238`
• `NA` -> `NA...3239`
• `NA` -> `NA...3240`
• `NA` -> `NA...3241`
• `NA` -> `NA...3243`
• `NA` -> `NA...3244`
• `NA` -> `NA...3245`
• `NA` -> `NA...3246`
• `NA` -> `NA...3247`
• `NA` -> `NA...3248`
• `NA` -> `NA...3249`
• `NA` -> `NA...3250`
• `NA` -> `NA...3251`
• `NA` -> `NA...3252`
• `NA` -> `NA...3253`
• `NA` -> `NA...3254`
• `NA` -> `NA...3255`
• `NA` -> `NA...3256`
• `NA` -> `NA...3257`
• `NA` -> `NA...3258`
• `NA` -> `NA...3259`
• `NA` -> `NA...3260`
• `NA` -> `NA...3261`
• `NA` -> `NA...3263`
• `NA` -> `NA...3264`
• `NA` -> `NA...3265`
• `NA` -> `NA...3266`
• `NA` -> `NA...3267`
• `NA` -> `NA...3268`
• `NA` -> `NA...3269`
• `NA` -> `NA...3270`
• `NA` -> `NA...3271`
• `NA` -> `NA...3272`
• `NA` -> `NA...3273`
• `NA` -> `NA...3274`
• `NA` -> `NA...3275`
• `NA` -> `NA...3276`
• `NA` -> `NA...3277`
• `NA` -> `NA...3278`
• `NA` -> `NA...3279`
• `NA` -> `NA...3280`
• `NA` -> `NA...3281`
• `NA` -> `NA...3283`
• `NA` -> `NA...3284`
• `NA` -> `NA...3285`
• `NA` -> `NA...3286`
• `NA` -> `NA...3287`
• `NA` -> `NA...3288`
• `NA` -> `NA...3289`
• `NA` -> `NA...3290`
• `NA` -> `NA...3291`
• `NA` -> `NA...3292`
• `NA` -> `NA...3293`
• `NA` -> `NA...3294`
• `NA` -> `NA...3295`
• `NA` -> `NA...3296`
• `NA` -> `NA...3297`
• `NA` -> `NA...3298`
• `NA` -> `NA...3299`
• `NA` -> `NA...3300`
• `NA` -> `NA...3301`
• `NA` -> `NA...3303`
• `NA` -> `NA...3304`
• `NA` -> `NA...3305`
• `NA` -> `NA...3306`
• `NA` -> `NA...3307`
• `NA` -> `NA...3308`
• `NA` -> `NA...3309`
• `NA` -> `NA...3310`
• `NA` -> `NA...3311`
• `NA` -> `NA...3312`
• `NA` -> `NA...3313`
• `NA` -> `NA...3314`
• `NA` -> `NA...3315`
• `NA` -> `NA...3316`
• `NA` -> `NA...3317`
• `NA` -> `NA...3318`
• `NA` -> `NA...3319`
• `NA` -> `NA...3320`
• `NA` -> `NA...3321`
• `NA` -> `NA...3323`
• `NA` -> `NA...3324`
• `NA` -> `NA...3325`
• `NA` -> `NA...3326`
• `NA` -> `NA...3327`
• `NA` -> `NA...3328`
• `NA` -> `NA...3329`
• `NA` -> `NA...3330`
• `NA` -> `NA...3331`
• `NA` -> `NA...3332`
• `NA` -> `NA...3333`
• `NA` -> `NA...3334`
• `NA` -> `NA...3335`
• `NA` -> `NA...3336`
• `NA` -> `NA...3337`
• `NA` -> `NA...3338`
• `NA` -> `NA...3339`
• `NA` -> `NA...3340`
• `NA` -> `NA...3341`
• `NA` -> `NA...3343`
• `NA` -> `NA...3344`
• `NA` -> `NA...3345`
• `NA` -> `NA...3346`
• `NA` -> `NA...3347`
• `NA` -> `NA...3348`
• `NA` -> `NA...3349`
• `NA` -> `NA...3350`
• `NA` -> `NA...3351`
• `NA` -> `NA...3352`
• `NA` -> `NA...3353`
• `NA` -> `NA...3354`
• `NA` -> `NA...3355`
• `NA` -> `NA...3356`
• `NA` -> `NA...3357`
• `NA` -> `NA...3358`
• `NA` -> `NA...3359`
• `NA` -> `NA...3360`
• `NA` -> `NA...3361`
• `NA` -> `NA...3363`
• `NA` -> `NA...3364`
• `NA` -> `NA...3365`
• `NA` -> `NA...3366`
• `NA` -> `NA...3367`
• `NA` -> `NA...3368`
• `NA` -> `NA...3369`
• `NA` -> `NA...3370`
• `NA` -> `NA...3371`
• `NA` -> `NA...3372`
• `NA` -> `NA...3373`
• `NA` -> `NA...3374`
• `NA` -> `NA...3375`
• `NA` -> `NA...3376`
• `NA` -> `NA...3377`
• `NA` -> `NA...3378`
• `NA` -> `NA...3379`
• `NA` -> `NA...3380`
• `NA` -> `NA...3381`
• `NA` -> `NA...3383`
• `NA` -> `NA...3384`
• `NA` -> `NA...3385`
• `NA` -> `NA...3386`
• `NA` -> `NA...3387`
• `NA` -> `NA...3388`
• `NA` -> `NA...3389`
• `NA` -> `NA...3390`
• `NA` -> `NA...3391`
• `NA` -> `NA...3392`
• `NA` -> `NA...3393`
• `NA` -> `NA...3394`
• `NA` -> `NA...3395`
• `NA` -> `NA...3396`
• `NA` -> `NA...3397`
• `NA` -> `NA...3398`
• `NA` -> `NA...3399`
• `NA` -> `NA...3400`
• `NA` -> `NA...3401`
• `NA` -> `NA...3403`
• `NA` -> `NA...3404`
• `NA` -> `NA...3405`
• `NA` -> `NA...3406`
• `NA` -> `NA...3407`
• `NA` -> `NA...3408`
• `NA` -> `NA...3409`
• `NA` -> `NA...3410`
• `NA` -> `NA...3411`
• `NA` -> `NA...3412`
• `NA` -> `NA...3413`
• `NA` -> `NA...3414`
• `NA` -> `NA...3415`
• `NA` -> `NA...3416`
• `NA` -> `NA...3417`
• `NA` -> `NA...3418`
• `NA` -> `NA...3419`
• `NA` -> `NA...3420`
• `NA` -> `NA...3421`
• `NA` -> `NA...3423`
• `NA` -> `NA...3424`
• `NA` -> `NA...3425`
• `NA` -> `NA...3426`
• `NA` -> `NA...3427`
• `NA` -> `NA...3428`
• `NA` -> `NA...3429`
• `NA` -> `NA...3430`
• `NA` -> `NA...3431`
• `NA` -> `NA...3432`
• `NA` -> `NA...3433`
• `NA` -> `NA...3434`
• `NA` -> `NA...3435`
• `NA` -> `NA...3436`
• `NA` -> `NA...3437`
• `NA` -> `NA...3438`
• `NA` -> `NA...3439`
• `NA` -> `NA...3440`
• `NA` -> `NA...3441`
• `NA` -> `NA...3443`
• `NA` -> `NA...3444`
• `NA` -> `NA...3445`
• `NA` -> `NA...3446`
• `NA` -> `NA...3447`
• `NA` -> `NA...3448`
• `NA` -> `NA...3449`
• `NA` -> `NA...3450`
• `NA` -> `NA...3451`
• `NA` -> `NA...3452`
• `NA` -> `NA...3453`
• `NA` -> `NA...3454`
• `NA` -> `NA...3455`
• `NA` -> `NA...3456`
• `NA` -> `NA...3457`
• `NA` -> `NA...3458`
• `NA` -> `NA...3459`
• `NA` -> `NA...3460`
• `NA` -> `NA...3461`
• `NA` -> `NA...3463`
• `NA` -> `NA...3464`
• `NA` -> `NA...3465`
• `NA` -> `NA...3466`
• `NA` -> `NA...3467`
• `NA` -> `NA...3468`
• `NA` -> `NA...3469`
• `NA` -> `NA...3470`
• `NA` -> `NA...3471`
• `NA` -> `NA...3472`
• `NA` -> `NA...3473`
• `NA` -> `NA...3474`
• `NA` -> `NA...3475`
• `NA` -> `NA...3476`
• `NA` -> `NA...3477`
• `NA` -> `NA...3478`
• `NA` -> `NA...3479`
• `NA` -> `NA...3480`
• `NA` -> `NA...3481`
• `NA` -> `NA...3483`
• `NA` -> `NA...3484`
• `NA` -> `NA...3485`
• `NA` -> `NA...3486`
• `NA` -> `NA...3487`
• `NA` -> `NA...3488`
• `NA` -> `NA...3489`
• `NA` -> `NA...3490`
• `NA` -> `NA...3491`
• `NA` -> `NA...3492`
• `NA` -> `NA...3493`
• `NA` -> `NA...3494`
• `NA` -> `NA...3495`
• `NA` -> `NA...3496`
• `NA` -> `NA...3497`
• `NA` -> `NA...3498`
• `NA` -> `NA...3499`
• `NA` -> `NA...3500`
• `NA` -> `NA...3501`
• `NA` -> `NA...3503`
• `NA` -> `NA...3504`
• `NA` -> `NA...3505`
• `NA` -> `NA...3506`
• `NA` -> `NA...3507`
• `NA` -> `NA...3508`
• `NA` -> `NA...3509`
• `NA` -> `NA...3510`
• `NA` -> `NA...3511`
• `NA` -> `NA...3512`
• `NA` -> `NA...3513`
• `NA` -> `NA...3514`
• `NA` -> `NA...3515`
• `NA` -> `NA...3516`
• `NA` -> `NA...3517`
• `NA` -> `NA...3518`
• `NA` -> `NA...3519`
• `NA` -> `NA...3520`
• `NA` -> `NA...3521`
• `NA` -> `NA...3523`
• `NA` -> `NA...3524`
• `NA` -> `NA...3525`
• `NA` -> `NA...3526`
• `NA` -> `NA...3527`
• `NA` -> `NA...3528`
• `NA` -> `NA...3529`
• `NA` -> `NA...3530`
• `NA` -> `NA...3531`
• `NA` -> `NA...3532`
• `NA` -> `NA...3533`
• `NA` -> `NA...3534`
• `NA` -> `NA...3535`
• `NA` -> `NA...3536`
• `NA` -> `NA...3537`
• `NA` -> `NA...3538`
• `NA` -> `NA...3539`
• `NA` -> `NA...3540`
• `NA` -> `NA...3541`
• `NA` -> `NA...3543`
• `NA` -> `NA...3544`
• `NA` -> `NA...3545`
• `NA` -> `NA...3546`
• `NA` -> `NA...3547`
• `NA` -> `NA...3548`
• `NA` -> `NA...3549`
• `NA` -> `NA...3550`
• `NA` -> `NA...3551`
• `NA` -> `NA...3552`
• `NA` -> `NA...3553`
• `NA` -> `NA...3554`
• `NA` -> `NA...3555`
• `NA` -> `NA...3556`
• `NA` -> `NA...3557`
• `NA` -> `NA...3558`
• `NA` -> `NA...3559`
• `NA` -> `NA...3560`
• `NA` -> `NA...3561`
• `NA` -> `NA...3563`
• `NA` -> `NA...3564`
• `NA` -> `NA...3565`
• `NA` -> `NA...3566`
• `NA` -> `NA...3567`
• `NA` -> `NA...3568`
• `NA` -> `NA...3569`
• `NA` -> `NA...3570`
• `NA` -> `NA...3571`
• `NA` -> `NA...3572`
• `NA` -> `NA...3573`
• `NA` -> `NA...3574`
• `NA` -> `NA...3575`
• `NA` -> `NA...3576`
• `NA` -> `NA...3577`
• `NA` -> `NA...3578`
• `NA` -> `NA...3579`
• `NA` -> `NA...3580`
• `NA` -> `NA...3581`
• `NA` -> `NA...3583`
• `NA` -> `NA...3584`
• `NA` -> `NA...3585`
• `NA` -> `NA...3586`
• `NA` -> `NA...3587`
• `NA` -> `NA...3588`
• `NA` -> `NA...3589`
• `NA` -> `NA...3590`
• `NA` -> `NA...3591`
• `NA` -> `NA...3592`
• `NA` -> `NA...3593`
• `NA` -> `NA...3594`
• `NA` -> `NA...3595`
• `NA` -> `NA...3596`
• `NA` -> `NA...3597`
• `NA` -> `NA...3598`
• `NA` -> `NA...3599`
• `NA` -> `NA...3600`
• `NA` -> `NA...3601`
• `NA` -> `NA...3603`
• `NA` -> `NA...3604`
• `NA` -> `NA...3605`
• `NA` -> `NA...3606`
• `NA` -> `NA...3607`
• `NA` -> `NA...3608`
• `NA` -> `NA...3609`
• `NA` -> `NA...3610`
• `NA` -> `NA...3611`
• `NA` -> `NA...3612`
• `NA` -> `NA...3613`
• `NA` -> `NA...3614`
• `NA` -> `NA...3615`
• `NA` -> `NA...3616`
• `NA` -> `NA...3617`
• `NA` -> `NA...3618`
• `NA` -> `NA...3619`
• `NA` -> `NA...3620`
• `NA` -> `NA...3621`
• `NA` -> `NA...3623`
• `NA` -> `NA...3624`
• `NA` -> `NA...3625`
• `NA` -> `NA...3626`
• `NA` -> `NA...3627`
• `NA` -> `NA...3628`
• `NA` -> `NA...3629`
• `NA` -> `NA...3630`
• `NA` -> `NA...3631`
• `NA` -> `NA...3632`
• `NA` -> `NA...3633`
• `NA` -> `NA...3634`
• `NA` -> `NA...3635`
• `NA` -> `NA...3636`
• `NA` -> `NA...3637`
• `NA` -> `NA...3638`
• `NA` -> `NA...3639`
• `NA` -> `NA...3640`
• `NA` -> `NA...3641`
• `NA` -> `NA...3643`
• `NA` -> `NA...3644`
• `NA` -> `NA...3645`
• `NA` -> `NA...3646`
• `NA` -> `NA...3647`
• `NA` -> `NA...3648`
• `NA` -> `NA...3649`
• `NA` -> `NA...3650`
• `NA` -> `NA...3651`
• `NA` -> `NA...3652`
• `NA` -> `NA...3653`
• `NA` -> `NA...3654`
• `NA` -> `NA...3655`
• `NA` -> `NA...3656`
• `NA` -> `NA...3657`
• `NA` -> `NA...3658`
• `NA` -> `NA...3659`
• `NA` -> `NA...3660`
• `NA` -> `NA...3661`
• `NA` -> `NA...3663`
• `NA` -> `NA...3664`
• `NA` -> `NA...3665`
• `NA` -> `NA...3666`
• `NA` -> `NA...3667`
• `NA` -> `NA...3668`
• `NA` -> `NA...3669`
• `NA` -> `NA...3670`
• `NA` -> `NA...3671`
• `NA` -> `NA...3672`
• `NA` -> `NA...3673`
• `NA` -> `NA...3674`
• `NA` -> `NA...3675`
• `NA` -> `NA...3676`
• `NA` -> `NA...3677`
• `NA` -> `NA...3678`
• `NA` -> `NA...3679`
• `NA` -> `NA...3680`
• `NA` -> `NA...3681`
• `NA` -> `NA...3683`
• `NA` -> `NA...3684`
• `NA` -> `NA...3685`
• `NA` -> `NA...3686`
• `NA` -> `NA...3687`
• `NA` -> `NA...3688`
• `NA` -> `NA...3689`
• `NA` -> `NA...3690`
• `NA` -> `NA...3691`
• `NA` -> `NA...3692`
• `NA` -> `NA...3693`
• `NA` -> `NA...3694`
• `NA` -> `NA...3695`
• `NA` -> `NA...3696`
• `NA` -> `NA...3697`
• `NA` -> `NA...3698`
• `NA` -> `NA...3699`
• `NA` -> `NA...3700`
• `NA` -> `NA...3701`
• `NA` -> `NA...3703`
• `NA` -> `NA...3704`
• `NA` -> `NA...3705`
• `NA` -> `NA...3706`
• `NA` -> `NA...3707`
• `NA` -> `NA...3708`
• `NA` -> `NA...3709`
• `NA` -> `NA...3710`
• `NA` -> `NA...3711`
• `NA` -> `NA...3712`
• `NA` -> `NA...3713`
• `NA` -> `NA...3714`
• `NA` -> `NA...3715`
• `NA` -> `NA...3716`
• `NA` -> `NA...3717`
• `NA` -> `NA...3718`
• `NA` -> `NA...3719`
• `NA` -> `NA...3720`
• `NA` -> `NA...3721`
• `NA` -> `NA...3723`
• `NA` -> `NA...3724`
• `NA` -> `NA...3725`
• `NA` -> `NA...3726`
• `NA` -> `NA...3727`
• `NA` -> `NA...3728`
• `NA` -> `NA...3729`
• `NA` -> `NA...3730`
• `NA` -> `NA...3731`
• `NA` -> `NA...3732`
• `NA` -> `NA...3733`
• `NA` -> `NA...3734`
• `NA` -> `NA...3735`
• `NA` -> `NA...3736`
• `NA` -> `NA...3737`
• `NA` -> `NA...3738`
• `NA` -> `NA...3739`
• `NA` -> `NA...3740`
• `NA` -> `NA...3741`
• `NA` -> `NA...3743`
• `NA` -> `NA...3744`
• `NA` -> `NA...3745`
• `NA` -> `NA...3746`
• `NA` -> `NA...3747`
• `NA` -> `NA...3748`
• `NA` -> `NA...3749`
• `NA` -> `NA...3750`
• `NA` -> `NA...3751`
• `NA` -> `NA...3752`
• `NA` -> `NA...3753`
• `NA` -> `NA...3754`
• `NA` -> `NA...3755`
• `NA` -> `NA...3756`
• `NA` -> `NA...3757`
• `NA` -> `NA...3758`
• `NA` -> `NA...3759`
• `NA` -> `NA...3760`
• `NA` -> `NA...3761`
• `NA` -> `NA...3763`
• `NA` -> `NA...3764`
• `NA` -> `NA...3765`
• `NA` -> `NA...3766`
• `NA` -> `NA...3767`
• `NA` -> `NA...3768`
• `NA` -> `NA...3769`
• `NA` -> `NA...3770`
• `NA` -> `NA...3771`
• `NA` -> `NA...3772`
• `NA` -> `NA...3773`
• `NA` -> `NA...3774`
• `NA` -> `NA...3775`
• `NA` -> `NA...3776`
• `NA` -> `NA...3777`
• `NA` -> `NA...3778`
• `NA` -> `NA...3779`
• `NA` -> `NA...3780`
• `NA` -> `NA...3781`
• `NA` -> `NA...3783`
• `NA` -> `NA...3784`
• `NA` -> `NA...3785`
• `NA` -> `NA...3786`
• `NA` -> `NA...3787`
• `NA` -> `NA...3788`
• `NA` -> `NA...3789`
• `NA` -> `NA...3790`
• `NA` -> `NA...3791`
• `NA` -> `NA...3792`
• `NA` -> `NA...3793`
• `NA` -> `NA...3794`
• `NA` -> `NA...3795`
• `NA` -> `NA...3796`
• `NA` -> `NA...3797`
• `NA` -> `NA...3798`
• `NA` -> `NA...3799`
• `NA` -> `NA...3800`
• `NA` -> `NA...3801`
• `NA` -> `NA...3803`
• `NA` -> `NA...3804`
• `NA` -> `NA...3805`
• `NA` -> `NA...3806`
• `NA` -> `NA...3807`
• `NA` -> `NA...3808`
• `NA` -> `NA...3809`
• `NA` -> `NA...3810`
• `NA` -> `NA...3811`
• `NA` -> `NA...3812`
• `NA` -> `NA...3813`
• `NA` -> `NA...3814`
• `NA` -> `NA...3815`
• `NA` -> `NA...3816`
• `NA` -> `NA...3817`
• `NA` -> `NA...3818`
• `NA` -> `NA...3819`
• `NA` -> `NA...3820`
• `NA` -> `NA...3821`
• `NA` -> `NA...3823`
• `NA` -> `NA...3824`
• `NA` -> `NA...3825`
• `NA` -> `NA...3826`
• `NA` -> `NA...3827`
• `NA` -> `NA...3828`
• `NA` -> `NA...3829`
• `NA` -> `NA...3830`
• `NA` -> `NA...3831`
• `NA` -> `NA...3832`
• `NA` -> `NA...3833`
• `NA` -> `NA...3834`
• `NA` -> `NA...3835`
• `NA` -> `NA...3836`
• `NA` -> `NA...3837`
• `NA` -> `NA...3838`
• `NA` -> `NA...3839`
• `NA` -> `NA...3840`
• `NA` -> `NA...3841`
• `NA` -> `NA...3843`
• `NA` -> `NA...3844`
• `NA` -> `NA...3845`
• `NA` -> `NA...3846`
• `NA` -> `NA...3847`
• `NA` -> `NA...3848`
• `NA` -> `NA...3849`
• `NA` -> `NA...3850`
• `NA` -> `NA...3851`
• `NA` -> `NA...3852`
• `NA` -> `NA...3853`
• `NA` -> `NA...3854`
• `NA` -> `NA...3855`
• `NA` -> `NA...3856`
• `NA` -> `NA...3857`
• `NA` -> `NA...3858`
• `NA` -> `NA...3859`
• `NA` -> `NA...3860`
• `NA` -> `NA...3861`
• `NA` -> `NA...3863`
• `NA` -> `NA...3864`
• `NA` -> `NA...3865`
• `NA` -> `NA...3866`
• `NA` -> `NA...3867`
• `NA` -> `NA...3868`
• `NA` -> `NA...3869`
• `NA` -> `NA...3870`
• `NA` -> `NA...3871`
• `NA` -> `NA...3872`
• `NA` -> `NA...3873`
• `NA` -> `NA...3874`
• `NA` -> `NA...3875`
• `NA` -> `NA...3876`
• `NA` -> `NA...3877`
• `NA` -> `NA...3878`
• `NA` -> `NA...3879`
• `NA` -> `NA...3880`
• `NA` -> `NA...3881`
• `NA` -> `NA...3883`
• `NA` -> `NA...3884`
• `NA` -> `NA...3885`
• `NA` -> `NA...3886`
• `NA` -> `NA...3887`
• `NA` -> `NA...3888`
• `NA` -> `NA...3889`
• `NA` -> `NA...3890`
• `NA` -> `NA...3891`
• `NA` -> `NA...3892`
• `NA` -> `NA...3893`
• `NA` -> `NA...3894`
• `NA` -> `NA...3895`
• `NA` -> `NA...3896`
• `NA` -> `NA...3897`
• `NA` -> `NA...3898`
• `NA` -> `NA...3899`
• `NA` -> `NA...3900`
• `NA` -> `NA...3901`
• `NA` -> `NA...3903`
• `NA` -> `NA...3904`
• `NA` -> `NA...3905`
• `NA` -> `NA...3906`
• `NA` -> `NA...3907`
• `NA` -> `NA...3908`
• `NA` -> `NA...3909`
• `NA` -> `NA...3910`
• `NA` -> `NA...3911`
• `NA` -> `NA...3912`
• `NA` -> `NA...3913`
• `NA` -> `NA...3914`
• `NA` -> `NA...3915`
• `NA` -> `NA...3916`
• `NA` -> `NA...3917`
• `NA` -> `NA...3918`
• `NA` -> `NA...3919`
• `NA` -> `NA...3920`
• `NA` -> `NA...3921`
• `NA` -> `NA...3923`
• `NA` -> `NA...3924`
• `NA` -> `NA...3925`
• `NA` -> `NA...3926`
• `NA` -> `NA...3927`
• `NA` -> `NA...3928`
• `NA` -> `NA...3929`
• `NA` -> `NA...3930`
• `NA` -> `NA...3931`
• `NA` -> `NA...3932`
• `NA` -> `NA...3933`
• `NA` -> `NA...3934`
• `NA` -> `NA...3935`
• `NA` -> `NA...3936`
• `NA` -> `NA...3937`
• `NA` -> `NA...3938`
• `NA` -> `NA...3939`
• `NA` -> `NA...3940`
• `NA` -> `NA...3941`
• `NA` -> `NA...3943`
• `NA` -> `NA...3944`
• `NA` -> `NA...3945`
• `NA` -> `NA...3946`
• `NA` -> `NA...3947`
• `NA` -> `NA...3948`
• `NA` -> `NA...3949`
• `NA` -> `NA...3950`
• `NA` -> `NA...3951`
• `NA` -> `NA...3952`
• `NA` -> `NA...3953`
• `NA` -> `NA...3954`
• `NA` -> `NA...3955`
• `NA` -> `NA...3956`
• `NA` -> `NA...3957`
• `NA` -> `NA...3958`
• `NA` -> `NA...3959`
• `NA` -> `NA...3960`
• `NA` -> `NA...3961`
• `NA` -> `NA...3963`
• `NA` -> `NA...3964`
• `NA` -> `NA...3965`
• `NA` -> `NA...3966`
• `NA` -> `NA...3967`
• `NA` -> `NA...3968`
• `NA` -> `NA...3969`
• `NA` -> `NA...3970`
• `NA` -> `NA...3971`
• `NA` -> `NA...3972`
• `NA` -> `NA...3973`
• `NA` -> `NA...3974`
• `NA` -> `NA...3975`
• `NA` -> `NA...3976`
• `NA` -> `NA...3977`
• `NA` -> `NA...3978`
• `NA` -> `NA...3979`
• `NA` -> `NA...3980`
• `NA` -> `NA...3981`
• `NA` -> `NA...3983`
• `NA` -> `NA...3984`
• `NA` -> `NA...3985`
• `NA` -> `NA...3986`
• `NA` -> `NA...3987`
• `NA` -> `NA...3988`
• `NA` -> `NA...3989`
• `NA` -> `NA...3990`
• `NA` -> `NA...3991`
• `NA` -> `NA...3992`
• `NA` -> `NA...3993`
• `NA` -> `NA...3994`
• `NA` -> `NA...3995`
• `NA` -> `NA...3996`
• `NA` -> `NA...3997`
• `NA` -> `NA...3998`
• `NA` -> `NA...3999`
• `NA` -> `NA...4000`
• `NA` -> `NA...4001`
• `NA` -> `NA...4003`
• `NA` -> `NA...4004`
• `NA` -> `NA...4005`
• `NA` -> `NA...4006`
• `NA` -> `NA...4007`
• `NA` -> `NA...4008`
• `NA` -> `NA...4009`
• `NA` -> `NA...4010`
• `NA` -> `NA...4011`
• `NA` -> `NA...4012`
• `NA` -> `NA...4013`
• `NA` -> `NA...4014`
• `NA` -> `NA...4015`
• `NA` -> `NA...4016`
• `NA` -> `NA...4017`
• `NA` -> `NA...4018`
• `NA` -> `NA...4019`
• `NA` -> `NA...4020`
• `NA` -> `NA...4021`
• `NA` -> `NA...4023`
• `NA` -> `NA...4024`
• `NA` -> `NA...4025`
• `NA` -> `NA...4026`
• `NA` -> `NA...4027`
• `NA` -> `NA...4028`
• `NA` -> `NA...4029`
• `NA` -> `NA...4030`
• `NA` -> `NA...4031`
• `NA` -> `NA...4032`
• `NA` -> `NA...4033`
• `NA` -> `NA...4034`
• `NA` -> `NA...4035`
• `NA` -> `NA...4036`
• `NA` -> `NA...4037`
• `NA` -> `NA...4038`
• `NA` -> `NA...4039`
• `NA` -> `NA...4040`
• `NA` -> `NA...4041`
• `NA` -> `NA...4043`
• `NA` -> `NA...4044`
• `NA` -> `NA...4045`
• `NA` -> `NA...4046`
• `NA` -> `NA...4047`
• `NA` -> `NA...4048`
• `NA` -> `NA...4049`
• `NA` -> `NA...4050`
• `NA` -> `NA...4051`
• `NA` -> `NA...4052`
• `NA` -> `NA...4053`
• `NA` -> `NA...4054`
• `NA` -> `NA...4055`
• `NA` -> `NA...4056`
• `NA` -> `NA...4057`
• `NA` -> `NA...4058`
• `NA` -> `NA...4059`
• `NA` -> `NA...4060`
• `NA` -> `NA...4061`
• `NA` -> `NA...4063`
• `NA` -> `NA...4064`
• `NA` -> `NA...4065`
• `NA` -> `NA...4066`
• `NA` -> `NA...4067`
• `NA` -> `NA...4068`
• `NA` -> `NA...4069`
• `NA` -> `NA...4070`
• `NA` -> `NA...4071`
• `NA` -> `NA...4072`
• `NA` -> `NA...4073`
• `NA` -> `NA...4074`
• `NA` -> `NA...4075`
• `NA` -> `NA...4076`
• `NA` -> `NA...4077`
• `NA` -> `NA...4078`
• `NA` -> `NA...4079`
• `NA` -> `NA...4080`
• `NA` -> `NA...4081`
• `NA` -> `NA...4083`
• `NA` -> `NA...4084`
• `NA` -> `NA...4085`
• `NA` -> `NA...4086`
• `NA` -> `NA...4087`
• `NA` -> `NA...4088`
• `NA` -> `NA...4089`
• `NA` -> `NA...4090`
• `NA` -> `NA...4091`
• `NA` -> `NA...4092`
• `NA` -> `NA...4093`
• `NA` -> `NA...4094`
• `NA` -> `NA...4095`
• `NA` -> `NA...4096`
• `NA` -> `NA...4097`
• `NA` -> `NA...4098`
• `NA` -> `NA...4099`
• `NA` -> `NA...4100`
• `NA` -> `NA...4101`
• `NA` -> `NA...4103`
• `NA` -> `NA...4104`
• `NA` -> `NA...4105`
• `NA` -> `NA...4106`
• `NA` -> `NA...4107`
• `NA` -> `NA...4108`
• `NA` -> `NA...4109`
• `NA` -> `NA...4110`
• `NA` -> `NA...4111`
• `NA` -> `NA...4112`
• `NA` -> `NA...4113`
• `NA` -> `NA...4114`
• `NA` -> `NA...4115`
• `NA` -> `NA...4116`
• `NA` -> `NA...4117`
• `NA` -> `NA...4118`
• `NA` -> `NA...4119`
• `NA` -> `NA...4120`
• `NA` -> `NA...4121`
• `NA` -> `NA...4123`
• `NA` -> `NA...4124`
• `NA` -> `NA...4125`
• `NA` -> `NA...4126`
• `NA` -> `NA...4127`
• `NA` -> `NA...4128`
• `NA` -> `NA...4129`
• `NA` -> `NA...4130`
• `NA` -> `NA...4131`
• `NA` -> `NA...4132`
• `NA` -> `NA...4133`
• `NA` -> `NA...4134`
• `NA` -> `NA...4135`
• `NA` -> `NA...4136`
• `NA` -> `NA...4137`
• `NA` -> `NA...4138`
• `NA` -> `NA...4139`
• `NA` -> `NA...4140`
• `NA` -> `NA...4141`
• `NA` -> `NA...4143`
• `NA` -> `NA...4144`
• `NA` -> `NA...4145`
• `NA` -> `NA...4146`
• `NA` -> `NA...4147`
• `NA` -> `NA...4148`
• `NA` -> `NA...4149`
• `NA` -> `NA...4150`
• `NA` -> `NA...4151`
• `NA` -> `NA...4152`
• `NA` -> `NA...4153`
• `NA` -> `NA...4154`
• `NA` -> `NA...4155`
• `NA` -> `NA...4156`
• `NA` -> `NA...4157`
• `NA` -> `NA...4158`
• `NA` -> `NA...4159`
• `NA` -> `NA...4160`
• `NA` -> `NA...4161`
• `NA` -> `NA...4163`
• `NA` -> `NA...4164`
• `NA` -> `NA...4165`
• `NA` -> `NA...4166`
• `NA` -> `NA...4167`
• `NA` -> `NA...4168`
• `NA` -> `NA...4169`
• `NA` -> `NA...4170`
• `NA` -> `NA...4171`
• `NA` -> `NA...4172`
• `NA` -> `NA...4173`
• `NA` -> `NA...4174`
• `NA` -> `NA...4175`
• `NA` -> `NA...4176`
• `NA` -> `NA...4177`
• `NA` -> `NA...4178`
• `NA` -> `NA...4179`
• `NA` -> `NA...4180`
• `NA` -> `NA...4181`
• `NA` -> `NA...4183`
• `NA` -> `NA...4184`
• `NA` -> `NA...4185`
• `NA` -> `NA...4186`
• `NA` -> `NA...4187`
• `NA` -> `NA...4188`
• `NA` -> `NA...4189`
• `NA` -> `NA...4190`
• `NA` -> `NA...4191`
• `NA` -> `NA...4192`
• `NA` -> `NA...4193`
• `NA` -> `NA...4194`
• `NA` -> `NA...4195`
• `NA` -> `NA...4196`
• `NA` -> `NA...4197`
• `NA` -> `NA...4198`
• `NA` -> `NA...4199`
• `NA` -> `NA...4200`
• `NA` -> `NA...4201`
• `NA` -> `NA...4203`
• `NA` -> `NA...4204`
• `NA` -> `NA...4205`
• `NA` -> `NA...4206`
• `NA` -> `NA...4207`
• `NA` -> `NA...4208`
• `NA` -> `NA...4209`
• `NA` -> `NA...4210`
• `NA` -> `NA...4211`
• `NA` -> `NA...4212`
• `NA` -> `NA...4213`
• `NA` -> `NA...4214`
• `NA` -> `NA...4215`
• `NA` -> `NA...4216`
• `NA` -> `NA...4217`
• `NA` -> `NA...4218`
• `NA` -> `NA...4219`
• `NA` -> `NA...4220`
• `NA` -> `NA...4221`
• `NA` -> `NA...4223`
• `NA` -> `NA...4224`
• `NA` -> `NA...4225`
• `NA` -> `NA...4226`
• `NA` -> `NA...4227`
• `NA` -> `NA...4228`
• `NA` -> `NA...4229`
• `NA` -> `NA...4230`
• `NA` -> `NA...4231`
• `NA` -> `NA...4232`
• `NA` -> `NA...4233`
• `NA` -> `NA...4234`
• `NA` -> `NA...4235`
• `NA` -> `NA...4236`
• `NA` -> `NA...4237`
• `NA` -> `NA...4238`
• `NA` -> `NA...4239`
• `NA` -> `NA...4240`
• `NA` -> `NA...4241`
• `NA` -> `NA...4243`
• `NA` -> `NA...4244`
• `NA` -> `NA...4245`
• `NA` -> `NA...4246`
• `NA` -> `NA...4247`
• `NA` -> `NA...4248`
• `NA` -> `NA...4249`
• `NA` -> `NA...4250`
• `NA` -> `NA...4251`
• `NA` -> `NA...4252`
• `NA` -> `NA...4253`
• `NA` -> `NA...4254`
• `NA` -> `NA...4255`
• `NA` -> `NA...4256`
• `NA` -> `NA...4257`
• `NA` -> `NA...4258`
• `NA` -> `NA...4259`
• `NA` -> `NA...4260`
• `NA` -> `NA...4261`
• `NA` -> `NA...4263`
• `NA` -> `NA...4264`
• `NA` -> `NA...4265`
• `NA` -> `NA...4266`
• `NA` -> `NA...4267`
• `NA` -> `NA...4268`
• `NA` -> `NA...4269`
• `NA` -> `NA...4270`
• `NA` -> `NA...4271`
• `NA` -> `NA...4272`
• `NA` -> `NA...4273`
• `NA` -> `NA...4274`
• `NA` -> `NA...4275`
• `NA` -> `NA...4276`
• `NA` -> `NA...4277`
• `NA` -> `NA...4278`
• `NA` -> `NA...4279`
• `NA` -> `NA...4280`
• `NA` -> `NA...4281`
• `NA` -> `NA...4283`
• `NA` -> `NA...4284`
• `NA` -> `NA...4285`
• `NA` -> `NA...4286`
• `NA` -> `NA...4287`
• `NA` -> `NA...4288`
• `NA` -> `NA...4289`
• `NA` -> `NA...4290`
• `NA` -> `NA...4291`
• `NA` -> `NA...4292`
• `NA` -> `NA...4293`
• `NA` -> `NA...4294`
• `NA` -> `NA...4295`
• `NA` -> `NA...4296`
• `NA` -> `NA...4297`
• `NA` -> `NA...4298`
• `NA` -> `NA...4299`
• `NA` -> `NA...4300`
• `NA` -> `NA...4301`
• `NA` -> `NA...4303`
• `NA` -> `NA...4304`
• `NA` -> `NA...4305`
• `NA` -> `NA...4306`
• `NA` -> `NA...4307`
• `NA` -> `NA...4308`
• `NA` -> `NA...4309`
• `NA` -> `NA...4310`
• `NA` -> `NA...4311`
• `NA` -> `NA...4312`
• `NA` -> `NA...4313`
• `NA` -> `NA...4314`
• `NA` -> `NA...4315`
• `NA` -> `NA...4316`
• `NA` -> `NA...4317`
• `NA` -> `NA...4318`
• `NA` -> `NA...4319`
• `NA` -> `NA...4320`
• `NA` -> `NA...4321`
• `NA` -> `NA...4323`
• `NA` -> `NA...4324`
• `NA` -> `NA...4325`
• `NA` -> `NA...4326`
• `NA` -> `NA...4327`
• `NA` -> `NA...4328`
• `NA` -> `NA...4329`
• `NA` -> `NA...4330`
• `NA` -> `NA...4331`
• `NA` -> `NA...4332`
• `NA` -> `NA...4333`
• `NA` -> `NA...4334`
• `NA` -> `NA...4335`
• `NA` -> `NA...4336`
• `NA` -> `NA...4337`
• `NA` -> `NA...4338`
• `NA` -> `NA...4339`
• `NA` -> `NA...4340`
• `NA` -> `NA...4341`
• `NA` -> `NA...4343`
• `NA` -> `NA...4344`
• `NA` -> `NA...4345`
• `NA` -> `NA...4346`
• `NA` -> `NA...4347`
• `NA` -> `NA...4348`
• `NA` -> `NA...4349`
• `NA` -> `NA...4350`
• `NA` -> `NA...4351`
• `NA` -> `NA...4352`
• `NA` -> `NA...4353`
• `NA` -> `NA...4354`
• `NA` -> `NA...4355`
• `NA` -> `NA...4356`
• `NA` -> `NA...4357`
• `NA` -> `NA...4358`
• `NA` -> `NA...4359`
• `NA` -> `NA...4360`
• `NA` -> `NA...4361`
• `NA` -> `NA...4363`
• `NA` -> `NA...4364`
• `NA` -> `NA...4365`
• `NA` -> `NA...4366`
• `NA` -> `NA...4367`
• `NA` -> `NA...4368`
• `NA` -> `NA...4369`
• `NA` -> `NA...4370`
• `NA` -> `NA...4371`
• `NA` -> `NA...4372`
• `NA` -> `NA...4373`
• `NA` -> `NA...4374`
• `NA` -> `NA...4375`
• `NA` -> `NA...4376`
• `NA` -> `NA...4377`
• `NA` -> `NA...4378`
• `NA` -> `NA...4379`
• `NA` -> `NA...4380`
• `NA` -> `NA...4381`
• `NA` -> `NA...4383`
• `NA` -> `NA...4384`
• `NA` -> `NA...4385`
• `NA` -> `NA...4386`
• `NA` -> `NA...4387`
• `NA` -> `NA...4388`
• `NA` -> `NA...4389`
• `NA` -> `NA...4390`
• `NA` -> `NA...4391`
• `NA` -> `NA...4392`
• `NA` -> `NA...4393`
• `NA` -> `NA...4394`
• `NA` -> `NA...4395`
• `NA` -> `NA...4396`
• `NA` -> `NA...4397`
• `NA` -> `NA...4398`
• `NA` -> `NA...4399`
• `NA` -> `NA...4400`
• `NA` -> `NA...4401`
• `NA` -> `NA...4403`
• `NA` -> `NA...4404`
• `NA` -> `NA...4405`
• `NA` -> `NA...4406`
• `NA` -> `NA...4407`
• `NA` -> `NA...4408`
• `NA` -> `NA...4409`
• `NA` -> `NA...4410`
• `NA` -> `NA...4411`
• `NA` -> `NA...4412`
• `NA` -> `NA...4413`
• `NA` -> `NA...4414`
• `NA` -> `NA...4415`
• `NA` -> `NA...4416`
• `NA` -> `NA...4417`
• `NA` -> `NA...4418`
• `NA` -> `NA...4419`
• `NA` -> `NA...4420`
• `NA` -> `NA...4421`
• `NA` -> `NA...4423`
• `NA` -> `NA...4424`
• `NA` -> `NA...4425`
• `NA` -> `NA...4426`
• `NA` -> `NA...4427`
• `NA` -> `NA...4428`
• `NA` -> `NA...4429`
• `NA` -> `NA...4430`
• `NA` -> `NA...4431`
• `NA` -> `NA...4432`
• `NA` -> `NA...4433`
• `NA` -> `NA...4434`
• `NA` -> `NA...4435`
• `NA` -> `NA...4436`
• `NA` -> `NA...4437`
• `NA` -> `NA...4438`
• `NA` -> `NA...4439`
• `NA` -> `NA...4440`
• `NA` -> `NA...4441`
• `NA` -> `NA...4443`
• `NA` -> `NA...4444`
• `NA` -> `NA...4445`
• `NA` -> `NA...4446`
• `NA` -> `NA...4447`
• `NA` -> `NA...4448`
• `NA` -> `NA...4449`
• `NA` -> `NA...4450`
• `NA` -> `NA...4451`
• `NA` -> `NA...4452`
• `NA` -> `NA...4453`
• `NA` -> `NA...4454`
• `NA` -> `NA...4455`
• `NA` -> `NA...4456`
• `NA` -> `NA...4457`
• `NA` -> `NA...4458`
• `NA` -> `NA...4459`
• `NA` -> `NA...4460`
• `NA` -> `NA...4461`
• `NA` -> `NA...4463`
• `NA` -> `NA...4464`
• `NA` -> `NA...4465`
• `NA` -> `NA...4466`
• `NA` -> `NA...4467`
• `NA` -> `NA...4468`
• `NA` -> `NA...4469`
• `NA` -> `NA...4470`
• `NA` -> `NA...4471`
• `NA` -> `NA...4472`
• `NA` -> `NA...4473`
• `NA` -> `NA...4474`
• `NA` -> `NA...4475`
• `NA` -> `NA...4476`
• `NA` -> `NA...4477`
• `NA` -> `NA...4478`
• `NA` -> `NA...4479`
• `NA` -> `NA...4480`
• `NA` -> `NA...4481`
• `NA` -> `NA...4483`
• `NA` -> `NA...4484`
• `NA` -> `NA...4485`
• `NA` -> `NA...4486`
• `NA` -> `NA...4487`
• `NA` -> `NA...4488`
• `NA` -> `NA...4489`
• `NA` -> `NA...4490`
• `NA` -> `NA...4491`
• `NA` -> `NA...4492`
• `NA` -> `NA...4493`
• `NA` -> `NA...4494`
• `NA` -> `NA...4495`
• `NA` -> `NA...4496`
• `NA` -> `NA...4497`
• `NA` -> `NA...4498`
• `NA` -> `NA...4499`
• `NA` -> `NA...4500`
• `NA` -> `NA...4501`
• `NA` -> `NA...4503`
• `NA` -> `NA...4504`
• `NA` -> `NA...4505`
• `NA` -> `NA...4506`
• `NA` -> `NA...4507`
• `NA` -> `NA...4508`
• `NA` -> `NA...4509`
• `NA` -> `NA...4510`
• `NA` -> `NA...4511`
• `NA` -> `NA...4512`
• `NA` -> `NA...4513`
• `NA` -> `NA...4514`
• `NA` -> `NA...4515`
• `NA` -> `NA...4516`
• `NA` -> `NA...4517`
• `NA` -> `NA...4518`
• `NA` -> `NA...4519`
• `NA` -> `NA...4520`
• `NA` -> `NA...4521`
• `NA` -> `NA...4523`
• `NA` -> `NA...4524`
• `NA` -> `NA...4525`
• `NA` -> `NA...4526`
• `NA` -> `NA...4527`
• `NA` -> `NA...4528`
• `NA` -> `NA...4529`
• `NA` -> `NA...4530`
• `NA` -> `NA...4531`
• `NA` -> `NA...4532`
• `NA` -> `NA...4533`
• `NA` -> `NA...4534`
• `NA` -> `NA...4535`
• `NA` -> `NA...4536`
• `NA` -> `NA...4537`
• `NA` -> `NA...4538`
• `NA` -> `NA...4539`
• `NA` -> `NA...4540`
• `NA` -> `NA...4541`
• `NA` -> `NA...4543`
• `NA` -> `NA...4544`
• `NA` -> `NA...4545`
• `NA` -> `NA...4546`
• `NA` -> `NA...4547`
• `NA` -> `NA...4548`
• `NA` -> `NA...4549`
• `NA` -> `NA...4550`
• `NA` -> `NA...4551`
• `NA` -> `NA...4552`
• `NA` -> `NA...4553`
• `NA` -> `NA...4554`
• `NA` -> `NA...4555`
• `NA` -> `NA...4556`
• `NA` -> `NA...4557`
• `NA` -> `NA...4558`
• `NA` -> `NA...4559`
• `NA` -> `NA...4560`
• `NA` -> `NA...4561`
• `NA` -> `NA...4563`
• `NA` -> `NA...4564`
• `NA` -> `NA...4565`
• `NA` -> `NA...4566`
• `NA` -> `NA...4567`
• `NA` -> `NA...4568`
• `NA` -> `NA...4569`
• `NA` -> `NA...4570`
• `NA` -> `NA...4571`
• `NA` -> `NA...4572`
• `NA` -> `NA...4573`
• `NA` -> `NA...4574`
• `NA` -> `NA...4575`
• `NA` -> `NA...4576`
• `NA` -> `NA...4577`
• `NA` -> `NA...4578`
• `NA` -> `NA...4579`
• `NA` -> `NA...4580`
• `NA` -> `NA...4581`
• `NA` -> `NA...4583`
• `NA` -> `NA...4584`
• `NA` -> `NA...4585`
• `NA` -> `NA...4586`
• `NA` -> `NA...4587`
• `NA` -> `NA...4588`
• `NA` -> `NA...4589`
• `NA` -> `NA...4590`
• `NA` -> `NA...4591`
• `NA` -> `NA...4592`
• `NA` -> `NA...4593`
• `NA` -> `NA...4594`
• `NA` -> `NA...4595`
• `NA` -> `NA...4596`
• `NA` -> `NA...4597`
• `NA` -> `NA...4598`
• `NA` -> `NA...4599`
• `NA` -> `NA...4600`
• `NA` -> `NA...4601`
• `NA` -> `NA...4603`
• `NA` -> `NA...4604`
• `NA` -> `NA...4605`
• `NA` -> `NA...4606`
• `NA` -> `NA...4607`
• `NA` -> `NA...4608`
• `NA` -> `NA...4609`
• `NA` -> `NA...4610`
• `NA` -> `NA...4611`
• `NA` -> `NA...4612`
• `NA` -> `NA...4613`
• `NA` -> `NA...4614`
• `NA` -> `NA...4615`
• `NA` -> `NA...4616`
• `NA` -> `NA...4617`
• `NA` -> `NA...4618`
• `NA` -> `NA...4619`
• `NA` -> `NA...4620`
• `NA` -> `NA...4621`
• `NA` -> `NA...4623`
• `NA` -> `NA...4624`
• `NA` -> `NA...4625`
• `NA` -> `NA...4626`
• `NA` -> `NA...4627`
• `NA` -> `NA...4628`
• `NA` -> `NA...4629`
• `NA` -> `NA...4630`
• `NA` -> `NA...4631`
• `NA` -> `NA...4632`
• `NA` -> `NA...4633`
• `NA` -> `NA...4634`
• `NA` -> `NA...4635`
• `NA` -> `NA...4636`
• `NA` -> `NA...4637`
• `NA` -> `NA...4638`
• `NA` -> `NA...4639`
• `NA` -> `NA...4640`
• `NA` -> `NA...4641`
• `NA` -> `NA...4643`
• `NA` -> `NA...4644`
• `NA` -> `NA...4645`
• `NA` -> `NA...4646`
• `NA` -> `NA...4647`
• `NA` -> `NA...4648`
• `NA` -> `NA...4649`
• `NA` -> `NA...4650`
• `NA` -> `NA...4651`
• `NA` -> `NA...4652`
• `NA` -> `NA...4653`
• `NA` -> `NA...4654`
• `NA` -> `NA...4655`
• `NA` -> `NA...4656`
• `NA` -> `NA...4657`
• `NA` -> `NA...4658`
• `NA` -> `NA...4659`
• `NA` -> `NA...4660`
• `NA` -> `NA...4661`
• `NA` -> `NA...4663`
• `NA` -> `NA...4664`
• `NA` -> `NA...4665`
• `NA` -> `NA...4666`
• `NA` -> `NA...4667`
• `NA` -> `NA...4668`
• `NA` -> `NA...4669`
• `NA` -> `NA...4670`
• `NA` -> `NA...4671`
• `NA` -> `NA...4672`
• `NA` -> `NA...4673`
• `NA` -> `NA...4674`
• `NA` -> `NA...4675`
• `NA` -> `NA...4676`
• `NA` -> `NA...4677`
• `NA` -> `NA...4678`
• `NA` -> `NA...4679`
• `NA` -> `NA...4680`
• `NA` -> `NA...4681`
• `NA` -> `NA...4683`
• `NA` -> `NA...4684`
• `NA` -> `NA...4685`
• `NA` -> `NA...4686`
• `NA` -> `NA...4687`
• `NA` -> `NA...4688`
• `NA` -> `NA...4689`
• `NA` -> `NA...4690`
• `NA` -> `NA...4691`
• `NA` -> `NA...4692`
• `NA` -> `NA...4693`
• `NA` -> `NA...4694`
• `NA` -> `NA...4695`
• `NA` -> `NA...4696`
• `NA` -> `NA...4697`
• `NA` -> `NA...4698`
• `NA` -> `NA...4699`
• `NA` -> `NA...4700`
• `NA` -> `NA...4701`
• `NA` -> `NA...4703`
• `NA` -> `NA...4704`
• `NA` -> `NA...4705`
• `NA` -> `NA...4706`
• `NA` -> `NA...4707`
• `NA` -> `NA...4708`
• `NA` -> `NA...4709`
• `NA` -> `NA...4710`
• `NA` -> `NA...4711`
• `NA` -> `NA...4712`
• `NA` -> `NA...4713`
• `NA` -> `NA...4714`
• `NA` -> `NA...4715`
• `NA` -> `NA...4716`
• `NA` -> `NA...4717`
• `NA` -> `NA...4718`
• `NA` -> `NA...4719`
• `NA` -> `NA...4720`
• `NA` -> `NA...4721`
• `NA` -> `NA...4723`
• `NA` -> `NA...4724`
• `NA` -> `NA...4725`
• `NA` -> `NA...4726`
• `NA` -> `NA...4727`
• `NA` -> `NA...4728`
• `NA` -> `NA...4729`
• `NA` -> `NA...4730`
• `NA` -> `NA...4731`
• `NA` -> `NA...4732`
• `NA` -> `NA...4733`
• `NA` -> `NA...4734`
• `NA` -> `NA...4735`
• `NA` -> `NA...4736`
• `NA` -> `NA...4737`
• `NA` -> `NA...4738`
• `NA` -> `NA...4739`
• `NA` -> `NA...4740`
• `NA` -> `NA...4741`
• `NA` -> `NA...4743`
• `NA` -> `NA...4744`
• `NA` -> `NA...4745`
• `NA` -> `NA...4746`
• `NA` -> `NA...4747`
• `NA` -> `NA...4748`
• `NA` -> `NA...4749`
• `NA` -> `NA...4750`
• `NA` -> `NA...4751`
• `NA` -> `NA...4752`
• `NA` -> `NA...4753`
• `NA` -> `NA...4754`
• `NA` -> `NA...4755`
• `NA` -> `NA...4756`
• `NA` -> `NA...4757`
• `NA` -> `NA...4758`
• `NA` -> `NA...4759`
• `NA` -> `NA...4760`
• `NA` -> `NA...4761`
• `NA` -> `NA...4763`
• `NA` -> `NA...4764`
• `NA` -> `NA...4765`
• `NA` -> `NA...4766`
• `NA` -> `NA...4767`
• `NA` -> `NA...4768`
• `NA` -> `NA...4769`
• `NA` -> `NA...4770`
• `NA` -> `NA...4771`
• `NA` -> `NA...4772`
• `NA` -> `NA...4773`
• `NA` -> `NA...4774`
• `NA` -> `NA...4775`
• `NA` -> `NA...4776`
• `NA` -> `NA...4777`
• `NA` -> `NA...4778`
• `NA` -> `NA...4779`
• `NA` -> `NA...4780`
• `NA` -> `NA...4781`
• `NA` -> `NA...4783`
• `NA` -> `NA...4784`
• `NA` -> `NA...4785`
• `NA` -> `NA...4786`
• `NA` -> `NA...4787`
• `NA` -> `NA...4788`
• `NA` -> `NA...4789`
• `NA` -> `NA...4790`
• `NA` -> `NA...4791`
• `NA` -> `NA...4792`
• `NA` -> `NA...4793`
• `NA` -> `NA...4794`
• `NA` -> `NA...4795`
• `NA` -> `NA...4796`
• `NA` -> `NA...4797`
• `NA` -> `NA...4798`
• `NA` -> `NA...4799`
• `NA` -> `NA...4800`
• `NA` -> `NA...4801`
• `NA` -> `NA...4803`
• `NA` -> `NA...4804`
• `NA` -> `NA...4805`
• `NA` -> `NA...4806`
• `NA` -> `NA...4807`
• `NA` -> `NA...4808`
• `NA` -> `NA...4809`
• `NA` -> `NA...4810`
• `NA` -> `NA...4811`
• `NA` -> `NA...4812`
• `NA` -> `NA...4813`
• `NA` -> `NA...4814`
• `NA` -> `NA...4815`
• `NA` -> `NA...4816`
• `NA` -> `NA...4817`
• `NA` -> `NA...4818`
• `NA` -> `NA...4819`
• `NA` -> `NA...4820`
• `NA` -> `NA...4821`
• `NA` -> `NA...4823`
• `NA` -> `NA...4824`
• `NA` -> `NA...4825`
• `NA` -> `NA...4826`
• `NA` -> `NA...4827`
• `NA` -> `NA...4828`
• `NA` -> `NA...4829`
• `NA` -> `NA...4830`
• `NA` -> `NA...4831`
• `NA` -> `NA...4832`
• `NA` -> `NA...4833`
• `NA` -> `NA...4834`
• `NA` -> `NA...4835`
• `NA` -> `NA...4836`
• `NA` -> `NA...4837`
• `NA` -> `NA...4838`
• `NA` -> `NA...4839`
• `NA` -> `NA...4840`
• `NA` -> `NA...4841`
• `NA` -> `NA...4843`
• `NA` -> `NA...4844`
• `NA` -> `NA...4845`
• `NA` -> `NA...4846`
• `NA` -> `NA...4847`
• `NA` -> `NA...4848`
• `NA` -> `NA...4849`
• `NA` -> `NA...4850`
• `NA` -> `NA...4851`
• `NA` -> `NA...4852`
• `NA` -> `NA...4853`
• `NA` -> `NA...4854`
• `NA` -> `NA...4855`
• `NA` -> `NA...4856`
• `NA` -> `NA...4857`
• `NA` -> `NA...4858`
• `NA` -> `NA...4859`
• `NA` -> `NA...4860`
• `NA` -> `NA...4861`
• `NA` -> `NA...4863`
• `NA` -> `NA...4864`
• `NA` -> `NA...4865`
• `NA` -> `NA...4866`
• `NA` -> `NA...4867`
• `NA` -> `NA...4868`
• `NA` -> `NA...4869`
• `NA` -> `NA...4870`
• `NA` -> `NA...4871`
• `NA` -> `NA...4872`
• `NA` -> `NA...4873`
• `NA` -> `NA...4874`
• `NA` -> `NA...4875`
• `NA` -> `NA...4876`
• `NA` -> `NA...4877`
• `NA` -> `NA...4878`
• `NA` -> `NA...4879`
• `NA` -> `NA...4880`
• `NA` -> `NA...4881`
• `NA` -> `NA...4883`
• `NA` -> `NA...4884`
• `NA` -> `NA...4885`
• `NA` -> `NA...4886`
• `NA` -> `NA...4887`
• `NA` -> `NA...4888`
• `NA` -> `NA...4889`
• `NA` -> `NA...4890`
• `NA` -> `NA...4891`
• `NA` -> `NA...4892`
• `NA` -> `NA...4893`
• `NA` -> `NA...4894`
• `NA` -> `NA...4895`
• `NA` -> `NA...4896`
• `NA` -> `NA...4897`
• `NA` -> `NA...4898`
• `NA` -> `NA...4899`
• `NA` -> `NA...4900`
• `NA` -> `NA...4901`
• `NA` -> `NA...4903`
• `NA` -> `NA...4904`
• `NA` -> `NA...4905`
• `NA` -> `NA...4906`
• `NA` -> `NA...4907`
• `NA` -> `NA...4908`
• `NA` -> `NA...4909`
• `NA` -> `NA...4910`
• `NA` -> `NA...4911`
• `NA` -> `NA...4912`
• `NA` -> `NA...4913`
• `NA` -> `NA...4914`
• `NA` -> `NA...4915`
• `NA` -> `NA...4916`
• `NA` -> `NA...4917`
• `NA` -> `NA...4918`
• `NA` -> `NA...4919`
• `NA` -> `NA...4920`
• `NA` -> `NA...4921`
• `NA` -> `NA...4923`
• `NA` -> `NA...4924`
• `NA` -> `NA...4925`
• `NA` -> `NA...4926`
• `NA` -> `NA...4927`
• `NA` -> `NA...4928`
• `NA` -> `NA...4929`
• `NA` -> `NA...4930`
• `NA` -> `NA...4931`
• `NA` -> `NA...4932`
• `NA` -> `NA...4933`
• `NA` -> `NA...4934`
• `NA` -> `NA...4935`
• `NA` -> `NA...4936`
• `NA` -> `NA...4937`
• `NA` -> `NA...4938`
• `NA` -> `NA...4939`
• `NA` -> `NA...4940`
• `NA` -> `NA...4941`
• `NA` -> `NA...4943`
• `NA` -> `NA...4944`
• `NA` -> `NA...4945`
• `NA` -> `NA...4946`
• `NA` -> `NA...4947`
• `NA` -> `NA...4948`
• `NA` -> `NA...4949`
• `NA` -> `NA...4950`
• `NA` -> `NA...4951`
• `NA` -> `NA...4952`
• `NA` -> `NA...4953`
• `NA` -> `NA...4954`
• `NA` -> `NA...4955`
• `NA` -> `NA...4956`
• `NA` -> `NA...4957`
• `NA` -> `NA...4958`
• `NA` -> `NA...4959`
• `NA` -> `NA...4960`
• `NA` -> `NA...4961`
• `NA` -> `NA...4963`
• `NA` -> `NA...4964`
• `NA` -> `NA...4965`
• `NA` -> `NA...4966`
• `NA` -> `NA...4967`
• `NA` -> `NA...4968`
• `NA` -> `NA...4969`
• `NA` -> `NA...4970`
• `NA` -> `NA...4971`
• `NA` -> `NA...4972`
• `NA` -> `NA...4973`
• `NA` -> `NA...4974`
• `NA` -> `NA...4975`
• `NA` -> `NA...4976`
• `NA` -> `NA...4977`
• `NA` -> `NA...4978`
• `NA` -> `NA...4979`
• `NA` -> `NA...4980`
• `NA` -> `NA...4981`
• `NA` -> `NA...4983`
• `NA` -> `NA...4984`
• `NA` -> `NA...4985`
• `NA` -> `NA...4986`
• `NA` -> `NA...4987`
• `NA` -> `NA...4988`
• `NA` -> `NA...4989`
• `NA` -> `NA...4990`
• `NA` -> `NA...4991`
• `NA` -> `NA...4992`
• `NA` -> `NA...4993`
• `NA` -> `NA...4994`
• `NA` -> `NA...4995`
• `NA` -> `NA...4996`
• `NA` -> `NA...4997`
• `NA` -> `NA...4998`
• `NA` -> `NA...4999`
• `NA` -> `NA...5000`
• `NA` -> `NA...5001`
• `NA` -> `NA...5003`
• `NA` -> `NA...5004`
• `NA` -> `NA...5005`
• `NA` -> `NA...5006`
• `NA` -> `NA...5007`
• `NA` -> `NA...5008`
• `NA` -> `NA...5009`
• `NA` -> `NA...5010`
• `NA` -> `NA...5011`
• `NA` -> `NA...5012`
• `NA` -> `NA...5013`
• `NA` -> `NA...5014`
• `NA` -> `NA...5015`
• `NA` -> `NA...5016`
• `NA` -> `NA...5017`
• `NA` -> `NA...5018`
• `NA` -> `NA...5019`
• `NA` -> `NA...5020`
• `NA` -> `NA...5021`
• `NA` -> `NA...5023`
• `NA` -> `NA...5024`
• `NA` -> `NA...5025`
• `NA` -> `NA...5026`
• `NA` -> `NA...5027`
• `NA` -> `NA...5028`
• `NA` -> `NA...5029`
• `NA` -> `NA...5030`
• `NA` -> `NA...5031`
• `NA` -> `NA...5032`
• `NA` -> `NA...5033`
• `NA` -> `NA...5034`
• `NA` -> `NA...5035`
• `NA` -> `NA...5036`
• `NA` -> `NA...5037`
• `NA` -> `NA...5038`
• `NA` -> `NA...5039`
• `NA` -> `NA...5040`
• `NA` -> `NA...5041`
• `NA` -> `NA...5043`
• `NA` -> `NA...5044`
• `NA` -> `NA...5045`
• `NA` -> `NA...5046`
• `NA` -> `NA...5047`
• `NA` -> `NA...5048`
• `NA` -> `NA...5049`
• `NA` -> `NA...5050`
• `NA` -> `NA...5051`
• `NA` -> `NA...5052`
• `NA` -> `NA...5053`
• `NA` -> `NA...5054`
• `NA` -> `NA...5055`
• `NA` -> `NA...5056`
• `NA` -> `NA...5057`
• `NA` -> `NA...5058`
• `NA` -> `NA...5059`
• `NA` -> `NA...5060`
• `NA` -> `NA...5061`
• `NA` -> `NA...5063`
• `NA` -> `NA...5064`
• `NA` -> `NA...5065`
• `NA` -> `NA...5066`
• `NA` -> `NA...5067`
• `NA` -> `NA...5068`
• `NA` -> `NA...5069`
• `NA` -> `NA...5070`
• `NA` -> `NA...5071`
• `NA` -> `NA...5072`
• `NA` -> `NA...5073`
• `NA` -> `NA...5074`
• `NA` -> `NA...5075`
• `NA` -> `NA...5076`
• `NA` -> `NA...5077`
• `NA` -> `NA...5078`
• `NA` -> `NA...5079`
• `NA` -> `NA...5080`
• `NA` -> `NA...5081`
• `NA` -> `NA...5083`
• `NA` -> `NA...5084`
• `NA` -> `NA...5085`
• `NA` -> `NA...5086`
• `NA` -> `NA...5087`
• `NA` -> `NA...5088`
• `NA` -> `NA...5089`
• `NA` -> `NA...5090`
• `NA` -> `NA...5091`
• `NA` -> `NA...5092`
• `NA` -> `NA...5093`
• `NA` -> `NA...5094`
• `NA` -> `NA...5095`
• `NA` -> `NA...5096`
• `NA` -> `NA...5097`
• `NA` -> `NA...5098`
• `NA` -> `NA...5099`
• `NA` -> `NA...5100`
• `NA` -> `NA...5101`
• `NA` -> `NA...5103`
• `NA` -> `NA...5104`
• `NA` -> `NA...5105`
• `NA` -> `NA...5106`
• `NA` -> `NA...5107`
• `NA` -> `NA...5108`
• `NA` -> `NA...5109`
• `NA` -> `NA...5110`
• `NA` -> `NA...5111`
• `NA` -> `NA...5112`
• `NA` -> `NA...5113`
• `NA` -> `NA...5114`
• `NA` -> `NA...5115`
• `NA` -> `NA...5116`
• `NA` -> `NA...5117`
• `NA` -> `NA...5118`
• `NA` -> `NA...5119`
• `NA` -> `NA...5120`
• `NA` -> `NA...5121`
• `NA` -> `NA...5123`
• `NA` -> `NA...5124`
• `NA` -> `NA...5125`
• `NA` -> `NA...5126`
• `NA` -> `NA...5127`
• `NA` -> `NA...5128`
• `NA` -> `NA...5129`
• `NA` -> `NA...5130`
• `NA` -> `NA...5131`
• `NA` -> `NA...5132`
• `NA` -> `NA...5133`
• `NA` -> `NA...5134`
• `NA` -> `NA...5135`
• `NA` -> `NA...5136`
• `NA` -> `NA...5137`
• `NA` -> `NA...5138`
• `NA` -> `NA...5139`
• `NA` -> `NA...5140`
• `NA` -> `NA...5141`
• `NA` -> `NA...5143`
• `NA` -> `NA...5144`
• `NA` -> `NA...5145`
• `NA` -> `NA...5146`
• `NA` -> `NA...5147`
• `NA` -> `NA...5148`
• `NA` -> `NA...5149`
• `NA` -> `NA...5150`
• `NA` -> `NA...5151`
• `NA` -> `NA...5152`
• `NA` -> `NA...5153`
• `NA` -> `NA...5154`
• `NA` -> `NA...5155`
• `NA` -> `NA...5156`
• `NA` -> `NA...5157`
• `NA` -> `NA...5158`
• `NA` -> `NA...5159`
• `NA` -> `NA...5160`
• `NA` -> `NA...5161`
• `NA` -> `NA...5163`
• `NA` -> `NA...5164`
• `NA` -> `NA...5165`
• `NA` -> `NA...5166`
• `NA` -> `NA...5167`
• `NA` -> `NA...5168`
• `NA` -> `NA...5169`
• `NA` -> `NA...5170`
• `NA` -> `NA...5171`
• `NA` -> `NA...5172`
• `NA` -> `NA...5173`
• `NA` -> `NA...5174`
• `NA` -> `NA...5175`
• `NA` -> `NA...5176`
• `NA` -> `NA...5177`
• `NA` -> `NA...5178`
• `NA` -> `NA...5179`
• `NA` -> `NA...5180`
• `NA` -> `NA...5181`
• `NA` -> `NA...5183`
• `NA` -> `NA...5184`
• `NA` -> `NA...5185`
• `NA` -> `NA...5186`
• `NA` -> `NA...5187`
• `NA` -> `NA...5188`
• `NA` -> `NA...5189`
• `NA` -> `NA...5190`
• `NA` -> `NA...5191`
• `NA` -> `NA...5192`
• `NA` -> `NA...5193`
• `NA` -> `NA...5194`
• `NA` -> `NA...5195`
• `NA` -> `NA...5196`
• `NA` -> `NA...5197`
• `NA` -> `NA...5198`
• `NA` -> `NA...5199`
• `NA` -> `NA...5200`
• `NA` -> `NA...5201`
• `NA` -> `NA...5203`
• `NA` -> `NA...5204`
• `NA` -> `NA...5205`
• `NA` -> `NA...5206`
• `NA` -> `NA...5207`
• `NA` -> `NA...5208`
• `NA` -> `NA...5209`
• `NA` -> `NA...5210`
• `NA` -> `NA...5211`
• `NA` -> `NA...5212`
• `NA` -> `NA...5213`
• `NA` -> `NA...5214`
• `NA` -> `NA...5215`
• `NA` -> `NA...5216`
• `NA` -> `NA...5217`
• `NA` -> `NA...5218`
• `NA` -> `NA...5219`
• `NA` -> `NA...5220`
• `NA` -> `NA...5221`
• `NA` -> `NA...5223`
• `NA` -> `NA...5224`
• `NA` -> `NA...5225`
• `NA` -> `NA...5226`
• `NA` -> `NA...5227`
• `NA` -> `NA...5228`
• `NA` -> `NA...5229`
• `NA` -> `NA...5230`
• `NA` -> `NA...5231`
• `NA` -> `NA...5232`
• `NA` -> `NA...5233`
• `NA` -> `NA...5234`
• `NA` -> `NA...5235`
• `NA` -> `NA...5236`
• `NA` -> `NA...5237`
• `NA` -> `NA...5238`
• `NA` -> `NA...5239`
• `NA` -> `NA...5240`
• `NA` -> `NA...5241`
• `NA` -> `NA...5243`
• `NA` -> `NA...5244`
• `NA` -> `NA...5245`
• `NA` -> `NA...5246`
• `NA` -> `NA...5247`
• `NA` -> `NA...5248`
• `NA` -> `NA...5249`
• `NA` -> `NA...5250`
• `NA` -> `NA...5251`
• `NA` -> `NA...5252`
• `NA` -> `NA...5253`
• `NA` -> `NA...5254`
• `NA` -> `NA...5255`
• `NA` -> `NA...5256`
• `NA` -> `NA...5257`
• `NA` -> `NA...5258`
• `NA` -> `NA...5259`
• `NA` -> `NA...5260`
• `NA` -> `NA...5261`
• `NA` -> `NA...5263`
• `NA` -> `NA...5264`
• `NA` -> `NA...5265`
• `NA` -> `NA...5266`
• `NA` -> `NA...5267`
• `NA` -> `NA...5268`
• `NA` -> `NA...5269`
• `NA` -> `NA...5270`
• `NA` -> `NA...5271`
• `NA` -> `NA...5272`
• `NA` -> `NA...5273`
• `NA` -> `NA...5274`
• `NA` -> `NA...5275`
• `NA` -> `NA...5276`
• `NA` -> `NA...5277`
• `NA` -> `NA...5278`
• `NA` -> `NA...5279`
• `NA` -> `NA...5280`
• `NA` -> `NA...5281`
• `NA` -> `NA...5283`
• `NA` -> `NA...5284`
• `NA` -> `NA...5285`
• `NA` -> `NA...5286`
• `NA` -> `NA...5287`
• `NA` -> `NA...5288`
• `NA` -> `NA...5289`
• `NA` -> `NA...5290`
• `NA` -> `NA...5291`
• `NA` -> `NA...5292`
• `NA` -> `NA...5293`
• `NA` -> `NA...5294`
• `NA` -> `NA...5295`
• `NA` -> `NA...5296`
• `NA` -> `NA...5297`
• `NA` -> `NA...5298`
• `NA` -> `NA...5299`
• `NA` -> `NA...5300`
• `NA` -> `NA...5301`
• `NA` -> `NA...5303`
• `NA` -> `NA...5304`
• `NA` -> `NA...5305`
• `NA` -> `NA...5306`
• `NA` -> `NA...5307`
• `NA` -> `NA...5308`
• `NA` -> `NA...5309`
• `NA` -> `NA...5310`
• `NA` -> `NA...5311`
• `NA` -> `NA...5312`
• `NA` -> `NA...5313`
• `NA` -> `NA...5314`
• `NA` -> `NA...5315`
• `NA` -> `NA...5316`
• `NA` -> `NA...5317`
• `NA` -> `NA...5318`
• `NA` -> `NA...5319`
• `NA` -> `NA...5320`
• `NA` -> `NA...5321`
• `NA` -> `NA...5323`
• `NA` -> `NA...5324`
• `NA` -> `NA...5325`
• `NA` -> `NA...5326`
• `NA` -> `NA...5327`
• `NA` -> `NA...5328`
• `NA` -> `NA...5329`
• `NA` -> `NA...5330`
• `NA` -> `NA...5331`
• `NA` -> `NA...5332`
• `NA` -> `NA...5333`
• `NA` -> `NA...5334`
• `NA` -> `NA...5335`
• `NA` -> `NA...5336`
• `NA` -> `NA...5337`
• `NA` -> `NA...5338`
• `NA` -> `NA...5339`
• `NA` -> `NA...5340`
• `NA` -> `NA...5341`
• `NA` -> `NA...5343`
• `NA` -> `NA...5344`
• `NA` -> `NA...5345`
• `NA` -> `NA...5346`
• `NA` -> `NA...5347`
• `NA` -> `NA...5348`
• `NA` -> `NA...5349`
• `NA` -> `NA...5350`
• `NA` -> `NA...5351`
• `NA` -> `NA...5352`
• `NA` -> `NA...5353`
• `NA` -> `NA...5354`
• `NA` -> `NA...5355`
• `NA` -> `NA...5356`
• `NA` -> `NA...5357`
• `NA` -> `NA...5358`
• `NA` -> `NA...5359`
• `NA` -> `NA...5360`
• `NA` -> `NA...5361`
• `NA` -> `NA...5363`
• `NA` -> `NA...5364`
• `NA` -> `NA...5365`
• `NA` -> `NA...5366`
• `NA` -> `NA...5367`
• `NA` -> `NA...5368`
• `NA` -> `NA...5369`
• `NA` -> `NA...5370`
• `NA` -> `NA...5371`
• `NA` -> `NA...5372`
• `NA` -> `NA...5373`
• `NA` -> `NA...5374`
• `NA` -> `NA...5375`
• `NA` -> `NA...5376`
• `NA` -> `NA...5377`
• `NA` -> `NA...5378`
• `NA` -> `NA...5379`
• `NA` -> `NA...5380`
• `NA` -> `NA...5381`
• `NA` -> `NA...5383`
• `NA` -> `NA...5384`
• `NA` -> `NA...5385`
• `NA` -> `NA...5386`
• `NA` -> `NA...5387`
• `NA` -> `NA...5388`
• `NA` -> `NA...5389`
• `NA` -> `NA...5390`
• `NA` -> `NA...5391`
• `NA` -> `NA...5392`
• `NA` -> `NA...5393`
• `NA` -> `NA...5394`
• `NA` -> `NA...5395`
• `NA` -> `NA...5396`
• `NA` -> `NA...5397`
• `NA` -> `NA...5398`
• `NA` -> `NA...5399`
• `NA` -> `NA...5400`
• `NA` -> `NA...5401`
• `NA` -> `NA...5403`
• `NA` -> `NA...5404`
• `NA` -> `NA...5405`
• `NA` -> `NA...5406`
• `NA` -> `NA...5407`
• `NA` -> `NA...5408`
• `NA` -> `NA...5409`
• `NA` -> `NA...5410`
• `NA` -> `NA...5411`
• `NA` -> `NA...5412`
• `NA` -> `NA...5413`
• `NA` -> `NA...5414`
• `NA` -> `NA...5415`
• `NA` -> `NA...5416`
• `NA` -> `NA...5417`
• `NA` -> `NA...5418`
• `NA` -> `NA...5419`
• `NA` -> `NA...5420`
• `NA` -> `NA...5421`
• `NA` -> `NA...5423`
• `NA` -> `NA...5424`
• `NA` -> `NA...5425`
• `NA` -> `NA...5426`
• `NA` -> `NA...5427`
• `NA` -> `NA...5428`
• `NA` -> `NA...5429`
• `NA` -> `NA...5430`
• `NA` -> `NA...5431`
• `NA` -> `NA...5432`
• `NA` -> `NA...5433`
• `NA` -> `NA...5434`
• `NA` -> `NA...5435`
• `NA` -> `NA...5436`
• `NA` -> `NA...5437`
• `NA` -> `NA...5438`
• `NA` -> `NA...5439`
• `NA` -> `NA...5440`
• `NA` -> `NA...5441`
• `NA` -> `NA...5443`
• `NA` -> `NA...5444`
• `NA` -> `NA...5445`
• `NA` -> `NA...5446`
• `NA` -> `NA...5447`
• `NA` -> `NA...5448`
• `NA` -> `NA...5449`
• `NA` -> `NA...5450`
• `NA` -> `NA...5451`
• `NA` -> `NA...5452`
• `NA` -> `NA...5453`
• `NA` -> `NA...5454`
• `NA` -> `NA...5455`
• `NA` -> `NA...5456`
• `NA` -> `NA...5457`
• `NA` -> `NA...5458`
• `NA` -> `NA...5459`
• `NA` -> `NA...5460`
• `NA` -> `NA...5461`
• `NA` -> `NA...5463`
• `NA` -> `NA...5464`
• `NA` -> `NA...5465`
• `NA` -> `NA...5466`
• `NA` -> `NA...5467`
• `NA` -> `NA...5468`
• `NA` -> `NA...5469`
• `NA` -> `NA...5470`
• `NA` -> `NA...5471`
• `NA` -> `NA...5472`
• `NA` -> `NA...5473`
• `NA` -> `NA...5474`
• `NA` -> `NA...5475`
• `NA` -> `NA...5476`
• `NA` -> `NA...5477`
• `NA` -> `NA...5478`
• `NA` -> `NA...5479`
• `NA` -> `NA...5480`
• `NA` -> `NA...5481`
• `NA` -> `NA...5483`
• `NA` -> `NA...5484`
• `NA` -> `NA...5485`
• `NA` -> `NA...5486`
• `NA` -> `NA...5487`
• `NA` -> `NA...5488`
• `NA` -> `NA...5489`
• `NA` -> `NA...5490`
• `NA` -> `NA...5491`
• `NA` -> `NA...5492`
• `NA` -> `NA...5493`
• `NA` -> `NA...5494`
• `NA` -> `NA...5495`
• `NA` -> `NA...5496`
• `NA` -> `NA...5497`
• `NA` -> `NA...5498`
• `NA` -> `NA...5499`
• `NA` -> `NA...5500`
• `NA` -> `NA...5501`
• `NA` -> `NA...5503`
• `NA` -> `NA...5504`
• `NA` -> `NA...5505`
• `NA` -> `NA...5506`
• `NA` -> `NA...5507`
• `NA` -> `NA...5508`
• `NA` -> `NA...5509`
• `NA` -> `NA...5510`
• `NA` -> `NA...5511`
• `NA` -> `NA...5512`
• `NA` -> `NA...5513`
• `NA` -> `NA...5514`
• `NA` -> `NA...5515`
• `NA` -> `NA...5516`
• `NA` -> `NA...5517`
• `NA` -> `NA...5518`
• `NA` -> `NA...5519`
• `NA` -> `NA...5520`
• `NA` -> `NA...5521`
• `NA` -> `NA...5523`
• `NA` -> `NA...5524`
• `NA` -> `NA...5525`
• `NA` -> `NA...5526`
• `NA` -> `NA...5527`
• `NA` -> `NA...5528`
• `NA` -> `NA...5529`
• `NA` -> `NA...5530`
• `NA` -> `NA...5531`
• `NA` -> `NA...5532`
• `NA` -> `NA...5533`
• `NA` -> `NA...5534`
• `NA` -> `NA...5535`
• `NA` -> `NA...5536`
• `NA` -> `NA...5537`
• `NA` -> `NA...5538`
• `NA` -> `NA...5539`
• `NA` -> `NA...5540`
• `NA` -> `NA...5541`
• `NA` -> `NA...5543`
• `NA` -> `NA...5544`
• `NA` -> `NA...5545`
• `NA` -> `NA...5546`
• `NA` -> `NA...5547`
• `NA` -> `NA...5548`
• `NA` -> `NA...5549`
• `NA` -> `NA...5550`
• `NA` -> `NA...5551`
• `NA` -> `NA...5552`
• `NA` -> `NA...5553`
• `NA` -> `NA...5554`
• `NA` -> `NA...5555`
• `NA` -> `NA...5556`
• `NA` -> `NA...5557`
• `NA` -> `NA...5558`
• `NA` -> `NA...5559`
• `NA` -> `NA...5560`
• `NA` -> `NA...5561`
• `NA` -> `NA...5563`
• `NA` -> `NA...5564`
• `NA` -> `NA...5565`
• `NA` -> `NA...5566`
• `NA` -> `NA...5567`
• `NA` -> `NA...5568`
• `NA` -> `NA...5569`
• `NA` -> `NA...5570`
• `NA` -> `NA...5571`
• `NA` -> `NA...5572`
• `NA` -> `NA...5573`
• `NA` -> `NA...5574`
• `NA` -> `NA...5575`
• `NA` -> `NA...5576`
• `NA` -> `NA...5577`
• `NA` -> `NA...5578`
• `NA` -> `NA...5579`
• `NA` -> `NA...5580`
• `NA` -> `NA...5581`
• `NA` -> `NA...5583`
• `NA` -> `NA...5584`
• `NA` -> `NA...5585`
• `NA` -> `NA...5586`
• `NA` -> `NA...5587`
• `NA` -> `NA...5588`
• `NA` -> `NA...5589`
• `NA` -> `NA...5590`
• `NA` -> `NA...5591`
• `NA` -> `NA...5592`
• `NA` -> `NA...5593`
• `NA` -> `NA...5594`
• `NA` -> `NA...5595`
• `NA` -> `NA...5596`
• `NA` -> `NA...5597`
• `NA` -> `NA...5598`
• `NA` -> `NA...5599`
• `NA` -> `NA...5600`
• `NA` -> `NA...5601`
• `NA` -> `NA...5603`
• `NA` -> `NA...5604`
• `NA` -> `NA...5605`
• `NA` -> `NA...5606`
• `NA` -> `NA...5607`
• `NA` -> `NA...5608`
• `NA` -> `NA...5609`
• `NA` -> `NA...5610`
• `NA` -> `NA...5611`
• `NA` -> `NA...5612`
• `NA` -> `NA...5613`
• `NA` -> `NA...5614`
• `NA` -> `NA...5615`
• `NA` -> `NA...5616`
• `NA` -> `NA...5617`
• `NA` -> `NA...5618`
• `NA` -> `NA...5619`
• `NA` -> `NA...5620`
• `NA` -> `NA...5621`
• `NA` -> `NA...5623`
• `NA` -> `NA...5624`
• `NA` -> `NA...5625`
• `NA` -> `NA...5626`
• `NA` -> `NA...5627`
• `NA` -> `NA...5628`
• `NA` -> `NA...5629`
• `NA` -> `NA...5630`
• `NA` -> `NA...5631`
• `NA` -> `NA...5632`
• `NA` -> `NA...5633`
• `NA` -> `NA...5634`
• `NA` -> `NA...5635`
• `NA` -> `NA...5636`
• `NA` -> `NA...5637`
• `NA` -> `NA...5638`
• `NA` -> `NA...5639`
• `NA` -> `NA...5640`
• `NA` -> `NA...5641`
• `NA` -> `NA...5643`
• `NA` -> `NA...5644`
• `NA` -> `NA...5645`
• `NA` -> `NA...5646`
• `NA` -> `NA...5647`
• `NA` -> `NA...5648`
• `NA` -> `NA...5649`
• `NA` -> `NA...5650`
• `NA` -> `NA...5651`
• `NA` -> `NA...5652`
• `NA` -> `NA...5653`
• `NA` -> `NA...5654`
• `NA` -> `NA...5655`
• `NA` -> `NA...5656`
• `NA` -> `NA...5657`
• `NA` -> `NA...5658`
• `NA` -> `NA...5659`
• `NA` -> `NA...5660`
• `NA` -> `NA...5661`
• `NA` -> `NA...5663`
• `NA` -> `NA...5664`
• `NA` -> `NA...5665`
• `NA` -> `NA...5666`
• `NA` -> `NA...5667`
• `NA` -> `NA...5668`
• `NA` -> `NA...5669`
• `NA` -> `NA...5670`
• `NA` -> `NA...5671`
• `NA` -> `NA...5672`
• `NA` -> `NA...5673`
• `NA` -> `NA...5674`
• `NA` -> `NA...5675`
• `NA` -> `NA...5676`
• `NA` -> `NA...5677`
• `NA` -> `NA...5678`
• `NA` -> `NA...5679`
• `NA` -> `NA...5680`
• `NA` -> `NA...5681`
• `NA` -> `NA...5683`
• `NA` -> `NA...5684`
• `NA` -> `NA...5685`
• `NA` -> `NA...5686`
• `NA` -> `NA...5687`
• `NA` -> `NA...5688`
• `NA` -> `NA...5689`
• `NA` -> `NA...5690`
• `NA` -> `NA...5691`
• `NA` -> `NA...5692`
• `NA` -> `NA...5693`
• `NA` -> `NA...5694`
• `NA` -> `NA...5695`
• `NA` -> `NA...5696`
• `NA` -> `NA...5697`
• `NA` -> `NA...5698`
• `NA` -> `NA...5699`
• `NA` -> `NA...5700`
• `NA` -> `NA...5701`
• `NA` -> `NA...5703`
• `NA` -> `NA...5704`
• `NA` -> `NA...5705`
• `NA` -> `NA...5706`
• `NA` -> `NA...5707`
• `NA` -> `NA...5708`
• `NA` -> `NA...5709`
• `NA` -> `NA...5710`
• `NA` -> `NA...5711`
• `NA` -> `NA...5712`
• `NA` -> `NA...5713`
• `NA` -> `NA...5714`
• `NA` -> `NA...5715`
• `NA` -> `NA...5716`
• `NA` -> `NA...5717`
• `NA` -> `NA...5718`
• `NA` -> `NA...5719`
• `NA` -> `NA...5720`
• `NA` -> `NA...5721`
• `NA` -> `NA...5723`
• `NA` -> `NA...5724`
• `NA` -> `NA...5725`
• `NA` -> `NA...5726`
• `NA` -> `NA...5727`
• `NA` -> `NA...5728`
• `NA` -> `NA...5729`
• `NA` -> `NA...5730`
• `NA` -> `NA...5731`
• `NA` -> `NA...5732`
• `NA` -> `NA...5733`
• `NA` -> `NA...5734`
• `NA` -> `NA...5735`
• `NA` -> `NA...5736`
• `NA` -> `NA...5737`
• `NA` -> `NA...5738`
• `NA` -> `NA...5739`
• `NA` -> `NA...5740`
• `NA` -> `NA...5741`
• `NA` -> `NA...5743`
• `NA` -> `NA...5744`
• `NA` -> `NA...5745`
• `NA` -> `NA...5746`
• `NA` -> `NA...5747`
• `NA` -> `NA...5748`
• `NA` -> `NA...5749`
• `NA` -> `NA...5750`
• `NA` -> `NA...5751`
• `NA` -> `NA...5752`
• `NA` -> `NA...5753`
• `NA` -> `NA...5754`
• `NA` -> `NA...5755`
• `NA` -> `NA...5756`
• `NA` -> `NA...5757`
• `NA` -> `NA...5758`
• `NA` -> `NA...5759`
• `NA` -> `NA...5760`
• `NA` -> `NA...5761`
• `NA` -> `NA...5763`
• `NA` -> `NA...5764`
• `NA` -> `NA...5765`
• `NA` -> `NA...5766`
• `NA` -> `NA...5767`
• `NA` -> `NA...5768`
• `NA` -> `NA...5769`
• `NA` -> `NA...5770`
• `NA` -> `NA...5771`
• `NA` -> `NA...5772`
• `NA` -> `NA...5773`
• `NA` -> `NA...5774`
• `NA` -> `NA...5775`
• `NA` -> `NA...5776`
• `NA` -> `NA...5777`
• `NA` -> `NA...5778`
• `NA` -> `NA...5779`
• `NA` -> `NA...5780`
• `NA` -> `NA...5781`
• `NA` -> `NA...5783`
• `NA` -> `NA...5784`
• `NA` -> `NA...5785`
• `NA` -> `NA...5786`
• `NA` -> `NA...5787`
• `NA` -> `NA...5788`
• `NA` -> `NA...5789`
• `NA` -> `NA...5790`
• `NA` -> `NA...5791`
• `NA` -> `NA...5792`
• `NA` -> `NA...5793`
• `NA` -> `NA...5794`
• `NA` -> `NA...5795`
• `NA` -> `NA...5796`
• `NA` -> `NA...5797`
• `NA` -> `NA...5798`
• `NA` -> `NA...5799`
• `NA` -> `NA...5800`
• `NA` -> `NA...5801`
• `NA` -> `NA...5803`
• `NA` -> `NA...5804`
• `NA` -> `NA...5805`
• `NA` -> `NA...5806`
• `NA` -> `NA...5807`
• `NA` -> `NA...5808`
• `NA` -> `NA...5809`
• `NA` -> `NA...5810`
• `NA` -> `NA...5811`
• `NA` -> `NA...5812`
• `NA` -> `NA...5813`
• `NA` -> `NA...5814`
• `NA` -> `NA...5815`
• `NA` -> `NA...5816`
• `NA` -> `NA...5817`
• `NA` -> `NA...5818`
• `NA` -> `NA...5819`
• `NA` -> `NA...5820`
• `NA` -> `NA...5821`
• `NA` -> `NA...5823`
• `NA` -> `NA...5824`
• `NA` -> `NA...5825`
• `NA` -> `NA...5826`
• `NA` -> `NA...5827`
• `NA` -> `NA...5828`
• `NA` -> `NA...5829`
• `NA` -> `NA...5830`
• `NA` -> `NA...5831`
• `NA` -> `NA...5832`
• `NA` -> `NA...5833`
• `NA` -> `NA...5834`
• `NA` -> `NA...5835`
• `NA` -> `NA...5836`
• `NA` -> `NA...5837`
• `NA` -> `NA...5838`
• `NA` -> `NA...5839`
• `NA` -> `NA...5840`
• `NA` -> `NA...5841`
• `NA` -> `NA...5843`
• `NA` -> `NA...5844`
• `NA` -> `NA...5845`
• `NA` -> `NA...5846`
• `NA` -> `NA...5847`
• `NA` -> `NA...5848`
• `NA` -> `NA...5849`
• `NA` -> `NA...5850`
• `NA` -> `NA...5851`
• `NA` -> `NA...5852`
• `NA` -> `NA...5853`
• `NA` -> `NA...5854`
• `NA` -> `NA...5855`
• `NA` -> `NA...5856`
• `NA` -> `NA...5857`
• `NA` -> `NA...5858`
• `NA` -> `NA...5859`
• `NA` -> `NA...5860`
• `NA` -> `NA...5861`
• `NA` -> `NA...5863`
• `NA` -> `NA...5864`
• `NA` -> `NA...5865`
• `NA` -> `NA...5866`
• `NA` -> `NA...5867`
• `NA` -> `NA...5868`
• `NA` -> `NA...5869`
• `NA` -> `NA...5870`
• `NA` -> `NA...5871`
• `NA` -> `NA...5872`
• `NA` -> `NA...5873`
• `NA` -> `NA...5874`
• `NA` -> `NA...5875`
• `NA` -> `NA...5876`
• `NA` -> `NA...5877`
• `NA` -> `NA...5878`
• `NA` -> `NA...5879`
• `NA` -> `NA...5880`
• `NA` -> `NA...5881`
• `NA` -> `NA...5883`
• `NA` -> `NA...5884`
• `NA` -> `NA...5885`
• `NA` -> `NA...5886`
• `NA` -> `NA...5887`
• `NA` -> `NA...5888`
• `NA` -> `NA...5889`
• `NA` -> `NA...5890`
• `NA` -> `NA...5891`
• `NA` -> `NA...5892`
• `NA` -> `NA...5893`
• `NA` -> `NA...5894`
• `NA` -> `NA...5895`
• `NA` -> `NA...5896`
• `NA` -> `NA...5897`
• `NA` -> `NA...5898`
• `NA` -> `NA...5899`
• `NA` -> `NA...5900`
• `NA` -> `NA...5901`
• `NA` -> `NA...5903`
• `NA` -> `NA...5904`
• `NA` -> `NA...5905`
• `NA` -> `NA...5906`
• `NA` -> `NA...5907`
• `NA` -> `NA...5908`
• `NA` -> `NA...5909`
• `NA` -> `NA...5910`
• `NA` -> `NA...5911`
• `NA` -> `NA...5912`
• `NA` -> `NA...5913`
• `NA` -> `NA...5914`
• `NA` -> `NA...5915`
• `NA` -> `NA...5916`
• `NA` -> `NA...5917`
• `NA` -> `NA...5918`
• `NA` -> `NA...5919`
• `NA` -> `NA...5920`
• `NA` -> `NA...5921`
• `NA` -> `NA...5923`
• `NA` -> `NA...5924`
• `NA` -> `NA...5925`
• `NA` -> `NA...5926`
• `NA` -> `NA...5927`
• `NA` -> `NA...5928`
• `NA` -> `NA...5929`
• `NA` -> `NA...5930`
• `NA` -> `NA...5931`
• `NA` -> `NA...5932`
• `NA` -> `NA...5933`
• `NA` -> `NA...5934`
• `NA` -> `NA...5935`
• `NA` -> `NA...5936`
• `NA` -> `NA...5937`
• `NA` -> `NA...5938`
• `NA` -> `NA...5939`
• `NA` -> `NA...5940`
• `NA` -> `NA...5941`
• `NA` -> `NA...5943`
• `NA` -> `NA...5944`
• `NA` -> `NA...5945`
• `NA` -> `NA...5946`
• `NA` -> `NA...5947`
• `NA` -> `NA...5948`
• `NA` -> `NA...5949`
• `NA` -> `NA...5950`
• `NA` -> `NA...5951`
• `NA` -> `NA...5952`
• `NA` -> `NA...5953`
• `NA` -> `NA...5954`
• `NA` -> `NA...5955`
• `NA` -> `NA...5956`
• `NA` -> `NA...5957`
• `NA` -> `NA...5958`
• `NA` -> `NA...5959`
• `NA` -> `NA...5960`
• `NA` -> `NA...5961`
• `NA` -> `NA...5963`
• `NA` -> `NA...5964`
• `NA` -> `NA...5965`
• `NA` -> `NA...5966`
• `NA` -> `NA...5967`
• `NA` -> `NA...5968`
• `NA` -> `NA...5969`
• `NA` -> `NA...5970`
• `NA` -> `NA...5971`
• `NA` -> `NA...5972`
• `NA` -> `NA...5973`
• `NA` -> `NA...5974`
• `NA` -> `NA...5975`
• `NA` -> `NA...5976`
• `NA` -> `NA...5977`
• `NA` -> `NA...5978`
• `NA` -> `NA...5979`
• `NA` -> `NA...5980`
• `NA` -> `NA...5981`
• `NA` -> `NA...5983`
• `NA` -> `NA...5984`
• `NA` -> `NA...5985`
• `NA` -> `NA...5986`
• `NA` -> `NA...5987`
• `NA` -> `NA...5988`
• `NA` -> `NA...5989`
• `NA` -> `NA...5990`
• `NA` -> `NA...5991`
• `NA` -> `NA...5992`
• `NA` -> `NA...5993`
• `NA` -> `NA...5994`
• `NA` -> `NA...5995`
• `NA` -> `NA...5996`
• `NA` -> `NA...5997`
• `NA` -> `NA...5998`
• `NA` -> `NA...5999`
• `NA` -> `NA...6000`
• `NA` -> `NA...6001`
• `NA` -> `NA...6003`
• `NA` -> `NA...6004`
• `NA` -> `NA...6005`
• `NA` -> `NA...6006`
• `NA` -> `NA...6007`
• `NA` -> `NA...6008`
• `NA` -> `NA...6009`
• `NA` -> `NA...6010`
• `NA` -> `NA...6011`
• `NA` -> `NA...6012`
• `NA` -> `NA...6013`
• `NA` -> `NA...6014`
• `NA` -> `NA...6015`
• `NA` -> `NA...6016`
• `NA` -> `NA...6017`
• `NA` -> `NA...6018`
• `NA` -> `NA...6019`
• `NA` -> `NA...6020`
• `NA` -> `NA...6021`
• `NA` -> `NA...6023`
• `NA` -> `NA...6024`
• `NA` -> `NA...6025`
• `NA` -> `NA...6026`
• `NA` -> `NA...6027`
• `NA` -> `NA...6028`
• `NA` -> `NA...6029`
• `NA` -> `NA...6030`
• `NA` -> `NA...6031`
• `NA` -> `NA...6032`
• `NA` -> `NA...6033`
• `NA` -> `NA...6034`
• `NA` -> `NA...6035`
• `NA` -> `NA...6036`
• `NA` -> `NA...6037`
• `NA` -> `NA...6038`
• `NA` -> `NA...6039`
• `NA` -> `NA...6040`
• `NA` -> `NA...6041`
• `NA` -> `NA...6043`
• `NA` -> `NA...6044`
• `NA` -> `NA...6045`
• `NA` -> `NA...6046`
• `NA` -> `NA...6047`
• `NA` -> `NA...6048`
• `NA` -> `NA...6049`
• `NA` -> `NA...6050`
• `NA` -> `NA...6051`
• `NA` -> `NA...6052`
• `NA` -> `NA...6053`
• `NA` -> `NA...6054`
• `NA` -> `NA...6055`
• `NA` -> `NA...6056`
• `NA` -> `NA...6057`
• `NA` -> `NA...6058`
• `NA` -> `NA...6059`
• `NA` -> `NA...6060`
• `NA` -> `NA...6061`
• `NA` -> `NA...6063`
• `NA` -> `NA...6064`
• `NA` -> `NA...6065`
• `NA` -> `NA...6066`
• `NA` -> `NA...6067`
• `NA` -> `NA...6068`
• `NA` -> `NA...6069`
• `NA` -> `NA...6070`
• `NA` -> `NA...6071`
• `NA` -> `NA...6072`
• `NA` -> `NA...6073`
• `NA` -> `NA...6074`
• `NA` -> `NA...6075`
• `NA` -> `NA...6076`
• `NA` -> `NA...6077`
• `NA` -> `NA...6078`
• `NA` -> `NA...6079`
• `NA` -> `NA...6080`
• `NA` -> `NA...6081`
• `NA` -> `NA...6083`
• `NA` -> `NA...6084`
• `NA` -> `NA...6085`
• `NA` -> `NA...6086`
• `NA` -> `NA...6087`
• `NA` -> `NA...6088`
• `NA` -> `NA...6089`
• `NA` -> `NA...6090`
• `NA` -> `NA...6091`
• `NA` -> `NA...6092`
• `NA` -> `NA...6093`
• `NA` -> `NA...6094`
• `NA` -> `NA...6095`
• `NA` -> `NA...6096`
• `NA` -> `NA...6097`
• `NA` -> `NA...6098`
• `NA` -> `NA...6099`
• `NA` -> `NA...6100`
• `NA` -> `NA...6101`
• `NA` -> `NA...6103`
• `NA` -> `NA...6104`
• `NA` -> `NA...6105`
• `NA` -> `NA...6106`
• `NA` -> `NA...6107`
• `NA` -> `NA...6108`
• `NA` -> `NA...6109`
• `NA` -> `NA...6110`
• `NA` -> `NA...6111`
• `NA` -> `NA...6112`
• `NA` -> `NA...6113`
• `NA` -> `NA...6114`
• `NA` -> `NA...6115`
• `NA` -> `NA...6116`
• `NA` -> `NA...6117`
• `NA` -> `NA...6118`
• `NA` -> `NA...6119`
• `NA` -> `NA...6120`
• `NA` -> `NA...6121`
• `NA` -> `NA...6123`
• `NA` -> `NA...6124`
• `NA` -> `NA...6125`
• `NA` -> `NA...6126`
• `NA` -> `NA...6127`
• `NA` -> `NA...6128`
• `NA` -> `NA...6129`
• `NA` -> `NA...6130`
• `NA` -> `NA...6131`
• `NA` -> `NA...6132`
• `NA` -> `NA...6133`
• `NA` -> `NA...6134`
• `NA` -> `NA...6135`
• `NA` -> `NA...6136`
• `NA` -> `NA...6137`
• `NA` -> `NA...6138`
• `NA` -> `NA...6139`
• `NA` -> `NA...6140`
• `NA` -> `NA...6141`
• `NA` -> `NA...6143`
• `NA` -> `NA...6144`
• `NA` -> `NA...6145`
• `NA` -> `NA...6146`
• `NA` -> `NA...6147`
• `NA` -> `NA...6148`
• `NA` -> `NA...6149`
• `NA` -> `NA...6150`
• `NA` -> `NA...6151`
• `NA` -> `NA...6152`
• `NA` -> `NA...6153`
• `NA` -> `NA...6154`
• `NA` -> `NA...6155`
• `NA` -> `NA...6156`
• `NA` -> `NA...6157`
• `NA` -> `NA...6158`
• `NA` -> `NA...6159`
• `NA` -> `NA...6160`
• `NA` -> `NA...6161`
• `NA` -> `NA...6163`
• `NA` -> `NA...6164`
• `NA` -> `NA...6165`
• `NA` -> `NA...6166`
• `NA` -> `NA...6167`
• `NA` -> `NA...6168`
• `NA` -> `NA...6169`
• `NA` -> `NA...6170`
• `NA` -> `NA...6171`
• `NA` -> `NA...6172`
• `NA` -> `NA...6173`
• `NA` -> `NA...6174`
• `NA` -> `NA...6175`
• `NA` -> `NA...6176`
• `NA` -> `NA...6177`
• `NA` -> `NA...6178`
• `NA` -> `NA...6179`
• `NA` -> `NA...6180`
• `NA` -> `NA...6181`
• `NA` -> `NA...6183`
• `NA` -> `NA...6184`
• `NA` -> `NA...6185`
• `NA` -> `NA...6186`
• `NA` -> `NA...6187`
• `NA` -> `NA...6188`
• `NA` -> `NA...6189`
• `NA` -> `NA...6190`
• `NA` -> `NA...6191`
• `NA` -> `NA...6192`
• `NA` -> `NA...6193`
• `NA` -> `NA...6194`
• `NA` -> `NA...6195`
• `NA` -> `NA...6196`
• `NA` -> `NA...6197`
• `NA` -> `NA...6198`
• `NA` -> `NA...6199`
• `NA` -> `NA...6200`
• `NA` -> `NA...6201`
• `NA` -> `NA...6203`
• `NA` -> `NA...6204`
• `NA` -> `NA...6205`
• `NA` -> `NA...6206`
• `NA` -> `NA...6207`
• `NA` -> `NA...6208`
• `NA` -> `NA...6209`
• `NA` -> `NA...6210`
• `NA` -> `NA...6211`
• `NA` -> `NA...6212`
• `NA` -> `NA...6213`
• `NA` -> `NA...6214`
• `NA` -> `NA...6215`
• `NA` -> `NA...6216`
• `NA` -> `NA...6217`
• `NA` -> `NA...6218`
• `NA` -> `NA...6219`
• `NA` -> `NA...6220`
• `NA` -> `NA...6221`
• `NA` -> `NA...6223`
• `NA` -> `NA...6224`
• `NA` -> `NA...6225`
• `NA` -> `NA...6226`
• `NA` -> `NA...6227`
• `NA` -> `NA...6228`
• `NA` -> `NA...6229`
• `NA` -> `NA...6230`
• `NA` -> `NA...6231`
• `NA` -> `NA...6232`
• `NA` -> `NA...6233`
• `NA` -> `NA...6234`
• `NA` -> `NA...6235`
• `NA` -> `NA...6236`
• `NA` -> `NA...6237`
• `NA` -> `NA...6238`
• `NA` -> `NA...6239`
• `NA` -> `NA...6240`
• `NA` -> `NA...6241`
• `NA` -> `NA...6243`
• `NA` -> `NA...6244`
• `NA` -> `NA...6245`
• `NA` -> `NA...6246`
• `NA` -> `NA...6247`
• `NA` -> `NA...6248`
• `NA` -> `NA...6249`
• `NA` -> `NA...6250`
• `NA` -> `NA...6251`
• `NA` -> `NA...6252`
• `NA` -> `NA...6253`
• `NA` -> `NA...6254`
• `NA` -> `NA...6255`
• `NA` -> `NA...6256`
• `NA` -> `NA...6257`
• `NA` -> `NA...6258`
• `NA` -> `NA...6259`
• `NA` -> `NA...6260`
• `NA` -> `NA...6261`
• `NA` -> `NA...6263`
• `NA` -> `NA...6264`
• `NA` -> `NA...6265`
• `NA` -> `NA...6266`
• `NA` -> `NA...6267`
• `NA` -> `NA...6268`
• `NA` -> `NA...6269`
• `NA` -> `NA...6270`
• `NA` -> `NA...6271`
• `NA` -> `NA...6272`
• `NA` -> `NA...6273`
• `NA` -> `NA...6274`
• `NA` -> `NA...6275`
• `NA` -> `NA...6276`
• `NA` -> `NA...6277`
• `NA` -> `NA...6278`
• `NA` -> `NA...6279`
• `NA` -> `NA...6280`
• `NA` -> `NA...6281`
• `NA` -> `NA...6283`
• `NA` -> `NA...6284`
• `NA` -> `NA...6285`
• `NA` -> `NA...6286`
• `NA` -> `NA...6287`
• `NA` -> `NA...6288`
• `NA` -> `NA...6289`
• `NA` -> `NA...6290`
• `NA` -> `NA...6291`
• `NA` -> `NA...6292`
• `NA` -> `NA...6293`
• `NA` -> `NA...6294`
• `NA` -> `NA...6295`
• `NA` -> `NA...6296`
• `NA` -> `NA...6297`
• `NA` -> `NA...6298`
• `NA` -> `NA...6299`
• `NA` -> `NA...6300`
• `NA` -> `NA...6301`
• `NA` -> `NA...6303`
• `NA` -> `NA...6304`
• `NA` -> `NA...6305`
• `NA` -> `NA...6306`
• `NA` -> `NA...6307`
• `NA` -> `NA...6308`
• `NA` -> `NA...6309`
• `NA` -> `NA...6310`
• `NA` -> `NA...6311`
• `NA` -> `NA...6312`
• `NA` -> `NA...6313`
• `NA` -> `NA...6314`
• `NA` -> `NA...6315`
• `NA` -> `NA...6316`
• `NA` -> `NA...6317`
• `NA` -> `NA...6318`
• `NA` -> `NA...6319`
• `NA` -> `NA...6320`
• `NA` -> `NA...6321`
• `NA` -> `NA...6323`
• `NA` -> `NA...6324`
• `NA` -> `NA...6325`
• `NA` -> `NA...6326`
• `NA` -> `NA...6327`
• `NA` -> `NA...6328`
• `NA` -> `NA...6329`
• `NA` -> `NA...6330`
• `NA` -> `NA...6331`
• `NA` -> `NA...6332`
• `NA` -> `NA...6333`
• `NA` -> `NA...6334`
• `NA` -> `NA...6335`
• `NA` -> `NA...6336`
• `NA` -> `NA...6337`
• `NA` -> `NA...6338`
• `NA` -> `NA...6339`
• `NA` -> `NA...6340`
• `NA` -> `NA...6341`
• `NA` -> `NA...6343`
• `NA` -> `NA...6344`
• `NA` -> `NA...6345`
• `NA` -> `NA...6346`
• `NA` -> `NA...6347`
• `NA` -> `NA...6348`
• `NA` -> `NA...6349`
• `NA` -> `NA...6350`
• `NA` -> `NA...6351`
• `NA` -> `NA...6352`
• `NA` -> `NA...6353`
• `NA` -> `NA...6354`
• `NA` -> `NA...6355`
• `NA` -> `NA...6356`
• `NA` -> `NA...6357`
• `NA` -> `NA...6358`
• `NA` -> `NA...6359`
• `NA` -> `NA...6360`
• `NA` -> `NA...6361`
• `NA` -> `NA...6363`
• `NA` -> `NA...6364`
• `NA` -> `NA...6365`
• `NA` -> `NA...6366`
• `NA` -> `NA...6367`
• `NA` -> `NA...6368`
• `NA` -> `NA...6369`
• `NA` -> `NA...6370`
• `NA` -> `NA...6371`
• `NA` -> `NA...6372`
• `NA` -> `NA...6373`
• `NA` -> `NA...6374`
• `NA` -> `NA...6375`
• `NA` -> `NA...6376`
• `NA` -> `NA...6377`
• `NA` -> `NA...6378`
• `NA` -> `NA...6379`
• `NA` -> `NA...6380`
• `NA` -> `NA...6381`
• `NA` -> `NA...6383`
• `NA` -> `NA...6384`
• `NA` -> `NA...6385`
• `NA` -> `NA...6386`
• `NA` -> `NA...6387`
• `NA` -> `NA...6388`
• `NA` -> `NA...6389`
• `NA` -> `NA...6390`
• `NA` -> `NA...6391`
• `NA` -> `NA...6392`
• `NA` -> `NA...6393`
• `NA` -> `NA...6394`
• `NA` -> `NA...6395`
• `NA` -> `NA...6396`
• `NA` -> `NA...6397`
• `NA` -> `NA...6398`
• `NA` -> `NA...6399`
• `NA` -> `NA...6400`
• `NA` -> `NA...6401`
• `NA` -> `NA...6403`
• `NA` -> `NA...6404`
• `NA` -> `NA...6405`
• `NA` -> `NA...6406`
• `NA` -> `NA...6407`
• `NA` -> `NA...6408`
• `NA` -> `NA...6409`
• `NA` -> `NA...6410`
• `NA` -> `NA...6411`
• `NA` -> `NA...6412`
• `NA` -> `NA...6413`
• `NA` -> `NA...6414`
• `NA` -> `NA...6415`
• `NA` -> `NA...6416`
• `NA` -> `NA...6417`
• `NA` -> `NA...6418`
• `NA` -> `NA...6419`
• `NA` -> `NA...6420`
• `NA` -> `NA...6421`
• `NA` -> `NA...6423`
• `NA` -> `NA...6424`
• `NA` -> `NA...6425`
• `NA` -> `NA...6426`
• `NA` -> `NA...6427`
• `NA` -> `NA...6428`
• `NA` -> `NA...6429`
• `NA` -> `NA...6430`
• `NA` -> `NA...6431`
• `NA` -> `NA...6432`
• `NA` -> `NA...6433`
• `NA` -> `NA...6434`
• `NA` -> `NA...6435`
• `NA` -> `NA...6436`
• `NA` -> `NA...6437`
• `NA` -> `NA...6438`
• `NA` -> `NA...6439`
• `NA` -> `NA...6440`
• `NA` -> `NA...6441`
• `NA` -> `NA...6443`
• `NA` -> `NA...6444`
• `NA` -> `NA...6445`
• `NA` -> `NA...6446`
• `NA` -> `NA...6447`
• `NA` -> `NA...6448`
• `NA` -> `NA...6449`
• `NA` -> `NA...6450`
• `NA` -> `NA...6451`
• `NA` -> `NA...6452`
• `NA` -> `NA...6453`
• `NA` -> `NA...6454`
• `NA` -> `NA...6455`
• `NA` -> `NA...6456`
• `NA` -> `NA...6457`
• `NA` -> `NA...6458`
• `NA` -> `NA...6459`
• `NA` -> `NA...6460`
• `NA` -> `NA...6461`
• `NA` -> `NA...6463`
• `NA` -> `NA...6464`
• `NA` -> `NA...6465`
• `NA` -> `NA...6466`
• `NA` -> `NA...6467`
• `NA` -> `NA...6468`
• `NA` -> `NA...6469`
• `NA` -> `NA...6470`
• `NA` -> `NA...6471`
• `NA` -> `NA...6472`
• `NA` -> `NA...6473`
• `NA` -> `NA...6474`
• `NA` -> `NA...6475`
• `NA` -> `NA...6476`
• `NA` -> `NA...6477`
• `NA` -> `NA...6478`
• `NA` -> `NA...6479`
• `NA` -> `NA...6480`
• `NA` -> `NA...6481`
• `NA` -> `NA...6483`
• `NA` -> `NA...6484`
• `NA` -> `NA...6485`
• `NA` -> `NA...6486`
• `NA` -> `NA...6487`
• `NA` -> `NA...6488`
• `NA` -> `NA...6489`
• `NA` -> `NA...6490`
• `NA` -> `NA...6491`
• `NA` -> `NA...6492`
• `NA` -> `NA...6493`
• `NA` -> `NA...6494`
• `NA` -> `NA...6495`
• `NA` -> `NA...6496`
• `NA` -> `NA...6497`
• `NA` -> `NA...6498`
• `NA` -> `NA...6499`
• `NA` -> `NA...6500`
• `NA` -> `NA...6501`
• `NA` -> `NA...6503`
• `NA` -> `NA...6504`
• `NA` -> `NA...6505`
• `NA` -> `NA...6506`
• `NA` -> `NA...6507`
• `NA` -> `NA...6508`
• `NA` -> `NA...6509`
• `NA` -> `NA...6510`
• `NA` -> `NA...6511`
• `NA` -> `NA...6512`
• `NA` -> `NA...6513`
• `NA` -> `NA...6514`
• `NA` -> `NA...6515`
• `NA` -> `NA...6516`
• `NA` -> `NA...6517`
• `NA` -> `NA...6518`
• `NA` -> `NA...6519`
• `NA` -> `NA...6520`
• `NA` -> `NA...6521`
• `NA` -> `NA...6523`
• `NA` -> `NA...6524`
• `NA` -> `NA...6525`
• `NA` -> `NA...6526`
• `NA` -> `NA...6527`
• `NA` -> `NA...6528`
• `NA` -> `NA...6529`
• `NA` -> `NA...6530`
• `NA` -> `NA...6531`
• `NA` -> `NA...6532`
• `NA` -> `NA...6533`
• `NA` -> `NA...6534`
• `NA` -> `NA...6535`
• `NA` -> `NA...6536`
• `NA` -> `NA...6537`
• `NA` -> `NA...6538`
• `NA` -> `NA...6539`
• `NA` -> `NA...6540`
• `NA` -> `NA...6541`
• `NA` -> `NA...6543`
• `NA` -> `NA...6544`
• `NA` -> `NA...6545`
• `NA` -> `NA...6546`
• `NA` -> `NA...6547`
• `NA` -> `NA...6548`
• `NA` -> `NA...6549`
• `NA` -> `NA...6550`
• `NA` -> `NA...6551`
• `NA` -> `NA...6552`
• `NA` -> `NA...6553`
• `NA` -> `NA...6554`
• `NA` -> `NA...6555`
• `NA` -> `NA...6556`
• `NA` -> `NA...6557`
• `NA` -> `NA...6558`
• `NA` -> `NA...6559`
• `NA` -> `NA...6560`
• `NA` -> `NA...6561`
• `NA` -> `NA...6563`
• `NA` -> `NA...6564`
• `NA` -> `NA...6565`
• `NA` -> `NA...6566`
• `NA` -> `NA...6567`
• `NA` -> `NA...6568`
• `NA` -> `NA...6569`
• `NA` -> `NA...6570`
• `NA` -> `NA...6571`
• `NA` -> `NA...6572`
• `NA` -> `NA...6573`
• `NA` -> `NA...6574`
• `NA` -> `NA...6575`
• `NA` -> `NA...6576`
• `NA` -> `NA...6577`
• `NA` -> `NA...6578`
• `NA` -> `NA...6579`
• `NA` -> `NA...6580`
• `NA` -> `NA...6581`
• `NA` -> `NA...6583`
• `NA` -> `NA...6584`
• `NA` -> `NA...6585`
• `NA` -> `NA...6586`
• `NA` -> `NA...6587`
• `NA` -> `NA...6588`
• `NA` -> `NA...6589`
• `NA` -> `NA...6590`
• `NA` -> `NA...6591`
• `NA` -> `NA...6592`
• `NA` -> `NA...6593`
• `NA` -> `NA...6594`
• `NA` -> `NA...6595`
• `NA` -> `NA...6596`
• `NA` -> `NA...6597`
• `NA` -> `NA...6598`
• `NA` -> `NA...6599`
• `NA` -> `NA...6600`
• `NA` -> `NA...6601`
• `NA` -> `NA...6603`
• `NA` -> `NA...6604`
• `NA` -> `NA...6605`
• `NA` -> `NA...6606`
• `NA` -> `NA...6607`
• `NA` -> `NA...6608`
• `NA` -> `NA...6609`
• `NA` -> `NA...6610`
• `NA` -> `NA...6611`
• `NA` -> `NA...6612`
• `NA` -> `NA...6613`
• `NA` -> `NA...6614`
• `NA` -> `NA...6615`
• `NA` -> `NA...6616`
• `NA` -> `NA...6617`
• `NA` -> `NA...6618`
• `NA` -> `NA...6619`
• `NA` -> `NA...6620`
• `NA` -> `NA...6621`
• `NA` -> `NA...6623`
• `NA` -> `NA...6624`
• `NA` -> `NA...6625`
• `NA` -> `NA...6626`
• `NA` -> `NA...6627`
• `NA` -> `NA...6628`
• `NA` -> `NA...6629`
• `NA` -> `NA...6630`
• `NA` -> `NA...6631`
• `NA` -> `NA...6632`
• `NA` -> `NA...6633`
• `NA` -> `NA...6634`
• `NA` -> `NA...6635`
• `NA` -> `NA...6636`
• `NA` -> `NA...6637`
• `NA` -> `NA...6638`
• `NA` -> `NA...6639`
• `NA` -> `NA...6640`
• `NA` -> `NA...6641`
• `NA` -> `NA...6643`
• `NA` -> `NA...6644`
• `NA` -> `NA...6645`
• `NA` -> `NA...6646`
• `NA` -> `NA...6647`
• `NA` -> `NA...6648`
• `NA` -> `NA...6649`
• `NA` -> `NA...6650`
• `NA` -> `NA...6651`
• `NA` -> `NA...6652`
• `NA` -> `NA...6653`
• `NA` -> `NA...6654`
• `NA` -> `NA...6655`
• `NA` -> `NA...6656`
• `NA` -> `NA...6657`
• `NA` -> `NA...6658`
• `NA` -> `NA...6659`
• `NA` -> `NA...6660`
• `NA` -> `NA...6661`
• `NA` -> `NA...6663`
• `NA` -> `NA...6664`
• `NA` -> `NA...6665`
• `NA` -> `NA...6666`
• `NA` -> `NA...6667`
• `NA` -> `NA...6668`
• `NA` -> `NA...6669`
• `NA` -> `NA...6670`
• `NA` -> `NA...6671`
• `NA` -> `NA...6672`
• `NA` -> `NA...6673`
• `NA` -> `NA...6674`
• `NA` -> `NA...6675`
• `NA` -> `NA...6676`
• `NA` -> `NA...6677`
• `NA` -> `NA...6678`
• `NA` -> `NA...6679`
• `NA` -> `NA...6680`
• `NA` -> `NA...6681`
• `NA` -> `NA...6683`
• `NA` -> `NA...6684`
• `NA` -> `NA...6685`
• `NA` -> `NA...6686`
• `NA` -> `NA...6687`
• `NA` -> `NA...6688`
• `NA` -> `NA...6689`
• `NA` -> `NA...6690`
• `NA` -> `NA...6691`
• `NA` -> `NA...6692`
• `NA` -> `NA...6693`
• `NA` -> `NA...6694`
• `NA` -> `NA...6695`
• `NA` -> `NA...6696`
• `NA` -> `NA...6697`
• `NA` -> `NA...6698`
• `NA` -> `NA...6699`
• `NA` -> `NA...6700`
• `NA` -> `NA...6701`
• `NA` -> `NA...6703`
• `NA` -> `NA...6704`
• `NA` -> `NA...6705`
• `NA` -> `NA...6706`
• `NA` -> `NA...6707`
• `NA` -> `NA...6708`
• `NA` -> `NA...6709`
• `NA` -> `NA...6710`
• `NA` -> `NA...6711`
• `NA` -> `NA...6712`
• `NA` -> `NA...6713`
• `NA` -> `NA...6714`
• `NA` -> `NA...6715`
• `NA` -> `NA...6716`
• `NA` -> `NA...6717`
• `NA` -> `NA...6718`
• `NA` -> `NA...6719`
• `NA` -> `NA...6720`
• `NA` -> `NA...6721`
• `NA` -> `NA...6723`
• `NA` -> `NA...6724`
• `NA` -> `NA...6725`
• `NA` -> `NA...6726`
• `NA` -> `NA...6727`
• `NA` -> `NA...6728`
• `NA` -> `NA...6729`
• `NA` -> `NA...6730`
• `NA` -> `NA...6731`
• `NA` -> `NA...6732`
• `NA` -> `NA...6733`
• `NA` -> `NA...6734`
• `NA` -> `NA...6735`
• `NA` -> `NA...6736`
• `NA` -> `NA...6737`
• `NA` -> `NA...6738`
• `NA` -> `NA...6739`
• `NA` -> `NA...6740`
• `NA` -> `NA...6741`
• `NA` -> `NA...6743`
• `NA` -> `NA...6744`
• `NA` -> `NA...6745`
• `NA` -> `NA...6746`
• `NA` -> `NA...6747`
• `NA` -> `NA...6748`
• `NA` -> `NA...6749`
• `NA` -> `NA...6750`
• `NA` -> `NA...6751`
• `NA` -> `NA...6752`
• `NA` -> `NA...6753`
• `NA` -> `NA...6754`
• `NA` -> `NA...6755`
• `NA` -> `NA...6756`
• `NA` -> `NA...6757`
• `NA` -> `NA...6758`
• `NA` -> `NA...6759`
• `NA` -> `NA...6760`
• `NA` -> `NA...6761`
• `NA` -> `NA...6763`
• `NA` -> `NA...6764`
• `NA` -> `NA...6765`
• `NA` -> `NA...6766`
• `NA` -> `NA...6767`
• `NA` -> `NA...6768`
• `NA` -> `NA...6769`
• `NA` -> `NA...6770`
• `NA` -> `NA...6771`
• `NA` -> `NA...6772`
• `NA` -> `NA...6773`
• `NA` -> `NA...6774`
• `NA` -> `NA...6775`
• `NA` -> `NA...6776`
• `NA` -> `NA...6777`
• `NA` -> `NA...6778`
• `NA` -> `NA...6779`
• `NA` -> `NA...6780`
• `NA` -> `NA...6781`
• `NA` -> `NA...6783`
• `NA` -> `NA...6784`
• `NA` -> `NA...6785`
• `NA` -> `NA...6786`
• `NA` -> `NA...6787`
• `NA` -> `NA...6788`
• `NA` -> `NA...6789`
• `NA` -> `NA...6790`
• `NA` -> `NA...6791`
• `NA` -> `NA...6792`
• `NA` -> `NA...6793`
• `NA` -> `NA...6794`
• `NA` -> `NA...6795`
• `NA` -> `NA...6796`
• `NA` -> `NA...6797`
• `NA` -> `NA...6798`
• `NA` -> `NA...6799`
• `NA` -> `NA...6800`
• `NA` -> `NA...6801`
• `NA` -> `NA...6803`
• `NA` -> `NA...6804`
• `NA` -> `NA...6805`
• `NA` -> `NA...6806`
• `NA` -> `NA...6807`
• `NA` -> `NA...6808`
• `NA` -> `NA...6809`
• `NA` -> `NA...6810`
• `NA` -> `NA...6811`
• `NA` -> `NA...6812`
• `NA` -> `NA...6813`
• `NA` -> `NA...6814`
• `NA` -> `NA...6815`
• `NA` -> `NA...6816`
• `NA` -> `NA...6817`
• `NA` -> `NA...6818`
• `NA` -> `NA...6819`
• `NA` -> `NA...6820`
• `NA` -> `NA...6821`
• `NA` -> `NA...6823`
• `NA` -> `NA...6824`
• `NA` -> `NA...6825`
• `NA` -> `NA...6826`
• `NA` -> `NA...6827`
• `NA` -> `NA...6828`
• `NA` -> `NA...6829`
• `NA` -> `NA...6830`
• `NA` -> `NA...6831`
• `NA` -> `NA...6832`
• `NA` -> `NA...6833`
• `NA` -> `NA...6834`
• `NA` -> `NA...6835`
• `NA` -> `NA...6836`
• `NA` -> `NA...6837`
• `NA` -> `NA...6838`
• `NA` -> `NA...6839`
• `NA` -> `NA...6840`
• `NA` -> `NA...6841`
• `NA` -> `NA...6843`
• `NA` -> `NA...6844`
• `NA` -> `NA...6845`
• `NA` -> `NA...6846`
• `NA` -> `NA...6847`
• `NA` -> `NA...6848`
• `NA` -> `NA...6849`
• `NA` -> `NA...6850`
• `NA` -> `NA...6851`
• `NA` -> `NA...6852`
• `NA` -> `NA...6853`
• `NA` -> `NA...6854`
• `NA` -> `NA...6855`
• `NA` -> `NA...6856`
• `NA` -> `NA...6857`
• `NA` -> `NA...6858`
• `NA` -> `NA...6859`
• `NA` -> `NA...6860`
• `NA` -> `NA...6861`
• `NA` -> `NA...6863`
• `NA` -> `NA...6864`
• `NA` -> `NA...6865`
• `NA` -> `NA...6866`
• `NA` -> `NA...6867`
• `NA` -> `NA...6868`
• `NA` -> `NA...6869`
• `NA` -> `NA...6870`
• `NA` -> `NA...6871`
• `NA` -> `NA...6872`
• `NA` -> `NA...6873`
• `NA` -> `NA...6874`
• `NA` -> `NA...6875`
• `NA` -> `NA...6876`
• `NA` -> `NA...6877`
• `NA` -> `NA...6878`
• `NA` -> `NA...6879`
• `NA` -> `NA...6880`
• `NA` -> `NA...6881`
• `NA` -> `NA...6883`
• `NA` -> `NA...6884`
• `NA` -> `NA...6885`
• `NA` -> `NA...6886`
• `NA` -> `NA...6887`
• `NA` -> `NA...6888`
• `NA` -> `NA...6889`
• `NA` -> `NA...6890`
• `NA` -> `NA...6891`
• `NA` -> `NA...6892`
• `NA` -> `NA...6893`
• `NA` -> `NA...6894`
• `NA` -> `NA...6895`
• `NA` -> `NA...6896`
• `NA` -> `NA...6897`
• `NA` -> `NA...6898`
• `NA` -> `NA...6899`
• `NA` -> `NA...6900`
• `NA` -> `NA...6901`
• `NA` -> `NA...6903`
• `NA` -> `NA...6904`
• `NA` -> `NA...6905`
• `NA` -> `NA...6906`
• `NA` -> `NA...6907`
• `NA` -> `NA...6908`
• `NA` -> `NA...6909`
• `NA` -> `NA...6910`
• `NA` -> `NA...6911`
• `NA` -> `NA...6912`
• `NA` -> `NA...6913`
• `NA` -> `NA...6914`
• `NA` -> `NA...6915`
• `NA` -> `NA...6916`
• `NA` -> `NA...6917`
• `NA` -> `NA...6918`
• `NA` -> `NA...6919`
• `NA` -> `NA...6920`
• `NA` -> `NA...6921`
• `NA` -> `NA...6923`
• `NA` -> `NA...6924`
• `NA` -> `NA...6925`
• `NA` -> `NA...6926`
• `NA` -> `NA...6927`
• `NA` -> `NA...6928`
• `NA` -> `NA...6929`
• `NA` -> `NA...6930`
• `NA` -> `NA...6931`
• `NA` -> `NA...6932`
• `NA` -> `NA...6933`
• `NA` -> `NA...6934`
• `NA` -> `NA...6935`
• `NA` -> `NA...6936`
• `NA` -> `NA...6937`
• `NA` -> `NA...6938`
• `NA` -> `NA...6939`
• `NA` -> `NA...6940`
• `NA` -> `NA...6941`
• `NA` -> `NA...6943`
• `NA` -> `NA...6944`
• `NA` -> `NA...6945`
• `NA` -> `NA...6946`
• `NA` -> `NA...6947`
• `NA` -> `NA...6948`
• `NA` -> `NA...6949`
• `NA` -> `NA...6950`
• `NA` -> `NA...6951`
• `NA` -> `NA...6952`
• `NA` -> `NA...6953`
• `NA` -> `NA...6954`
• `NA` -> `NA...6955`
• `NA` -> `NA...6956`
• `NA` -> `NA...6957`
• `NA` -> `NA...6958`
• `NA` -> `NA...6959`
• `NA` -> `NA...6960`
• `NA` -> `NA...6961`
• `NA` -> `NA...6963`
• `NA` -> `NA...6964`
• `NA` -> `NA...6965`
• `NA` -> `NA...6966`
• `NA` -> `NA...6967`
• `NA` -> `NA...6968`
• `NA` -> `NA...6969`
• `NA` -> `NA...6970`
• `NA` -> `NA...6971`
• `NA` -> `NA...6972`
• `NA` -> `NA...6973`
• `NA` -> `NA...6974`
• `NA` -> `NA...6975`
• `NA` -> `NA...6976`
• `NA` -> `NA...6977`
• `NA` -> `NA...6978`
• `NA` -> `NA...6979`
• `NA` -> `NA...6980`
• `NA` -> `NA...6981`
• `NA` -> `NA...6983`
• `NA` -> `NA...6984`
• `NA` -> `NA...6985`
• `NA` -> `NA...6986`
• `NA` -> `NA...6987`
• `NA` -> `NA...6988`
• `NA` -> `NA...6989`
• `NA` -> `NA...6990`
• `NA` -> `NA...6991`
• `NA` -> `NA...6992`
• `NA` -> `NA...6993`
• `NA` -> `NA...6994`
• `NA` -> `NA...6995`
• `NA` -> `NA...6996`
• `NA` -> `NA...6997`
• `NA` -> `NA...6998`
• `NA` -> `NA...6999`
• `NA` -> `NA...7000`
• `NA` -> `NA...7001`
• `NA` -> `NA...7003`
• `NA` -> `NA...7004`
• `NA` -> `NA...7005`
• `NA` -> `NA...7006`
• `NA` -> `NA...7007`
• `NA` -> `NA...7008`
• `NA` -> `NA...7009`
• `NA` -> `NA...7010`
• `NA` -> `NA...7011`
• `NA` -> `NA...7012`
• `NA` -> `NA...7013`
• `NA` -> `NA...7014`
• `NA` -> `NA...7015`
• `NA` -> `NA...7016`
• `NA` -> `NA...7017`
• `NA` -> `NA...7018`
• `NA` -> `NA...7019`
• `NA` -> `NA...7020`
• `NA` -> `NA...7021`
• `NA` -> `NA...7023`
• `NA` -> `NA...7024`
• `NA` -> `NA...7025`
• `NA` -> `NA...7026`
• `NA` -> `NA...7027`
• `NA` -> `NA...7028`
• `NA` -> `NA...7029`
• `NA` -> `NA...7030`
• `NA` -> `NA...7031`
• `NA` -> `NA...7032`
• `NA` -> `NA...7033`
• `NA` -> `NA...7034`
• `NA` -> `NA...7035`
• `NA` -> `NA...7036`
• `NA` -> `NA...7037`
• `NA` -> `NA...7038`
• `NA` -> `NA...7039`
• `NA` -> `NA...7040`
• `NA` -> `NA...7041`
• `NA` -> `NA...7043`
• `NA` -> `NA...7044`
• `NA` -> `NA...7045`
• `NA` -> `NA...7046`
• `NA` -> `NA...7047`
• `NA` -> `NA...7048`
• `NA` -> `NA...7049`
• `NA` -> `NA...7050`
• `NA` -> `NA...7051`
• `NA` -> `NA...7052`
• `NA` -> `NA...7053`
• `NA` -> `NA...7054`
• `NA` -> `NA...7055`
• `NA` -> `NA...7056`
• `NA` -> `NA...7057`
• `NA` -> `NA...7058`
• `NA` -> `NA...7059`
• `NA` -> `NA...7060`
• `NA` -> `NA...7061`
• `NA` -> `NA...7063`
• `NA` -> `NA...7064`
• `NA` -> `NA...7065`
• `NA` -> `NA...7066`
• `NA` -> `NA...7067`
• `NA` -> `NA...7068`
• `NA` -> `NA...7069`
• `NA` -> `NA...7070`
• `NA` -> `NA...7071`
• `NA` -> `NA...7072`
• `NA` -> `NA...7073`
• `NA` -> `NA...7074`
• `NA` -> `NA...7075`
• `NA` -> `NA...7076`
• `NA` -> `NA...7077`
• `NA` -> `NA...7078`
• `NA` -> `NA...7079`
• `NA` -> `NA...7080`
• `NA` -> `NA...7081`
• `NA` -> `NA...7083`
• `NA` -> `NA...7084`
• `NA` -> `NA...7085`
• `NA` -> `NA...7086`
• `NA` -> `NA...7087`
• `NA` -> `NA...7088`
• `NA` -> `NA...7089`
• `NA` -> `NA...7090`
• `NA` -> `NA...7091`
• `NA` -> `NA...7092`
• `NA` -> `NA...7093`
• `NA` -> `NA...7094`
• `NA` -> `NA...7095`
• `NA` -> `NA...7096`
• `NA` -> `NA...7097`
• `NA` -> `NA...7098`
• `NA` -> `NA...7099`
• `NA` -> `NA...7100`
• `NA` -> `NA...7101`
• `NA` -> `NA...7103`
• `NA` -> `NA...7104`
• `NA` -> `NA...7105`
• `NA` -> `NA...7106`
• `NA` -> `NA...7107`
• `NA` -> `NA...7108`
• `NA` -> `NA...7109`
• `NA` -> `NA...7110`
• `NA` -> `NA...7111`
• `NA` -> `NA...7112`
• `NA` -> `NA...7113`
• `NA` -> `NA...7114`
• `NA` -> `NA...7115`
• `NA` -> `NA...7116`
• `NA` -> `NA...7117`
• `NA` -> `NA...7118`
• `NA` -> `NA...7119`
• `NA` -> `NA...7120`
• `NA` -> `NA...7121`
• `NA` -> `NA...7123`
• `NA` -> `NA...7124`
• `NA` -> `NA...7125`
• `NA` -> `NA...7126`
• `NA` -> `NA...7127`
• `NA` -> `NA...7128`
• `NA` -> `NA...7129`
• `NA` -> `NA...7130`
• `NA` -> `NA...7131`
• `NA` -> `NA...7132`
• `NA` -> `NA...7133`
• `NA` -> `NA...7134`
• `NA` -> `NA...7135`
• `NA` -> `NA...7136`
• `NA` -> `NA...7137`
• `NA` -> `NA...7138`
• `NA` -> `NA...7139`
• `NA` -> `NA...7140`
• `NA` -> `NA...7141`
• `NA` -> `NA...7143`
• `NA` -> `NA...7144`
• `NA` -> `NA...7145`
• `NA` -> `NA...7146`
• `NA` -> `NA...7147`
• `NA` -> `NA...7148`
• `NA` -> `NA...7149`
• `NA` -> `NA...7150`
• `NA` -> `NA...7151`
• `NA` -> `NA...7152`
• `NA` -> `NA...7153`
• `NA` -> `NA...7154`
• `NA` -> `NA...7155`
• `NA` -> `NA...7156`
• `NA` -> `NA...7157`
• `NA` -> `NA...7158`
• `NA` -> `NA...7159`
• `NA` -> `NA...7160`
• `NA` -> `NA...7161`
• `NA` -> `NA...7163`
• `NA` -> `NA...7164`
• `NA` -> `NA...7165`
• `NA` -> `NA...7166`
• `NA` -> `NA...7167`
• `NA` -> `NA...7168`
• `NA` -> `NA...7169`
• `NA` -> `NA...7170`
• `NA` -> `NA...7171`
• `NA` -> `NA...7172`
• `NA` -> `NA...7173`
• `NA` -> `NA...7174`
• `NA` -> `NA...7175`
• `NA` -> `NA...7176`
• `NA` -> `NA...7177`
• `NA` -> `NA...7178`
• `NA` -> `NA...7179`
• `NA` -> `NA...7180`
• `NA` -> `NA...7181`
• `NA` -> `NA...7183`
• `NA` -> `NA...7184`
• `NA` -> `NA...7185`
• `NA` -> `NA...7186`
• `NA` -> `NA...7187`
• `NA` -> `NA...7188`
• `NA` -> `NA...7189`
• `NA` -> `NA...7190`
• `NA` -> `NA...7191`
• `NA` -> `NA...7192`
• `NA` -> `NA...7193`
• `NA` -> `NA...7194`
• `NA` -> `NA...7195`
• `NA` -> `NA...7196`
• `NA` -> `NA...7197`
• `NA` -> `NA...7198`
• `NA` -> `NA...7199`
• `NA` -> `NA...7200`
• `NA` -> `NA...7201`
• `NA` -> `NA...7203`
• `NA` -> `NA...7204`
• `NA` -> `NA...7205`
• `NA` -> `NA...7206`
• `NA` -> `NA...7207`
• `NA` -> `NA...7208`
• `NA` -> `NA...7209`
• `NA` -> `NA...7210`
• `NA` -> `NA...7211`
• `NA` -> `NA...7212`
• `NA` -> `NA...7213`
• `NA` -> `NA...7214`
• `NA` -> `NA...7215`
• `NA` -> `NA...7216`
• `NA` -> `NA...7217`
• `NA` -> `NA...7218`
• `NA` -> `NA...7219`
• `NA` -> `NA...7220`
• `NA` -> `NA...7221`
• `NA` -> `NA...7223`
• `NA` -> `NA...7224`
• `NA` -> `NA...7225`
• `NA` -> `NA...7226`
• `NA` -> `NA...7227`
• `NA` -> `NA...7228`
• `NA` -> `NA...7229`
• `NA` -> `NA...7230`
• `NA` -> `NA...7231`
• `NA` -> `NA...7232`
• `NA` -> `NA...7233`
• `NA` -> `NA...7234`
• `NA` -> `NA...7235`
• `NA` -> `NA...7236`
• `NA` -> `NA...7237`
• `NA` -> `NA...7238`
• `NA` -> `NA...7239`
• `NA` -> `NA...7240`
• `NA` -> `NA...7241`
• `NA` -> `NA...7243`
• `NA` -> `NA...7244`
• `NA` -> `NA...7245`
• `NA` -> `NA...7246`
• `NA` -> `NA...7247`
• `NA` -> `NA...7248`
• `NA` -> `NA...7249`
• `NA` -> `NA...7250`
• `NA` -> `NA...7251`
• `NA` -> `NA...7252`
• `NA` -> `NA...7253`
• `NA` -> `NA...7254`
• `NA` -> `NA...7255`
• `NA` -> `NA...7256`
• `NA` -> `NA...7257`
• `NA` -> `NA...7258`
• `NA` -> `NA...7259`
• `NA` -> `NA...7260`
• `NA` -> `NA...7261`
• `NA` -> `NA...7263`
• `NA` -> `NA...7264`
• `NA` -> `NA...7265`
• `NA` -> `NA...7266`
• `NA` -> `NA...7267`
• `NA` -> `NA...7268`
• `NA` -> `NA...7269`
• `NA` -> `NA...7270`
• `NA` -> `NA...7271`
• `NA` -> `NA...7272`
• `NA` -> `NA...7273`
• `NA` -> `NA...7274`
• `NA` -> `NA...7275`
• `NA` -> `NA...7276`
• `NA` -> `NA...7277`
• `NA` -> `NA...7278`
• `NA` -> `NA...7279`
• `NA` -> `NA...7280`
• `NA` -> `NA...7281`
• `NA` -> `NA...7283`
• `NA` -> `NA...7284`
• `NA` -> `NA...7285`
• `NA` -> `NA...7286`
• `NA` -> `NA...7287`
• `NA` -> `NA...7288`
• `NA` -> `NA...7289`
• `NA` -> `NA...7290`
• `NA` -> `NA...7291`
• `NA` -> `NA...7292`
• `NA` -> `NA...7293`
• `NA` -> `NA...7294`
• `NA` -> `NA...7295`
• `NA` -> `NA...7296`
• `NA` -> `NA...7297`
• `NA` -> `NA...7298`
• `NA` -> `NA...7299`
• `NA` -> `NA...7300`
• `NA` -> `NA...7301`
• `NA` -> `NA...7303`
• `NA` -> `NA...7304`
• `NA` -> `NA...7305`
• `NA` -> `NA...7306`
• `NA` -> `NA...7307`
• `NA` -> `NA...7308`
• `NA` -> `NA...7309`
• `NA` -> `NA...7310`
• `NA` -> `NA...7311`
• `NA` -> `NA...7312`
• `NA` -> `NA...7313`
• `NA` -> `NA...7314`
• `NA` -> `NA...7315`
• `NA` -> `NA...7316`
• `NA` -> `NA...7317`
• `NA` -> `NA...7318`
• `NA` -> `NA...7319`
• `NA` -> `NA...7320`
• `NA` -> `NA...7321`
• `NA` -> `NA...7323`
• `NA` -> `NA...7324`
• `NA` -> `NA...7325`
• `NA` -> `NA...7326`
• `NA` -> `NA...7327`
• `NA` -> `NA...7328`
• `NA` -> `NA...7329`
• `NA` -> `NA...7330`
• `NA` -> `NA...7331`
• `NA` -> `NA...7332`
• `NA` -> `NA...7333`
• `NA` -> `NA...7334`
• `NA` -> `NA...7335`
• `NA` -> `NA...7336`
• `NA` -> `NA...7337`
• `NA` -> `NA...7338`
• `NA` -> `NA...7339`
• `NA` -> `NA...7340`
• `NA` -> `NA...7341`
• `NA` -> `NA...7343`
• `NA` -> `NA...7344`
• `NA` -> `NA...7345`
• `NA` -> `NA...7346`
• `NA` -> `NA...7347`
• `NA` -> `NA...7348`
• `NA` -> `NA...7349`
• `NA` -> `NA...7350`
• `NA` -> `NA...7351`
• `NA` -> `NA...7352`
• `NA` -> `NA...7353`
• `NA` -> `NA...7354`
• `NA` -> `NA...7355`
• `NA` -> `NA...7356`
• `NA` -> `NA...7357`
• `NA` -> `NA...7358`
• `NA` -> `NA...7359`
• `NA` -> `NA...7360`
• `NA` -> `NA...7361`
• `NA` -> `NA...7363`
• `NA` -> `NA...7364`
• `NA` -> `NA...7365`
• `NA` -> `NA...7366`
• `NA` -> `NA...7367`
• `NA` -> `NA...7368`
• `NA` -> `NA...7369`
• `NA` -> `NA...7370`
• `NA` -> `NA...7371`
• `NA` -> `NA...7372`
• `NA` -> `NA...7373`
• `NA` -> `NA...7374`
• `NA` -> `NA...7375`
• `NA` -> `NA...7376`
• `NA` -> `NA...7377`
• `NA` -> `NA...7378`
• `NA` -> `NA...7379`
• `NA` -> `NA...7380`
• `NA` -> `NA...7381`
• `NA` -> `NA...7383`
• `NA` -> `NA...7384`
• `NA` -> `NA...7385`
• `NA` -> `NA...7386`
• `NA` -> `NA...7387`
• `NA` -> `NA...7388`
• `NA` -> `NA...7389`
• `NA` -> `NA...7390`
• `NA` -> `NA...7391`
• `NA` -> `NA...7392`
• `NA` -> `NA...7393`
• `NA` -> `NA...7394`
• `NA` -> `NA...7395`
• `NA` -> `NA...7396`
• `NA` -> `NA...7397`
• `NA` -> `NA...7398`
• `NA` -> `NA...7399`
• `NA` -> `NA...7400`
• `NA` -> `NA...7401`
• `NA` -> `NA...7403`
• `NA` -> `NA...7404`
• `NA` -> `NA...7405`
• `NA` -> `NA...7406`
• `NA` -> `NA...7407`
• `NA` -> `NA...7408`
• `NA` -> `NA...7409`
• `NA` -> `NA...7410`
• `NA` -> `NA...7411`
• `NA` -> `NA...7412`
• `NA` -> `NA...7413`
• `NA` -> `NA...7414`
• `NA` -> `NA...7415`
• `NA` -> `NA...7416`
• `NA` -> `NA...7417`
• `NA` -> `NA...7418`
• `NA` -> `NA...7419`
• `NA` -> `NA...7420`
• `NA` -> `NA...7421`
• `NA` -> `NA...7423`
• `NA` -> `NA...7424`
• `NA` -> `NA...7425`
• `NA` -> `NA...7426`
• `NA` -> `NA...7427`
• `NA` -> `NA...7428`
• `NA` -> `NA...7429`
• `NA` -> `NA...7430`
• `NA` -> `NA...7431`
• `NA` -> `NA...7432`
• `NA` -> `NA...7433`
• `NA` -> `NA...7434`
• `NA` -> `NA...7435`
• `NA` -> `NA...7436`
• `NA` -> `NA...7437`
• `NA` -> `NA...7438`
• `NA` -> `NA...7439`
• `NA` -> `NA...7440`
• `NA` -> `NA...7441`
• `NA` -> `NA...7443`
• `NA` -> `NA...7444`
• `NA` -> `NA...7445`
• `NA` -> `NA...7446`
• `NA` -> `NA...7447`
• `NA` -> `NA...7448`
• `NA` -> `NA...7449`
• `NA` -> `NA...7450`
• `NA` -> `NA...7451`
• `NA` -> `NA...7452`
• `NA` -> `NA...7453`
• `NA` -> `NA...7454`
• `NA` -> `NA...7455`
• `NA` -> `NA...7456`
• `NA` -> `NA...7457`
• `NA` -> `NA...7458`
• `NA` -> `NA...7459`
• `NA` -> `NA...7460`
• `NA` -> `NA...7461`
• `NA` -> `NA...7463`
• `NA` -> `NA...7464`
• `NA` -> `NA...7465`
• `NA` -> `NA...7466`
• `NA` -> `NA...7467`
• `NA` -> `NA...7468`
• `NA` -> `NA...7469`
• `NA` -> `NA...7470`
• `NA` -> `NA...7471`
• `NA` -> `NA...7472`
• `NA` -> `NA...7473`
• `NA` -> `NA...7474`
• `NA` -> `NA...7475`
• `NA` -> `NA...7476`
• `NA` -> `NA...7477`
• `NA` -> `NA...7478`
• `NA` -> `NA...7479`
• `NA` -> `NA...7480`
• `NA` -> `NA...7481`
• `NA` -> `NA...7483`
• `NA` -> `NA...7484`
• `NA` -> `NA...7485`
• `NA` -> `NA...7486`
• `NA` -> `NA...7487`
• `NA` -> `NA...7488`
• `NA` -> `NA...7489`
• `NA` -> `NA...7490`
• `NA` -> `NA...7491`
• `NA` -> `NA...7492`
• `NA` -> `NA...7493`
• `NA` -> `NA...7494`
• `NA` -> `NA...7495`
• `NA` -> `NA...7496`
• `NA` -> `NA...7497`
• `NA` -> `NA...7498`
• `NA` -> `NA...7499`
• `NA` -> `NA...7500`
• `NA` -> `NA...7501`
• `NA` -> `NA...7503`
• `NA` -> `NA...7504`
• `NA` -> `NA...7505`
• `NA` -> `NA...7506`
• `NA` -> `NA...7507`
• `NA` -> `NA...7508`
• `NA` -> `NA...7509`
• `NA` -> `NA...7510`
• `NA` -> `NA...7511`
• `NA` -> `NA...7512`
• `NA` -> `NA...7513`
• `NA` -> `NA...7514`
• `NA` -> `NA...7515`
• `NA` -> `NA...7516`
• `NA` -> `NA...7517`
• `NA` -> `NA...7518`
• `NA` -> `NA...7519`
• `NA` -> `NA...7520`
• `NA` -> `NA...7521`
• `NA` -> `NA...7523`
• `NA` -> `NA...7524`
• `NA` -> `NA...7525`
• `NA` -> `NA...7526`
• `NA` -> `NA...7527`
• `NA` -> `NA...7528`
• `NA` -> `NA...7529`
• `NA` -> `NA...7530`
• `NA` -> `NA...7531`
• `NA` -> `NA...7532`
• `NA` -> `NA...7533`
• `NA` -> `NA...7534`
• `NA` -> `NA...7535`
• `NA` -> `NA...7536`
• `NA` -> `NA...7537`
• `NA` -> `NA...7538`
• `NA` -> `NA...7539`
• `NA` -> `NA...7540`
• `NA` -> `NA...7541`
• `NA` -> `NA...7543`
• `NA` -> `NA...7544`
• `NA` -> `NA...7545`
• `NA` -> `NA...7546`
• `NA` -> `NA...7547`
• `NA` -> `NA...7548`
• `NA` -> `NA...7549`
• `NA` -> `NA...7550`
• `NA` -> `NA...7551`
• `NA` -> `NA...7552`
• `NA` -> `NA...7553`
• `NA` -> `NA...7554`
• `NA` -> `NA...7555`
• `NA` -> `NA...7556`
• `NA` -> `NA...7557`
• `NA` -> `NA...7558`
• `NA` -> `NA...7559`
• `NA` -> `NA...7560`
• `NA` -> `NA...7561`
• `NA` -> `NA...7563`
• `NA` -> `NA...7564`
• `NA` -> `NA...7565`
• `NA` -> `NA...7566`
• `NA` -> `NA...7567`
• `NA` -> `NA...7568`
• `NA` -> `NA...7569`
• `NA` -> `NA...7570`
• `NA` -> `NA...7571`
• `NA` -> `NA...7572`
• `NA` -> `NA...7573`
• `NA` -> `NA...7574`
• `NA` -> `NA...7575`
• `NA` -> `NA...7576`
• `NA` -> `NA...7577`
• `NA` -> `NA...7578`
• `NA` -> `NA...7579`
• `NA` -> `NA...7580`
• `NA` -> `NA...7581`
• `NA` -> `NA...7583`
• `NA` -> `NA...7584`
• `NA` -> `NA...7585`
• `NA` -> `NA...7586`
• `NA` -> `NA...7587`
• `NA` -> `NA...7588`
• `NA` -> `NA...7589`
• `NA` -> `NA...7590`
• `NA` -> `NA...7591`
• `NA` -> `NA...7592`
• `NA` -> `NA...7593`
• `NA` -> `NA...7594`
• `NA` -> `NA...7595`
• `NA` -> `NA...7596`
• `NA` -> `NA...7597`
• `NA` -> `NA...7598`
• `NA` -> `NA...7599`
• `NA` -> `NA...7600`
• `NA` -> `NA...7601`
• `NA` -> `NA...7603`
• `NA` -> `NA...7604`
• `NA` -> `NA...7605`
• `NA` -> `NA...7606`
• `NA` -> `NA...7607`
• `NA` -> `NA...7608`
• `NA` -> `NA...7609`
• `NA` -> `NA...7610`
• `NA` -> `NA...7611`
• `NA` -> `NA...7612`
• `NA` -> `NA...7613`
• `NA` -> `NA...7614`
• `NA` -> `NA...7615`
• `NA` -> `NA...7616`
• `NA` -> `NA...7617`
• `NA` -> `NA...7618`
• `NA` -> `NA...7619`
• `NA` -> `NA...7620`
• `NA` -> `NA...7621`
• `NA` -> `NA...7623`
• `NA` -> `NA...7624`
• `NA` -> `NA...7625`
• `NA` -> `NA...7626`
• `NA` -> `NA...7627`
• `NA` -> `NA...7628`
• `NA` -> `NA...7629`
• `NA` -> `NA...7630`
• `NA` -> `NA...7631`
• `NA` -> `NA...7632`
• `NA` -> `NA...7633`
• `NA` -> `NA...7634`
• `NA` -> `NA...7635`
• `NA` -> `NA...7636`
• `NA` -> `NA...7637`
• `NA` -> `NA...7638`
• `NA` -> `NA...7639`
• `NA` -> `NA...7640`
• `NA` -> `NA...7641`
• `NA` -> `NA...7643`
• `NA` -> `NA...7644`
• `NA` -> `NA...7645`
• `NA` -> `NA...7646`
• `NA` -> `NA...7647`
• `NA` -> `NA...7648`
• `NA` -> `NA...7649`
• `NA` -> `NA...7650`
• `NA` -> `NA...7651`
• `NA` -> `NA...7652`
• `NA` -> `NA...7653`
• `NA` -> `NA...7654`
• `NA` -> `NA...7655`
• `NA` -> `NA...7656`
• `NA` -> `NA...7657`
• `NA` -> `NA...7658`
• `NA` -> `NA...7659`
• `NA` -> `NA...7660`
• `NA` -> `NA...7661`
• `NA` -> `NA...7663`
• `NA` -> `NA...7664`
• `NA` -> `NA...7665`
• `NA` -> `NA...7666`
• `NA` -> `NA...7667`
• `NA` -> `NA...7668`
• `NA` -> `NA...7669`
• `NA` -> `NA...7670`
• `NA` -> `NA...7671`
• `NA` -> `NA...7672`
• `NA` -> `NA...7673`
• `NA` -> `NA...7674`
• `NA` -> `NA...7675`
• `NA` -> `NA...7676`
• `NA` -> `NA...7677`
• `NA` -> `NA...7678`
• `NA` -> `NA...7679`
• `NA` -> `NA...7680`
• `NA` -> `NA...7681`
• `NA` -> `NA...7683`
• `NA` -> `NA...7684`
• `NA` -> `NA...7685`
• `NA` -> `NA...7686`
• `NA` -> `NA...7687`
• `NA` -> `NA...7688`
• `NA` -> `NA...7689`
• `NA` -> `NA...7690`
• `NA` -> `NA...7691`
• `NA` -> `NA...7692`
• `NA` -> `NA...7693`
• `NA` -> `NA...7694`
• `NA` -> `NA...7695`
• `NA` -> `NA...7696`
• `NA` -> `NA...7697`
• `NA` -> `NA...7698`
• `NA` -> `NA...7699`
• `NA` -> `NA...7700`
• `NA` -> `NA...7701`
• `NA` -> `NA...7703`
• `NA` -> `NA...7704`
• `NA` -> `NA...7705`
• `NA` -> `NA...7706`
• `NA` -> `NA...7707`
• `NA` -> `NA...7708`
• `NA` -> `NA...7709`
• `NA` -> `NA...7710`
• `NA` -> `NA...7711`
• `NA` -> `NA...7712`
• `NA` -> `NA...7713`
• `NA` -> `NA...7714`
• `NA` -> `NA...7715`
• `NA` -> `NA...7716`
• `NA` -> `NA...7717`
• `NA` -> `NA...7718`
• `NA` -> `NA...7719`
• `NA` -> `NA...7720`
• `NA` -> `NA...7721`
• `NA` -> `NA...7723`
• `NA` -> `NA...7724`
• `NA` -> `NA...7725`
• `NA` -> `NA...7726`
• `NA` -> `NA...7727`
• `NA` -> `NA...7728`
• `NA` -> `NA...7729`
• `NA` -> `NA...7730`
• `NA` -> `NA...7731`
• `NA` -> `NA...7732`
• `NA` -> `NA...7733`
• `NA` -> `NA...7734`
• `NA` -> `NA...7735`
• `NA` -> `NA...7736`
• `NA` -> `NA...7737`
• `NA` -> `NA...7738`
• `NA` -> `NA...7739`
• `NA` -> `NA...7740`
• `NA` -> `NA...7741`
• `NA` -> `NA...7743`
• `NA` -> `NA...7744`
• `NA` -> `NA...7745`
• `NA` -> `NA...7746`
• `NA` -> `NA...7747`
• `NA` -> `NA...7748`
• `NA` -> `NA...7749`
• `NA` -> `NA...7750`
• `NA` -> `NA...7751`
• `NA` -> `NA...7752`
• `NA` -> `NA...7753`
• `NA` -> `NA...7754`
• `NA` -> `NA...7755`
• `NA` -> `NA...7756`
• `NA` -> `NA...7757`
• `NA` -> `NA...7758`
• `NA` -> `NA...7759`
• `NA` -> `NA...7760`
• `NA` -> `NA...7761`
• `NA` -> `NA...7763`
• `NA` -> `NA...7764`
• `NA` -> `NA...7765`
• `NA` -> `NA...7766`
• `NA` -> `NA...7767`
• `NA` -> `NA...7768`
• `NA` -> `NA...7769`
• `NA` -> `NA...7770`
• `NA` -> `NA...7771`
• `NA` -> `NA...7772`
• `NA` -> `NA...7773`
• `NA` -> `NA...7774`
• `NA` -> `NA...7775`
• `NA` -> `NA...7776`
• `NA` -> `NA...7777`
• `NA` -> `NA...7778`
• `NA` -> `NA...7779`
• `NA` -> `NA...7780`
• `NA` -> `NA...7781`
• `NA` -> `NA...7783`
• `NA` -> `NA...7784`
• `NA` -> `NA...7785`
• `NA` -> `NA...7786`
• `NA` -> `NA...7787`
• `NA` -> `NA...7788`
• `NA` -> `NA...7789`
• `NA` -> `NA...7790`
• `NA` -> `NA...7791`
• `NA` -> `NA...7792`
• `NA` -> `NA...7793`
• `NA` -> `NA...7794`
• `NA` -> `NA...7795`
• `NA` -> `NA...7796`
• `NA` -> `NA...7797`
• `NA` -> `NA...7798`
• `NA` -> `NA...7799`
• `NA` -> `NA...7800`
• `NA` -> `NA...7801`
• `NA` -> `NA...7803`
• `NA` -> `NA...7804`
• `NA` -> `NA...7805`
• `NA` -> `NA...7806`
• `NA` -> `NA...7807`
• `NA` -> `NA...7808`
• `NA` -> `NA...7809`
• `NA` -> `NA...7810`
• `NA` -> `NA...7811`
• `NA` -> `NA...7812`
• `NA` -> `NA...7813`
• `NA` -> `NA...7814`
• `NA` -> `NA...7815`
• `NA` -> `NA...7816`
• `NA` -> `NA...7817`
• `NA` -> `NA...7818`
• `NA` -> `NA...7819`
• `NA` -> `NA...7820`
• `NA` -> `NA...7821`
• `NA` -> `NA...7823`
• `NA` -> `NA...7824`
• `NA` -> `NA...7825`
• `NA` -> `NA...7826`
• `NA` -> `NA...7827`
• `NA` -> `NA...7828`
• `NA` -> `NA...7829`
• `NA` -> `NA...7830`
• `NA` -> `NA...7831`
• `NA` -> `NA...7832`
• `NA` -> `NA...7833`
• `NA` -> `NA...7834`
• `NA` -> `NA...7835`
• `NA` -> `NA...7836`
• `NA` -> `NA...7837`
• `NA` -> `NA...7838`
• `NA` -> `NA...7839`
• `NA` -> `NA...7840`
• `NA` -> `NA...7841`
• `NA` -> `NA...7843`
• `NA` -> `NA...7844`
• `NA` -> `NA...7845`
• `NA` -> `NA...7846`
• `NA` -> `NA...7847`
• `NA` -> `NA...7848`
• `NA` -> `NA...7849`
• `NA` -> `NA...7850`
• `NA` -> `NA...7851`
• `NA` -> `NA...7852`
• `NA` -> `NA...7853`
• `NA` -> `NA...7854`
• `NA` -> `NA...7855`
• `NA` -> `NA...7856`
• `NA` -> `NA...7857`
• `NA` -> `NA...7858`
• `NA` -> `NA...7859`
• `NA` -> `NA...7860`
• `NA` -> `NA...7861`
• `NA` -> `NA...7863`
• `NA` -> `NA...7864`
• `NA` -> `NA...7865`
• `NA` -> `NA...7866`
• `NA` -> `NA...7867`
• `NA` -> `NA...7868`
• `NA` -> `NA...7869`
• `NA` -> `NA...7870`
• `NA` -> `NA...7871`
• `NA` -> `NA...7872`
• `NA` -> `NA...7873`
• `NA` -> `NA...7874`
• `NA` -> `NA...7875`
• `NA` -> `NA...7876`
• `NA` -> `NA...7877`
• `NA` -> `NA...7878`
• `NA` -> `NA...7879`
• `NA` -> `NA...7880`
• `NA` -> `NA...7881`
• `NA` -> `NA...7883`
• `NA` -> `NA...7884`
• `NA` -> `NA...7885`
• `NA` -> `NA...7886`
• `NA` -> `NA...7887`
• `NA` -> `NA...7888`
• `NA` -> `NA...7889`
• `NA` -> `NA...7890`
• `NA` -> `NA...7891`
• `NA` -> `NA...7892`
• `NA` -> `NA...7893`
• `NA` -> `NA...7894`
• `NA` -> `NA...7895`
• `NA` -> `NA...7896`
• `NA` -> `NA...7897`
• `NA` -> `NA...7898`
• `NA` -> `NA...7899`
• `NA` -> `NA...7900`
• `NA` -> `NA...7901`
• `NA` -> `NA...7903`
• `NA` -> `NA...7904`
• `NA` -> `NA...7905`
• `NA` -> `NA...7906`
• `NA` -> `NA...7907`
• `NA` -> `NA...7908`
• `NA` -> `NA...7909`
• `NA` -> `NA...7910`
• `NA` -> `NA...7911`
• `NA` -> `NA...7912`
• `NA` -> `NA...7913`
• `NA` -> `NA...7914`
• `NA` -> `NA...7915`
• `NA` -> `NA...7916`
• `NA` -> `NA...7917`
• `NA` -> `NA...7918`
• `NA` -> `NA...7919`
• `NA` -> `NA...7920`
• `NA` -> `NA...7921`
• `NA` -> `NA...7923`
• `NA` -> `NA...7924`
• `NA` -> `NA...7925`
• `NA` -> `NA...7926`
• `NA` -> `NA...7927`
• `NA` -> `NA...7928`
• `NA` -> `NA...7929`
• `NA` -> `NA...7930`
• `NA` -> `NA...7931`
• `NA` -> `NA...7932`
• `NA` -> `NA...7933`
• `NA` -> `NA...7934`
• `NA` -> `NA...7935`
• `NA` -> `NA...7936`
• `NA` -> `NA...7937`
• `NA` -> `NA...7938`
• `NA` -> `NA...7939`
• `NA` -> `NA...7940`
• `NA` -> `NA...7941`
• `NA` -> `NA...7943`
• `NA` -> `NA...7944`
• `NA` -> `NA...7945`
• `NA` -> `NA...7946`
• `NA` -> `NA...7947`
• `NA` -> `NA...7948`
• `NA` -> `NA...7949`
• `NA` -> `NA...7950`
• `NA` -> `NA...7951`
• `NA` -> `NA...7952`
• `NA` -> `NA...7953`
• `NA` -> `NA...7954`
• `NA` -> `NA...7955`
• `NA` -> `NA...7956`
• `NA` -> `NA...7957`
• `NA` -> `NA...7958`
• `NA` -> `NA...7959`
• `NA` -> `NA...7960`
• `NA` -> `NA...7961`
• `NA` -> `NA...7963`
• `NA` -> `NA...7964`
• `NA` -> `NA...7965`
• `NA` -> `NA...7966`
• `NA` -> `NA...7967`
• `NA` -> `NA...7968`
• `NA` -> `NA...7969`
• `NA` -> `NA...7970`
• `NA` -> `NA...7971`
• `NA` -> `NA...7972`
• `NA` -> `NA...7973`
• `NA` -> `NA...7974`
• `NA` -> `NA...7975`
• `NA` -> `NA...7976`
• `NA` -> `NA...7977`
• `NA` -> `NA...7978`
• `NA` -> `NA...7979`
• `NA` -> `NA...7980`
• `NA` -> `NA...7981`
• `NA` -> `NA...7983`
• `NA` -> `NA...7984`
• `NA` -> `NA...7985`
• `NA` -> `NA...7986`
• `NA` -> `NA...7987`
• `NA` -> `NA...7988`
• `NA` -> `NA...7989`
• `NA` -> `NA...7990`
• `NA` -> `NA...7991`
• `NA` -> `NA...7992`
• `NA` -> `NA...7993`
• `NA` -> `NA...7994`
• `NA` -> `NA...7995`
• `NA` -> `NA...7996`
• `NA` -> `NA...7997`
• `NA` -> `NA...7998`
• `NA` -> `NA...7999`
• `NA` -> `NA...8000`
• `NA` -> `NA...8001`
• `NA` -> `NA...8003`
• `NA` -> `NA...8004`
• `NA` -> `NA...8005`
• `NA` -> `NA...8006`
• `NA` -> `NA...8007`
• `NA` -> `NA...8008`
• `NA` -> `NA...8009`
• `NA` -> `NA...8010`
• `NA` -> `NA...8011`
• `NA` -> `NA...8012`
• `NA` -> `NA...8013`
• `NA` -> `NA...8014`
• `NA` -> `NA...8015`
• `NA` -> `NA...8016`
• `NA` -> `NA...8017`
• `NA` -> `NA...8018`
• `NA` -> `NA...8019`
• `NA` -> `NA...8020`
• `NA` -> `NA...8021`
• `NA` -> `NA...8023`
• `NA` -> `NA...8024`
• `NA` -> `NA...8025`
• `NA` -> `NA...8026`
• `NA` -> `NA...8027`
• `NA` -> `NA...8028`
• `NA` -> `NA...8029`
• `NA` -> `NA...8030`
• `NA` -> `NA...8031`
• `NA` -> `NA...8032`
• `NA` -> `NA...8033`
• `NA` -> `NA...8034`
• `NA` -> `NA...8035`
• `NA` -> `NA...8036`
• `NA` -> `NA...8037`
• `NA` -> `NA...8038`
• `NA` -> `NA...8039`
• `NA` -> `NA...8040`
• `NA` -> `NA...8041`
• `NA` -> `NA...8043`
• `NA` -> `NA...8044`
• `NA` -> `NA...8045`
• `NA` -> `NA...8046`
• `NA` -> `NA...8047`
• `NA` -> `NA...8048`
• `NA` -> `NA...8049`
• `NA` -> `NA...8050`
• `NA` -> `NA...8051`
• `NA` -> `NA...8052`
• `NA` -> `NA...8053`
• `NA` -> `NA...8054`
• `NA` -> `NA...8055`
• `NA` -> `NA...8056`
• `NA` -> `NA...8057`
• `NA` -> `NA...8058`
• `NA` -> `NA...8059`
• `NA` -> `NA...8060`
• `NA` -> `NA...8061`
• `NA` -> `NA...8063`
• `NA` -> `NA...8064`
• `NA` -> `NA...8065`
• `NA` -> `NA...8066`
• `NA` -> `NA...8067`
• `NA` -> `NA...8068`
• `NA` -> `NA...8069`
• `NA` -> `NA...8070`
• `NA` -> `NA...8071`
• `NA` -> `NA...8072`
• `NA` -> `NA...8073`
• `NA` -> `NA...8074`
• `NA` -> `NA...8075`
• `NA` -> `NA...8076`
• `NA` -> `NA...8077`
• `NA` -> `NA...8078`
• `NA` -> `NA...8079`
• `NA` -> `NA...8080`
• `NA` -> `NA...8081`
• `NA` -> `NA...8083`
• `NA` -> `NA...8084`
• `NA` -> `NA...8085`
• `NA` -> `NA...8086`
• `NA` -> `NA...8087`
• `NA` -> `NA...8088`
• `NA` -> `NA...8089`
• `NA` -> `NA...8090`
• `NA` -> `NA...8091`
• `NA` -> `NA...8092`
• `NA` -> `NA...8093`
• `NA` -> `NA...8094`
• `NA` -> `NA...8095`
• `NA` -> `NA...8096`
• `NA` -> `NA...8097`
• `NA` -> `NA...8098`
• `NA` -> `NA...8099`
• `NA` -> `NA...8100`
• `NA` -> `NA...8101`
• `NA` -> `NA...8103`
• `NA` -> `NA...8104`
• `NA` -> `NA...8105`
• `NA` -> `NA...8106`
• `NA` -> `NA...8107`
• `NA` -> `NA...8108`
• `NA` -> `NA...8109`
• `NA` -> `NA...8110`
• `NA` -> `NA...8111`
• `NA` -> `NA...8112`
• `NA` -> `NA...8113`
• `NA` -> `NA...8114`
• `NA` -> `NA...8115`
• `NA` -> `NA...8116`
• `NA` -> `NA...8117`
• `NA` -> `NA...8118`
• `NA` -> `NA...8119`
• `NA` -> `NA...8120`
• `NA` -> `NA...8121`
• `NA` -> `NA...8123`
• `NA` -> `NA...8124`
• `NA` -> `NA...8125`
• `NA` -> `NA...8126`
• `NA` -> `NA...8127`
• `NA` -> `NA...8128`
• `NA` -> `NA...8129`
• `NA` -> `NA...8130`
• `NA` -> `NA...8131`
• `NA` -> `NA...8132`
• `NA` -> `NA...8133`
• `NA` -> `NA...8134`
• `NA` -> `NA...8135`
• `NA` -> `NA...8136`
• `NA` -> `NA...8137`
• `NA` -> `NA...8138`
• `NA` -> `NA...8139`
• `NA` -> `NA...8140`
• `NA` -> `NA...8141`
• `NA` -> `NA...8143`
• `NA` -> `NA...8144`
• `NA` -> `NA...8145`
• `NA` -> `NA...8146`
• `NA` -> `NA...8147`
• `NA` -> `NA...8148`
• `NA` -> `NA...8149`
• `NA` -> `NA...8150`
• `NA` -> `NA...8151`
• `NA` -> `NA...8152`
• `NA` -> `NA...8153`
• `NA` -> `NA...8154`
• `NA` -> `NA...8155`
• `NA` -> `NA...8156`
• `NA` -> `NA...8157`
• `NA` -> `NA...8158`
• `NA` -> `NA...8159`
• `NA` -> `NA...8160`
• `NA` -> `NA...8161`
• `NA` -> `NA...8163`
• `NA` -> `NA...8164`
• `NA` -> `NA...8165`
• `NA` -> `NA...8166`
• `NA` -> `NA...8167`
• `NA` -> `NA...8168`
• `NA` -> `NA...8169`
• `NA` -> `NA...8170`
• `NA` -> `NA...8171`
• `NA` -> `NA...8172`
• `NA` -> `NA...8173`
• `NA` -> `NA...8174`
• `NA` -> `NA...8175`
• `NA` -> `NA...8176`
• `NA` -> `NA...8177`
• `NA` -> `NA...8178`
• `NA` -> `NA...8179`
• `NA` -> `NA...8180`
• `NA` -> `NA...8181`
• `NA` -> `NA...8183`
• `NA` -> `NA...8184`
• `NA` -> `NA...8185`
• `NA` -> `NA...8186`
• `NA` -> `NA...8187`
• `NA` -> `NA...8188`
• `NA` -> `NA...8189`
• `NA` -> `NA...8190`
• `NA` -> `NA...8191`
• `NA` -> `NA...8192`
• `NA` -> `NA...8193`
• `NA` -> `NA...8194`
• `NA` -> `NA...8195`
• `NA` -> `NA...8196`
• `NA` -> `NA...8197`
• `NA` -> `NA...8198`
• `NA` -> `NA...8199`
• `NA` -> `NA...8200`
• `NA` -> `NA...8201`
• `NA` -> `NA...8203`
• `NA` -> `NA...8204`
• `NA` -> `NA...8205`
• `NA` -> `NA...8206`
• `NA` -> `NA...8207`
• `NA` -> `NA...8208`
• `NA` -> `NA...8209`
• `NA` -> `NA...8210`
• `NA` -> `NA...8211`
• `NA` -> `NA...8212`
• `NA` -> `NA...8213`
• `NA` -> `NA...8214`
• `NA` -> `NA...8215`
• `NA` -> `NA...8216`
• `NA` -> `NA...8217`
• `NA` -> `NA...8218`
• `NA` -> `NA...8219`
• `NA` -> `NA...8220`
• `NA` -> `NA...8221`
• `NA` -> `NA...8223`
• `NA` -> `NA...8224`
• `NA` -> `NA...8225`
• `NA` -> `NA...8226`
• `NA` -> `NA...8227`
• `NA` -> `NA...8228`
• `NA` -> `NA...8229`
• `NA` -> `NA...8230`
• `NA` -> `NA...8231`
• `NA` -> `NA...8232`
• `NA` -> `NA...8233`
• `NA` -> `NA...8234`
• `NA` -> `NA...8235`
• `NA` -> `NA...8236`
• `NA` -> `NA...8237`
• `NA` -> `NA...8238`
• `NA` -> `NA...8239`
• `NA` -> `NA...8240`
• `NA` -> `NA...8241`
• `NA` -> `NA...8243`
• `NA` -> `NA...8244`
• `NA` -> `NA...8245`
• `NA` -> `NA...8246`
• `NA` -> `NA...8247`
• `NA` -> `NA...8248`
• `NA` -> `NA...8249`
• `NA` -> `NA...8250`
• `NA` -> `NA...8251`
• `NA` -> `NA...8252`
• `NA` -> `NA...8253`
• `NA` -> `NA...8254`
• `NA` -> `NA...8255`
• `NA` -> `NA...8256`
• `NA` -> `NA...8257`
• `NA` -> `NA...8258`
• `NA` -> `NA...8259`
• `NA` -> `NA...8260`
• `NA` -> `NA...8261`
• `NA` -> `NA...8263`
• `NA` -> `NA...8264`
• `NA` -> `NA...8265`
• `NA` -> `NA...8266`
• `NA` -> `NA...8267`
• `NA` -> `NA...8268`
• `NA` -> `NA...8269`
• `NA` -> `NA...8270`
• `NA` -> `NA...8271`
• `NA` -> `NA...8272`
• `NA` -> `NA...8273`
• `NA` -> `NA...8274`
• `NA` -> `NA...8275`
• `NA` -> `NA...8276`
• `NA` -> `NA...8277`
• `NA` -> `NA...8278`
• `NA` -> `NA...8279`
• `NA` -> `NA...8280`
• `NA` -> `NA...8281`
• `NA` -> `NA...8283`
• `NA` -> `NA...8284`
• `NA` -> `NA...8285`
• `NA` -> `NA...8286`
• `NA` -> `NA...8287`
• `NA` -> `NA...8288`
• `NA` -> `NA...8289`
• `NA` -> `NA...8290`
• `NA` -> `NA...8291`
• `NA` -> `NA...8292`
• `NA` -> `NA...8293`
• `NA` -> `NA...8294`
• `NA` -> `NA...8295`
• `NA` -> `NA...8296`
• `NA` -> `NA...8297`
• `NA` -> `NA...8298`
• `NA` -> `NA...8299`
• `NA` -> `NA...8300`
• `NA` -> `NA...8301`
• `NA` -> `NA...8303`
• `NA` -> `NA...8304`
• `NA` -> `NA...8305`
• `NA` -> `NA...8306`
• `NA` -> `NA...8307`
• `NA` -> `NA...8308`
• `NA` -> `NA...8309`
• `NA` -> `NA...8310`
• `NA` -> `NA...8311`
• `NA` -> `NA...8312`
• `NA` -> `NA...8313`
• `NA` -> `NA...8314`
• `NA` -> `NA...8315`
• `NA` -> `NA...8316`
• `NA` -> `NA...8317`
• `NA` -> `NA...8318`
• `NA` -> `NA...8319`
• `NA` -> `NA...8320`
• `NA` -> `NA...8321`
• `NA` -> `NA...8323`
• `NA` -> `NA...8324`
• `NA` -> `NA...8325`
• `NA` -> `NA...8326`
• `NA` -> `NA...8327`
• `NA` -> `NA...8328`
• `NA` -> `NA...8329`
• `NA` -> `NA...8330`
• `NA` -> `NA...8331`
• `NA` -> `NA...8332`
• `NA` -> `NA...8333`
• `NA` -> `NA...8334`
• `NA` -> `NA...8335`
• `NA` -> `NA...8336`
• `NA` -> `NA...8337`
• `NA` -> `NA...8338`
• `NA` -> `NA...8339`
• `NA` -> `NA...8340`
• `NA` -> `NA...8341`
• `NA` -> `NA...8343`
• `NA` -> `NA...8344`
• `NA` -> `NA...8345`
• `NA` -> `NA...8346`
• `NA` -> `NA...8347`
• `NA` -> `NA...8348`
• `NA` -> `NA...8349`
• `NA` -> `NA...8350`
• `NA` -> `NA...8351`
• `NA` -> `NA...8352`
• `NA` -> `NA...8353`
• `NA` -> `NA...8354`
• `NA` -> `NA...8355`
• `NA` -> `NA...8356`
• `NA` -> `NA...8357`
• `NA` -> `NA...8358`
• `NA` -> `NA...8359`
• `NA` -> `NA...8360`
• `NA` -> `NA...8361`
• `NA` -> `NA...8363`
• `NA` -> `NA...8364`
• `NA` -> `NA...8365`
• `NA` -> `NA...8366`
• `NA` -> `NA...8367`
• `NA` -> `NA...8368`
• `NA` -> `NA...8369`
• `NA` -> `NA...8370`
• `NA` -> `NA...8371`
• `NA` -> `NA...8372`
• `NA` -> `NA...8373`
• `NA` -> `NA...8374`
• `NA` -> `NA...8375`
• `NA` -> `NA...8376`
• `NA` -> `NA...8377`
• `NA` -> `NA...8378`
• `NA` -> `NA...8379`
• `NA` -> `NA...8380`
• `NA` -> `NA...8381`
• `NA` -> `NA...8383`
• `NA` -> `NA...8384`
• `NA` -> `NA...8385`
• `NA` -> `NA...8386`
• `NA` -> `NA...8387`
• `NA` -> `NA...8388`
• `NA` -> `NA...8389`
• `NA` -> `NA...8390`
• `NA` -> `NA...8391`
• `NA` -> `NA...8392`
• `NA` -> `NA...8393`
• `NA` -> `NA...8394`
• `NA` -> `NA...8395`
• `NA` -> `NA...8396`
• `NA` -> `NA...8397`
• `NA` -> `NA...8398`
• `NA` -> `NA...8399`
• `NA` -> `NA...8400`
• `NA` -> `NA...8401`
• `NA` -> `NA...8403`
• `NA` -> `NA...8404`
• `NA` -> `NA...8405`
• `NA` -> `NA...8406`
• `NA` -> `NA...8407`
• `NA` -> `NA...8408`
• `NA` -> `NA...8409`
• `NA` -> `NA...8410`
• `NA` -> `NA...8411`
• `NA` -> `NA...8412`
• `NA` -> `NA...8413`
• `NA` -> `NA...8414`
• `NA` -> `NA...8415`
• `NA` -> `NA...8416`
• `NA` -> `NA...8417`
• `NA` -> `NA...8418`
• `NA` -> `NA...8419`
• `NA` -> `NA...8420`
• `NA` -> `NA...8421`
• `NA` -> `NA...8423`
• `NA` -> `NA...8424`
• `NA` -> `NA...8425`
• `NA` -> `NA...8426`
• `NA` -> `NA...8427`
• `NA` -> `NA...8428`
• `NA` -> `NA...8429`
• `NA` -> `NA...8430`
• `NA` -> `NA...8431`
• `NA` -> `NA...8432`
• `NA` -> `NA...8433`
• `NA` -> `NA...8434`
• `NA` -> `NA...8435`
• `NA` -> `NA...8436`
• `NA` -> `NA...8437`
• `NA` -> `NA...8438`
• `NA` -> `NA...8439`
• `NA` -> `NA...8440`
• `NA` -> `NA...8441`
• `NA` -> `NA...8443`
• `NA` -> `NA...8444`
• `NA` -> `NA...8445`
• `NA` -> `NA...8446`
• `NA` -> `NA...8447`
• `NA` -> `NA...8448`
• `NA` -> `NA...8449`
• `NA` -> `NA...8450`
• `NA` -> `NA...8451`
• `NA` -> `NA...8452`
• `NA` -> `NA...8453`
• `NA` -> `NA...8454`
• `NA` -> `NA...8455`
• `NA` -> `NA...8456`
• `NA` -> `NA...8457`
• `NA` -> `NA...8458`
• `NA` -> `NA...8459`
• `NA` -> `NA...8460`
• `NA` -> `NA...8461`
• `NA` -> `NA...8463`
• `NA` -> `NA...8464`
• `NA` -> `NA...8465`
• `NA` -> `NA...8466`
• `NA` -> `NA...8467`
• `NA` -> `NA...8468`
• `NA` -> `NA...8469`
• `NA` -> `NA...8470`
• `NA` -> `NA...8471`
• `NA` -> `NA...8472`
• `NA` -> `NA...8473`
• `NA` -> `NA...8474`
• `NA` -> `NA...8475`
• `NA` -> `NA...8476`
• `NA` -> `NA...8477`
• `NA` -> `NA...8478`
• `NA` -> `NA...8479`
• `NA` -> `NA...8480`
• `NA` -> `NA...8481`
• `NA` -> `NA...8483`
• `NA` -> `NA...8484`
• `NA` -> `NA...8485`
• `NA` -> `NA...8486`
• `NA` -> `NA...8487`
• `NA` -> `NA...8488`
• `NA` -> `NA...8489`
• `NA` -> `NA...8490`
• `NA` -> `NA...8491`
• `NA` -> `NA...8492`
• `NA` -> `NA...8493`
• `NA` -> `NA...8494`
• `NA` -> `NA...8495`
• `NA` -> `NA...8496`
• `NA` -> `NA...8497`
• `NA` -> `NA...8498`
• `NA` -> `NA...8499`
• `NA` -> `NA...8500`
• `NA` -> `NA...8501`
• `NA` -> `NA...8503`
• `NA` -> `NA...8504`
• `NA` -> `NA...8505`
• `NA` -> `NA...8506`
• `NA` -> `NA...8507`
• `NA` -> `NA...8508`
• `NA` -> `NA...8509`
• `NA` -> `NA...8510`
• `NA` -> `NA...8511`
• `NA` -> `NA...8512`
• `NA` -> `NA...8513`
• `NA` -> `NA...8514`
• `NA` -> `NA...8515`
• `NA` -> `NA...8516`
• `NA` -> `NA...8517`
• `NA` -> `NA...8518`
• `NA` -> `NA...8519`
• `NA` -> `NA...8520`
• `NA` -> `NA...8521`
• `NA` -> `NA...8523`
• `NA` -> `NA...8524`
• `NA` -> `NA...8525`
• `NA` -> `NA...8526`
• `NA` -> `NA...8527`
• `NA` -> `NA...8528`
• `NA` -> `NA...8529`
• `NA` -> `NA...8530`
• `NA` -> `NA...8531`
• `NA` -> `NA...8532`
• `NA` -> `NA...8533`
• `NA` -> `NA...8534`
• `NA` -> `NA...8535`
• `NA` -> `NA...8536`
• `NA` -> `NA...8537`
• `NA` -> `NA...8538`
• `NA` -> `NA...8539`
• `NA` -> `NA...8540`
• `NA` -> `NA...8541`
• `NA` -> `NA...8543`
• `NA` -> `NA...8544`
• `NA` -> `NA...8545`
• `NA` -> `NA...8546`
• `NA` -> `NA...8547`
• `NA` -> `NA...8548`
• `NA` -> `NA...8549`
• `NA` -> `NA...8550`
• `NA` -> `NA...8551`
• `NA` -> `NA...8552`
• `NA` -> `NA...8553`
• `NA` -> `NA...8554`
• `NA` -> `NA...8555`
• `NA` -> `NA...8556`
• `NA` -> `NA...8557`
• `NA` -> `NA...8558`
• `NA` -> `NA...8559`
• `NA` -> `NA...8560`
• `NA` -> `NA...8561`
• `NA` -> `NA...8563`
• `NA` -> `NA...8564`
• `NA` -> `NA...8565`
• `NA` -> `NA...8566`
• `NA` -> `NA...8567`
• `NA` -> `NA...8568`
• `NA` -> `NA...8569`
• `NA` -> `NA...8570`
• `NA` -> `NA...8571`
• `NA` -> `NA...8572`
• `NA` -> `NA...8573`
• `NA` -> `NA...8574`
• `NA` -> `NA...8575`
• `NA` -> `NA...8576`
• `NA` -> `NA...8577`
• `NA` -> `NA...8578`
• `NA` -> `NA...8579`
• `NA` -> `NA...8580`
• `NA` -> `NA...8581`
• `NA` -> `NA...8583`
• `NA` -> `NA...8584`
• `NA` -> `NA...8585`
• `NA` -> `NA...8586`
• `NA` -> `NA...8587`
• `NA` -> `NA...8588`
• `NA` -> `NA...8589`
• `NA` -> `NA...8590`
• `NA` -> `NA...8591`
• `NA` -> `NA...8592`
• `NA` -> `NA...8593`
• `NA` -> `NA...8594`
• `NA` -> `NA...8595`
• `NA` -> `NA...8596`
• `NA` -> `NA...8597`
• `NA` -> `NA...8598`
• `NA` -> `NA...8599`
• `NA` -> `NA...8600`
• `NA` -> `NA...8601`
• `NA` -> `NA...8603`
• `NA` -> `NA...8604`
• `NA` -> `NA...8605`
• `NA` -> `NA...8606`
• `NA` -> `NA...8607`
• `NA` -> `NA...8608`
• `NA` -> `NA...8609`
• `NA` -> `NA...8610`
• `NA` -> `NA...8611`
• `NA` -> `NA...8612`
• `NA` -> `NA...8613`
• `NA` -> `NA...8614`
• `NA` -> `NA...8615`
• `NA` -> `NA...8616`
• `NA` -> `NA...8617`
• `NA` -> `NA...8618`
• `NA` -> `NA...8619`
• `NA` -> `NA...8620`
• `NA` -> `NA...8621`
• `NA` -> `NA...8623`
• `NA` -> `NA...8624`
• `NA` -> `NA...8625`
• `NA` -> `NA...8626`
• `NA` -> `NA...8627`
• `NA` -> `NA...8628`
• `NA` -> `NA...8629`
• `NA` -> `NA...8630`
• `NA` -> `NA...8631`
• `NA` -> `NA...8632`
• `NA` -> `NA...8633`
• `NA` -> `NA...8634`
• `NA` -> `NA...8635`
• `NA` -> `NA...8636`
• `NA` -> `NA...8637`
• `NA` -> `NA...8638`
• `NA` -> `NA...8639`
• `NA` -> `NA...8640`
• `NA` -> `NA...8641`
• `NA` -> `NA...8643`
• `NA` -> `NA...8644`
• `NA` -> `NA...8645`
• `NA` -> `NA...8646`
• `NA` -> `NA...8647`
• `NA` -> `NA...8648`
• `NA` -> `NA...8649`
• `NA` -> `NA...8650`
• `NA` -> `NA...8651`
• `NA` -> `NA...8652`
• `NA` -> `NA...8653`
• `NA` -> `NA...8654`
• `NA` -> `NA...8655`
• `NA` -> `NA...8656`
• `NA` -> `NA...8657`
• `NA` -> `NA...8658`
• `NA` -> `NA...8659`
• `NA` -> `NA...8660`
• `NA` -> `NA...8661`
• `NA` -> `NA...8663`
• `NA` -> `NA...8664`
• `NA` -> `NA...8665`
• `NA` -> `NA...8666`
• `NA` -> `NA...8667`
• `NA` -> `NA...8668`
• `NA` -> `NA...8669`
• `NA` -> `NA...8670`
• `NA` -> `NA...8671`
• `NA` -> `NA...8672`
• `NA` -> `NA...8673`
• `NA` -> `NA...8674`
• `NA` -> `NA...8675`
• `NA` -> `NA...8676`
• `NA` -> `NA...8677`
• `NA` -> `NA...8678`
• `NA` -> `NA...8679`
• `NA` -> `NA...8680`
• `NA` -> `NA...8681`
• `NA` -> `NA...8683`
• `NA` -> `NA...8684`
• `NA` -> `NA...8685`
• `NA` -> `NA...8686`
• `NA` -> `NA...8687`
• `NA` -> `NA...8688`
• `NA` -> `NA...8689`
• `NA` -> `NA...8690`
• `NA` -> `NA...8691`
• `NA` -> `NA...8692`
• `NA` -> `NA...8693`
• `NA` -> `NA...8694`
• `NA` -> `NA...8695`
• `NA` -> `NA...8696`
• `NA` -> `NA...8697`
• `NA` -> `NA...8698`
• `NA` -> `NA...8699`
• `NA` -> `NA...8700`
• `NA` -> `NA...8701`
• `NA` -> `NA...8703`
• `NA` -> `NA...8704`
• `NA` -> `NA...8705`
• `NA` -> `NA...8706`
• `NA` -> `NA...8707`
• `NA` -> `NA...8708`
• `NA` -> `NA...8709`
• `NA` -> `NA...8710`
• `NA` -> `NA...8711`
• `NA` -> `NA...8712`
• `NA` -> `NA...8713`
• `NA` -> `NA...8714`
• `NA` -> `NA...8715`
• `NA` -> `NA...8716`
• `NA` -> `NA...8717`
• `NA` -> `NA...8718`
• `NA` -> `NA...8719`
• `NA` -> `NA...8720`
• `NA` -> `NA...8721`
• `NA` -> `NA...8723`
• `NA` -> `NA...8724`
• `NA` -> `NA...8725`
• `NA` -> `NA...8726`
• `NA` -> `NA...8727`
• `NA` -> `NA...8728`
• `NA` -> `NA...8729`
• `NA` -> `NA...8730`
• `NA` -> `NA...8731`
• `NA` -> `NA...8732`
• `NA` -> `NA...8733`
• `NA` -> `NA...8734`
• `NA` -> `NA...8735`
• `NA` -> `NA...8736`
• `NA` -> `NA...8737`
• `NA` -> `NA...8738`
• `NA` -> `NA...8739`
• `NA` -> `NA...8740`
• `NA` -> `NA...8741`
• `NA` -> `NA...8743`
• `NA` -> `NA...8744`
• `NA` -> `NA...8745`
• `NA` -> `NA...8746`
• `NA` -> `NA...8747`
• `NA` -> `NA...8748`
• `NA` -> `NA...8749`
• `NA` -> `NA...8750`
• `NA` -> `NA...8751`
• `NA` -> `NA...8752`
• `NA` -> `NA...8753`
• `NA` -> `NA...8754`
• `NA` -> `NA...8755`
• `NA` -> `NA...8756`
• `NA` -> `NA...8757`
• `NA` -> `NA...8758`
• `NA` -> `NA...8759`
• `NA` -> `NA...8760`
• `NA` -> `NA...8761`
• `NA` -> `NA...8763`
• `NA` -> `NA...8764`
• `NA` -> `NA...8765`
• `NA` -> `NA...8766`
• `NA` -> `NA...8767`
• `NA` -> `NA...8768`
• `NA` -> `NA...8769`
• `NA` -> `NA...8770`
• `NA` -> `NA...8771`
• `NA` -> `NA...8772`
• `NA` -> `NA...8773`
• `NA` -> `NA...8774`
• `NA` -> `NA...8775`
• `NA` -> `NA...8776`
• `NA` -> `NA...8777`
• `NA` -> `NA...8778`
• `NA` -> `NA...8779`
• `NA` -> `NA...8780`
• `NA` -> `NA...8781`
• `NA` -> `NA...8783`
• `NA` -> `NA...8784`
• `NA` -> `NA...8785`
• `NA` -> `NA...8786`
• `NA` -> `NA...8787`
• `NA` -> `NA...8788`
• `NA` -> `NA...8789`
• `NA` -> `NA...8790`
• `NA` -> `NA...8791`
• `NA` -> `NA...8792`
• `NA` -> `NA...8793`
• `NA` -> `NA...8794`
• `NA` -> `NA...8795`
• `NA` -> `NA...8796`
• `NA` -> `NA...8797`
• `NA` -> `NA...8798`
• `NA` -> `NA...8799`
• `NA` -> `NA...8800`
• `NA` -> `NA...8801`
• `NA` -> `NA...8803`
• `NA` -> `NA...8804`
• `NA` -> `NA...8805`
• `NA` -> `NA...8806`
• `NA` -> `NA...8807`
• `NA` -> `NA...8808`
• `NA` -> `NA...8809`
• `NA` -> `NA...8810`
• `NA` -> `NA...8811`
• `NA` -> `NA...8812`
• `NA` -> `NA...8813`
• `NA` -> `NA...8814`
• `NA` -> `NA...8815`
• `NA` -> `NA...8816`
• `NA` -> `NA...8817`
• `NA` -> `NA...8818`
• `NA` -> `NA...8819`
• `NA` -> `NA...8820`
• `NA` -> `NA...8821`
• `NA` -> `NA...8823`
• `NA` -> `NA...8824`
• `NA` -> `NA...8825`
• `NA` -> `NA...8826`
• `NA` -> `NA...8827`
• `NA` -> `NA...8828`
• `NA` -> `NA...8829`
• `NA` -> `NA...8830`
• `NA` -> `NA...8831`
• `NA` -> `NA...8832`
• `NA` -> `NA...8833`
• `NA` -> `NA...8834`
• `NA` -> `NA...8835`
• `NA` -> `NA...8836`
• `NA` -> `NA...8837`
• `NA` -> `NA...8838`
• `NA` -> `NA...8839`
• `NA` -> `NA...8840`
• `NA` -> `NA...8841`
• `NA` -> `NA...8843`
• `NA` -> `NA...8844`
• `NA` -> `NA...8845`
• `NA` -> `NA...8846`
• `NA` -> `NA...8847`
• `NA` -> `NA...8848`
• `NA` -> `NA...8849`
• `NA` -> `NA...8850`
• `NA` -> `NA...8851`
• `NA` -> `NA...8852`
• `NA` -> `NA...8853`
• `NA` -> `NA...8854`
• `NA` -> `NA...8855`
• `NA` -> `NA...8856`
• `NA` -> `NA...8857`
• `NA` -> `NA...8858`
• `NA` -> `NA...8859`
• `NA` -> `NA...8860`
• `NA` -> `NA...8861`
• `NA` -> `NA...8863`
• `NA` -> `NA...8864`
• `NA` -> `NA...8865`
• `NA` -> `NA...8866`
• `NA` -> `NA...8867`
• `NA` -> `NA...8868`
• `NA` -> `NA...8869`
• `NA` -> `NA...8870`
• `NA` -> `NA...8871`
• `NA` -> `NA...8872`
• `NA` -> `NA...8873`
• `NA` -> `NA...8874`
• `NA` -> `NA...8875`
• `NA` -> `NA...8876`
• `NA` -> `NA...8877`
• `NA` -> `NA...8878`
• `NA` -> `NA...8879`
• `NA` -> `NA...8880`
• `NA` -> `NA...8881`
• `NA` -> `NA...8883`
• `NA` -> `NA...8884`
• `NA` -> `NA...8885`
• `NA` -> `NA...8886`
• `NA` -> `NA...8887`
• `NA` -> `NA...8888`
• `NA` -> `NA...8889`
• `NA` -> `NA...8890`
• `NA` -> `NA...8891`
• `NA` -> `NA...8892`
• `NA` -> `NA...8893`
• `NA` -> `NA...8894`
• `NA` -> `NA...8895`
• `NA` -> `NA...8896`
• `NA` -> `NA...8897`
• `NA` -> `NA...8898`
• `NA` -> `NA...8899`
• `NA` -> `NA...8900`
• `NA` -> `NA...8901`
• `NA` -> `NA...8903`
• `NA` -> `NA...8904`
• `NA` -> `NA...8905`
• `NA` -> `NA...8906`
• `NA` -> `NA...8907`
• `NA` -> `NA...8908`
• `NA` -> `NA...8909`
• `NA` -> `NA...8910`
• `NA` -> `NA...8911`
• `NA` -> `NA...8912`
• `NA` -> `NA...8913`
• `NA` -> `NA...8914`
• `NA` -> `NA...8915`
• `NA` -> `NA...8916`
• `NA` -> `NA...8917`
• `NA` -> `NA...8918`
• `NA` -> `NA...8919`
• `NA` -> `NA...8920`
• `NA` -> `NA...8921`
• `NA` -> `NA...8923`
• `NA` -> `NA...8924`
• `NA` -> `NA...8925`
• `NA` -> `NA...8926`
• `NA` -> `NA...8927`
• `NA` -> `NA...8928`
• `NA` -> `NA...8929`
• `NA` -> `NA...8930`
• `NA` -> `NA...8931`
• `NA` -> `NA...8932`
• `NA` -> `NA...8933`
• `NA` -> `NA...8934`
• `NA` -> `NA...8935`
• `NA` -> `NA...8936`
• `NA` -> `NA...8937`
• `NA` -> `NA...8938`
• `NA` -> `NA...8939`
• `NA` -> `NA...8940`
• `NA` -> `NA...8941`
• `NA` -> `NA...8943`
• `NA` -> `NA...8944`
• `NA` -> `NA...8945`
• `NA` -> `NA...8946`
• `NA` -> `NA...8947`
• `NA` -> `NA...8948`
• `NA` -> `NA...8949`
• `NA` -> `NA...8950`
• `NA` -> `NA...8951`
• `NA` -> `NA...8952`
• `NA` -> `NA...8953`
• `NA` -> `NA...8954`
• `NA` -> `NA...8955`
• `NA` -> `NA...8956`
• `NA` -> `NA...8957`
• `NA` -> `NA...8958`
• `NA` -> `NA...8959`
• `NA` -> `NA...8960`
• `NA` -> `NA...8961`
• `NA` -> `NA...8963`
• `NA` -> `NA...8964`
• `NA` -> `NA...8965`
• `NA` -> `NA...8966`
• `NA` -> `NA...8967`
• `NA` -> `NA...8968`
• `NA` -> `NA...8969`
• `NA` -> `NA...8970`
• `NA` -> `NA...8971`
• `NA` -> `NA...8972`
• `NA` -> `NA...8973`
• `NA` -> `NA...8974`
• `NA` -> `NA...8975`
• `NA` -> `NA...8976`
• `NA` -> `NA...8977`
• `NA` -> `NA...8978`
• `NA` -> `NA...8979`
• `NA` -> `NA...8980`
• `NA` -> `NA...8981`
• `NA` -> `NA...8983`
• `NA` -> `NA...8984`
• `NA` -> `NA...8985`
• `NA` -> `NA...8986`
• `NA` -> `NA...8987`
• `NA` -> `NA...8988`
• `NA` -> `NA...8989`
• `NA` -> `NA...8990`
• `NA` -> `NA...8991`
• `NA` -> `NA...8992`
• `NA` -> `NA...8993`
• `NA` -> `NA...8994`
• `NA` -> `NA...8995`
• `NA` -> `NA...8996`
• `NA` -> `NA...8997`
• `NA` -> `NA...8998`
• `NA` -> `NA...8999`
• `NA` -> `NA...9000`
• `NA` -> `NA...9001`
• `NA` -> `NA...9003`
• `NA` -> `NA...9004`
• `NA` -> `NA...9005`
• `NA` -> `NA...9006`
• `NA` -> `NA...9007`
• `NA` -> `NA...9008`
• `NA` -> `NA...9009`
• `NA` -> `NA...9010`
• `NA` -> `NA...9011`
• `NA` -> `NA...9012`
• `NA` -> `NA...9013`
• `NA` -> `NA...9014`
• `NA` -> `NA...9015`
• `NA` -> `NA...9016`
• `NA` -> `NA...9017`
• `NA` -> `NA...9018`
• `NA` -> `NA...9019`
• `NA` -> `NA...9020`
• `NA` -> `NA...9021`
• `NA` -> `NA...9023`
• `NA` -> `NA...9024`
• `NA` -> `NA...9025`
• `NA` -> `NA...9026`
• `NA` -> `NA...9027`
• `NA` -> `NA...9028`
• `NA` -> `NA...9029`
• `NA` -> `NA...9030`
• `NA` -> `NA...9031`
• `NA` -> `NA...9032`
• `NA` -> `NA...9033`
• `NA` -> `NA...9034`
• `NA` -> `NA...9035`
• `NA` -> `NA...9036`
• `NA` -> `NA...9037`
• `NA` -> `NA...9038`
• `NA` -> `NA...9039`
• `NA` -> `NA...9040`
• `NA` -> `NA...9041`
• `NA` -> `NA...9043`
• `NA` -> `NA...9044`
• `NA` -> `NA...9045`
• `NA` -> `NA...9046`
• `NA` -> `NA...9047`
• `NA` -> `NA...9048`
• `NA` -> `NA...9049`
• `NA` -> `NA...9050`
• `NA` -> `NA...9051`
• `NA` -> `NA...9052`
• `NA` -> `NA...9053`
• `NA` -> `NA...9054`
• `NA` -> `NA...9055`
• `NA` -> `NA...9056`
• `NA` -> `NA...9057`
• `NA` -> `NA...9058`
• `NA` -> `NA...9059`
• `NA` -> `NA...9060`
• `NA` -> `NA...9061`
• `NA` -> `NA...9063`
• `NA` -> `NA...9064`
• `NA` -> `NA...9065`
• `NA` -> `NA...9066`
• `NA` -> `NA...9067`
• `NA` -> `NA...9068`
• `NA` -> `NA...9069`
• `NA` -> `NA...9070`
• `NA` -> `NA...9071`
• `NA` -> `NA...9072`
• `NA` -> `NA...9073`
• `NA` -> `NA...9074`
• `NA` -> `NA...9075`
• `NA` -> `NA...9076`
• `NA` -> `NA...9077`
• `NA` -> `NA...9078`
• `NA` -> `NA...9079`
• `NA` -> `NA...9080`
• `NA` -> `NA...9081`
• `NA` -> `NA...9083`
• `NA` -> `NA...9084`
• `NA` -> `NA...9085`
• `NA` -> `NA...9086`
• `NA` -> `NA...9087`
• `NA` -> `NA...9088`
• `NA` -> `NA...9089`
• `NA` -> `NA...9090`
• `NA` -> `NA...9091`
• `NA` -> `NA...9092`
• `NA` -> `NA...9093`
• `NA` -> `NA...9094`
• `NA` -> `NA...9095`
• `NA` -> `NA...9096`
• `NA` -> `NA...9097`
• `NA` -> `NA...9098`
• `NA` -> `NA...9099`
• `NA` -> `NA...9100`
• `NA` -> `NA...9101`
• `NA` -> `NA...9103`
• `NA` -> `NA...9104`
• `NA` -> `NA...9105`
• `NA` -> `NA...9106`
• `NA` -> `NA...9107`
• `NA` -> `NA...9108`
• `NA` -> `NA...9109`
• `NA` -> `NA...9110`
• `NA` -> `NA...9111`
• `NA` -> `NA...9112`
• `NA` -> `NA...9113`
• `NA` -> `NA...9114`
• `NA` -> `NA...9115`
• `NA` -> `NA...9116`
• `NA` -> `NA...9117`
• `NA` -> `NA...9118`
• `NA` -> `NA...9119`
• `NA` -> `NA...9120`
• `NA` -> `NA...9121`
• `NA` -> `NA...9123`
• `NA` -> `NA...9124`
• `NA` -> `NA...9125`
• `NA` -> `NA...9126`
• `NA` -> `NA...9127`
• `NA` -> `NA...9128`
• `NA` -> `NA...9129`
• `NA` -> `NA...9130`
• `NA` -> `NA...9131`
• `NA` -> `NA...9132`
• `NA` -> `NA...9133`
• `NA` -> `NA...9134`
• `NA` -> `NA...9135`
• `NA` -> `NA...9136`
• `NA` -> `NA...9137`
• `NA` -> `NA...9138`
• `NA` -> `NA...9139`
• `NA` -> `NA...9140`
• `NA` -> `NA...9141`
• `NA` -> `NA...9143`
• `NA` -> `NA...9144`
• `NA` -> `NA...9145`
• `NA` -> `NA...9146`
• `NA` -> `NA...9147`
• `NA` -> `NA...9148`
• `NA` -> `NA...9149`
• `NA` -> `NA...9150`
• `NA` -> `NA...9151`
• `NA` -> `NA...9152`
• `NA` -> `NA...9153`
• `NA` -> `NA...9154`
• `NA` -> `NA...9155`
• `NA` -> `NA...9156`
• `NA` -> `NA...9157`
• `NA` -> `NA...9158`
• `NA` -> `NA...9159`
• `NA` -> `NA...9160`
• `NA` -> `NA...9161`
• `NA` -> `NA...9163`
• `NA` -> `NA...9164`
• `NA` -> `NA...9165`
• `NA` -> `NA...9166`
• `NA` -> `NA...9167`
• `NA` -> `NA...9168`
• `NA` -> `NA...9169`
• `NA` -> `NA...9170`
• `NA` -> `NA...9171`
• `NA` -> `NA...9172`
• `NA` -> `NA...9173`
• `NA` -> `NA...9174`
• `NA` -> `NA...9175`
• `NA` -> `NA...9176`
• `NA` -> `NA...9177`
• `NA` -> `NA...9178`
• `NA` -> `NA...9179`
• `NA` -> `NA...9180`
• `NA` -> `NA...9181`
• `NA` -> `NA...9183`
• `NA` -> `NA...9184`
• `NA` -> `NA...9185`
• `NA` -> `NA...9186`
• `NA` -> `NA...9187`
• `NA` -> `NA...9188`
• `NA` -> `NA...9189`
• `NA` -> `NA...9190`
• `NA` -> `NA...9191`
• `NA` -> `NA...9192`
• `NA` -> `NA...9193`
• `NA` -> `NA...9194`
• `NA` -> `NA...9195`
• `NA` -> `NA...9196`
• `NA` -> `NA...9197`
• `NA` -> `NA...9198`
• `NA` -> `NA...9199`
• `NA` -> `NA...9200`
• `NA` -> `NA...9201`
• `NA` -> `NA...9203`
• `NA` -> `NA...9204`
• `NA` -> `NA...9205`
• `NA` -> `NA...9206`
• `NA` -> `NA...9207`
• `NA` -> `NA...9208`
• `NA` -> `NA...9209`
• `NA` -> `NA...9210`
• `NA` -> `NA...9211`
• `NA` -> `NA...9212`
• `NA` -> `NA...9213`
• `NA` -> `NA...9214`
• `NA` -> `NA...9215`
• `NA` -> `NA...9216`
• `NA` -> `NA...9217`
• `NA` -> `NA...9218`
• `NA` -> `NA...9219`
• `NA` -> `NA...9220`
• `NA` -> `NA...9221`
• `NA` -> `NA...9223`
• `NA` -> `NA...9224`
• `NA` -> `NA...9225`
• `NA` -> `NA...9226`
• `NA` -> `NA...9227`
• `NA` -> `NA...9228`
• `NA` -> `NA...9229`
• `NA` -> `NA...9230`
• `NA` -> `NA...9231`
• `NA` -> `NA...9232`
• `NA` -> `NA...9233`
• `NA` -> `NA...9234`
• `NA` -> `NA...9235`
• `NA` -> `NA...9236`
• `NA` -> `NA...9237`
• `NA` -> `NA...9238`
• `NA` -> `NA...9239`
• `NA` -> `NA...9240`
• `NA` -> `NA...9241`
• `NA` -> `NA...9243`
• `NA` -> `NA...9244`
• `NA` -> `NA...9245`
• `NA` -> `NA...9246`
• `NA` -> `NA...9247`
• `NA` -> `NA...9248`
• `NA` -> `NA...9249`
• `NA` -> `NA...9250`
• `NA` -> `NA...9251`
• `NA` -> `NA...9252`
• `NA` -> `NA...9253`
• `NA` -> `NA...9254`
• `NA` -> `NA...9255`
• `NA` -> `NA...9256`
• `NA` -> `NA...9257`
• `NA` -> `NA...9258`
• `NA` -> `NA...9259`
• `NA` -> `NA...9260`
• `NA` -> `NA...9261`
• `NA` -> `NA...9263`
• `NA` -> `NA...9264`
• `NA` -> `NA...9265`
• `NA` -> `NA...9266`
• `NA` -> `NA...9267`
• `NA` -> `NA...9268`
• `NA` -> `NA...9269`
• `NA` -> `NA...9270`
• `NA` -> `NA...9271`
• `NA` -> `NA...9272`
• `NA` -> `NA...9273`
• `NA` -> `NA...9274`
• `NA` -> `NA...9275`
• `NA` -> `NA...9276`
• `NA` -> `NA...9277`
• `NA` -> `NA...9278`
• `NA` -> `NA...9279`
• `NA` -> `NA...9280`
• `NA` -> `NA...9281`
• `NA` -> `NA...9283`
• `NA` -> `NA...9284`
• `NA` -> `NA...9285`
• `NA` -> `NA...9286`
• `NA` -> `NA...9287`
• `NA` -> `NA...9288`
• `NA` -> `NA...9289`
• `NA` -> `NA...9290`
• `NA` -> `NA...9291`
• `NA` -> `NA...9292`
• `NA` -> `NA...9293`
• `NA` -> `NA...9294`
• `NA` -> `NA...9295`
• `NA` -> `NA...9296`
• `NA` -> `NA...9297`
• `NA` -> `NA...9298`
• `NA` -> `NA...9299`
• `NA` -> `NA...9300`
• `NA` -> `NA...9301`
• `NA` -> `NA...9303`
• `NA` -> `NA...9304`
• `NA` -> `NA...9305`
• `NA` -> `NA...9306`
• `NA` -> `NA...9307`
• `NA` -> `NA...9308`
• `NA` -> `NA...9309`
• `NA` -> `NA...9310`
• `NA` -> `NA...9311`
• `NA` -> `NA...9312`
• `NA` -> `NA...9313`
• `NA` -> `NA...9314`
• `NA` -> `NA...9315`
• `NA` -> `NA...9316`
• `NA` -> `NA...9317`
• `NA` -> `NA...9318`
• `NA` -> `NA...9319`
• `NA` -> `NA...9320`
• `NA` -> `NA...9321`
• `NA` -> `NA...9323`
• `NA` -> `NA...9324`
• `NA` -> `NA...9325`
• `NA` -> `NA...9326`
• `NA` -> `NA...9327`
• `NA` -> `NA...9328`
• `NA` -> `NA...9329`
• `NA` -> `NA...9330`
• `NA` -> `NA...9331`
• `NA` -> `NA...9332`
• `NA` -> `NA...9333`
• `NA` -> `NA...9334`
• `NA` -> `NA...9335`
• `NA` -> `NA...9336`
• `NA` -> `NA...9337`
• `NA` -> `NA...9338`
• `NA` -> `NA...9339`
• `NA` -> `NA...9340`
• `NA` -> `NA...9341`
• `NA` -> `NA...9343`
• `NA` -> `NA...9344`
• `NA` -> `NA...9345`
• `NA` -> `NA...9346`
• `NA` -> `NA...9347`
• `NA` -> `NA...9348`
• `NA` -> `NA...9349`
• `NA` -> `NA...9350`
• `NA` -> `NA...9351`
• `NA` -> `NA...9352`
• `NA` -> `NA...9353`
• `NA` -> `NA...9354`
• `NA` -> `NA...9355`
• `NA` -> `NA...9356`
• `NA` -> `NA...9357`
• `NA` -> `NA...9358`
• `NA` -> `NA...9359`
• `NA` -> `NA...9360`
• `NA` -> `NA...9361`
• `NA` -> `NA...9363`
• `NA` -> `NA...9364`
• `NA` -> `NA...9365`
• `NA` -> `NA...9366`
• `NA` -> `NA...9367`
• `NA` -> `NA...9368`
• `NA` -> `NA...9369`
• `NA` -> `NA...9370`
• `NA` -> `NA...9371`
• `NA` -> `NA...9372`
• `NA` -> `NA...9373`
• `NA` -> `NA...9374`
• `NA` -> `NA...9375`
• `NA` -> `NA...9376`
• `NA` -> `NA...9377`
• `NA` -> `NA...9378`
• `NA` -> `NA...9379`
• `NA` -> `NA...9380`
• `NA` -> `NA...9381`
• `NA` -> `NA...9383`
• `NA` -> `NA...9384`
• `NA` -> `NA...9385`
• `NA` -> `NA...9386`
• `NA` -> `NA...9387`
• `NA` -> `NA...9388`
• `NA` -> `NA...9389`
• `NA` -> `NA...9390`
• `NA` -> `NA...9391`
• `NA` -> `NA...9392`
• `NA` -> `NA...9393`
• `NA` -> `NA...9394`
• `NA` -> `NA...9395`
• `NA` -> `NA...9396`
• `NA` -> `NA...9397`
• `NA` -> `NA...9398`
• `NA` -> `NA...9399`
• `NA` -> `NA...9400`
• `NA` -> `NA...9401`
• `NA` -> `NA...9403`
• `NA` -> `NA...9404`
• `NA` -> `NA...9405`
• `NA` -> `NA...9406`
• `NA` -> `NA...9407`
• `NA` -> `NA...9408`
• `NA` -> `NA...9409`
• `NA` -> `NA...9410`
• `NA` -> `NA...9411`
• `NA` -> `NA...9412`
• `NA` -> `NA...9413`
• `NA` -> `NA...9414`
• `NA` -> `NA...9415`
• `NA` -> `NA...9416`
• `NA` -> `NA...9417`
• `NA` -> `NA...9418`
• `NA` -> `NA...9419`
• `NA` -> `NA...9420`
• `NA` -> `NA...9421`
• `NA` -> `NA...9423`
• `NA` -> `NA...9424`
• `NA` -> `NA...9425`
• `NA` -> `NA...9426`
• `NA` -> `NA...9427`
• `NA` -> `NA...9428`
• `NA` -> `NA...9429`
• `NA` -> `NA...9430`
• `NA` -> `NA...9431`
• `NA` -> `NA...9432`
• `NA` -> `NA...9433`
• `NA` -> `NA...9434`
• `NA` -> `NA...9435`
• `NA` -> `NA...9436`
• `NA` -> `NA...9437`
• `NA` -> `NA...9438`
• `NA` -> `NA...9439`
• `NA` -> `NA...9440`
• `NA` -> `NA...9441`
• `NA` -> `NA...9443`
• `NA` -> `NA...9444`
• `NA` -> `NA...9445`
• `NA` -> `NA...9446`
• `NA` -> `NA...9447`
• `NA` -> `NA...9448`
• `NA` -> `NA...9449`
• `NA` -> `NA...9450`
• `NA` -> `NA...9451`
• `NA` -> `NA...9452`
• `NA` -> `NA...9453`
• `NA` -> `NA...9454`
• `NA` -> `NA...9455`
• `NA` -> `NA...9456`
• `NA` -> `NA...9457`
• `NA` -> `NA...9458`
• `NA` -> `NA...9459`
• `NA` -> `NA...9460`
• `NA` -> `NA...9461`
• `NA` -> `NA...9463`
• `NA` -> `NA...9464`
• `NA` -> `NA...9465`
• `NA` -> `NA...9466`
• `NA` -> `NA...9467`
• `NA` -> `NA...9468`
• `NA` -> `NA...9469`
• `NA` -> `NA...9470`
• `NA` -> `NA...9471`
• `NA` -> `NA...9472`
• `NA` -> `NA...9473`
• `NA` -> `NA...9474`
• `NA` -> `NA...9475`
• `NA` -> `NA...9476`
• `NA` -> `NA...9477`
• `NA` -> `NA...9478`
• `NA` -> `NA...9479`
• `NA` -> `NA...9480`
• `NA` -> `NA...9481`
• `NA` -> `NA...9483`
• `NA` -> `NA...9484`
• `NA` -> `NA...9485`
• `NA` -> `NA...9486`
• `NA` -> `NA...9487`
• `NA` -> `NA...9488`
• `NA` -> `NA...9489`
• `NA` -> `NA...9490`
• `NA` -> `NA...9491`
• `NA` -> `NA...9492`
• `NA` -> `NA...9493`
• `NA` -> `NA...9494`
• `NA` -> `NA...9495`
• `NA` -> `NA...9496`
• `NA` -> `NA...9497`
• `NA` -> `NA...9498`
• `NA` -> `NA...9499`
• `NA` -> `NA...9500`
• `NA` -> `NA...9501`
• `NA` -> `NA...9503`
• `NA` -> `NA...9504`
• `NA` -> `NA...9505`
• `NA` -> `NA...9506`
• `NA` -> `NA...9507`
• `NA` -> `NA...9508`
• `NA` -> `NA...9509`
• `NA` -> `NA...9510`
• `NA` -> `NA...9511`
• `NA` -> `NA...9512`
• `NA` -> `NA...9513`
• `NA` -> `NA...9514`
• `NA` -> `NA...9515`
• `NA` -> `NA...9516`
• `NA` -> `NA...9517`
• `NA` -> `NA...9518`
• `NA` -> `NA...9519`
• `NA` -> `NA...9520`
• `NA` -> `NA...9521`
• `NA` -> `NA...9523`
• `NA` -> `NA...9524`
• `NA` -> `NA...9525`
• `NA` -> `NA...9526`
• `NA` -> `NA...9527`
• `NA` -> `NA...9528`
• `NA` -> `NA...9529`
• `NA` -> `NA...9530`
• `NA` -> `NA...9531`
• `NA` -> `NA...9532`
• `NA` -> `NA...9533`
• `NA` -> `NA...9534`
• `NA` -> `NA...9535`
• `NA` -> `NA...9536`
• `NA` -> `NA...9537`
• `NA` -> `NA...9538`
• `NA` -> `NA...9539`
• `NA` -> `NA...9540`
• `NA` -> `NA...9541`
• `NA` -> `NA...9543`
• `NA` -> `NA...9544`
• `NA` -> `NA...9545`
• `NA` -> `NA...9546`
• `NA` -> `NA...9547`
• `NA` -> `NA...9548`
• `NA` -> `NA...9549`
• `NA` -> `NA...9550`
• `NA` -> `NA...9551`
• `NA` -> `NA...9552`
• `NA` -> `NA...9553`
• `NA` -> `NA...9554`
• `NA` -> `NA...9555`
• `NA` -> `NA...9556`
• `NA` -> `NA...9557`
• `NA` -> `NA...9558`
• `NA` -> `NA...9559`
• `NA` -> `NA...9560`
• `NA` -> `NA...9561`
• `NA` -> `NA...9563`
• `NA` -> `NA...9564`
• `NA` -> `NA...9565`
• `NA` -> `NA...9566`
• `NA` -> `NA...9567`
• `NA` -> `NA...9568`
• `NA` -> `NA...9569`
• `NA` -> `NA...9570`
• `NA` -> `NA...9571`
• `NA` -> `NA...9572`
• `NA` -> `NA...9573`
• `NA` -> `NA...9574`
• `NA` -> `NA...9575`
• `NA` -> `NA...9576`
• `NA` -> `NA...9577`
• `NA` -> `NA...9578`
• `NA` -> `NA...9579`
• `NA` -> `NA...9580`
• `NA` -> `NA...9581`
• `NA` -> `NA...9583`
• `NA` -> `NA...9584`
• `NA` -> `NA...9585`
• `NA` -> `NA...9586`
• `NA` -> `NA...9587`
• `NA` -> `NA...9588`
• `NA` -> `NA...9589`
• `NA` -> `NA...9590`
• `NA` -> `NA...9591`
• `NA` -> `NA...9592`
• `NA` -> `NA...9593`
• `NA` -> `NA...9594`
• `NA` -> `NA...9595`
• `NA` -> `NA...9596`
• `NA` -> `NA...9597`
• `NA` -> `NA...9598`
• `NA` -> `NA...9599`
• `NA` -> `NA...9600`
• `NA` -> `NA...9601`
• `NA` -> `NA...9603`
• `NA` -> `NA...9604`
• `NA` -> `NA...9605`
• `NA` -> `NA...9606`
• `NA` -> `NA...9607`
• `NA` -> `NA...9608`
• `NA` -> `NA...9609`
• `NA` -> `NA...9610`
• `NA` -> `NA...9611`
• `NA` -> `NA...9612`
• `NA` -> `NA...9613`
• `NA` -> `NA...9614`
• `NA` -> `NA...9615`
• `NA` -> `NA...9616`
• `NA` -> `NA...9617`
• `NA` -> `NA...9618`
• `NA` -> `NA...9619`
• `NA` -> `NA...9620`
• `NA` -> `NA...9621`
• `NA` -> `NA...9623`
• `NA` -> `NA...9624`
• `NA` -> `NA...9625`
• `NA` -> `NA...9626`
• `NA` -> `NA...9627`
• `NA` -> `NA...9628`
• `NA` -> `NA...9629`
• `NA` -> `NA...9630`
• `NA` -> `NA...9631`
• `NA` -> `NA...9632`
• `NA` -> `NA...9633`
• `NA` -> `NA...9634`
• `NA` -> `NA...9635`
• `NA` -> `NA...9636`
• `NA` -> `NA...9637`
• `NA` -> `NA...9638`
• `NA` -> `NA...9639`
• `NA` -> `NA...9640`
• `NA` -> `NA...9641`
• `NA` -> `NA...9643`
• `NA` -> `NA...9644`
• `NA` -> `NA...9645`
• `NA` -> `NA...9646`
• `NA` -> `NA...9647`
• `NA` -> `NA...9648`
• `NA` -> `NA...9649`
• `NA` -> `NA...9650`
• `NA` -> `NA...9651`
• `NA` -> `NA...9652`
• `NA` -> `NA...9653`
• `NA` -> `NA...9654`
• `NA` -> `NA...9655`
• `NA` -> `NA...9656`
• `NA` -> `NA...9657`
• `NA` -> `NA...9658`
• `NA` -> `NA...9659`
• `NA` -> `NA...9660`
• `NA` -> `NA...9661`
• `NA` -> `NA...9663`
• `NA` -> `NA...9664`
• `NA` -> `NA...9665`
• `NA` -> `NA...9666`
• `NA` -> `NA...9667`
• `NA` -> `NA...9668`
• `NA` -> `NA...9669`
• `NA` -> `NA...9670`
• `NA` -> `NA...9671`
• `NA` -> `NA...9672`
• `NA` -> `NA...9673`
• `NA` -> `NA...9674`
• `NA` -> `NA...9675`
• `NA` -> `NA...9676`
• `NA` -> `NA...9677`
• `NA` -> `NA...9678`
• `NA` -> `NA...9679`
• `NA` -> `NA...9680`
• `NA` -> `NA...9681`
• `NA` -> `NA...9683`
• `NA` -> `NA...9684`
• `NA` -> `NA...9685`
• `NA` -> `NA...9686`
• `NA` -> `NA...9687`
• `NA` -> `NA...9688`
• `NA` -> `NA...9689`
• `NA` -> `NA...9690`
• `NA` -> `NA...9691`
• `NA` -> `NA...9692`
• `NA` -> `NA...9693`
• `NA` -> `NA...9694`
• `NA` -> `NA...9695`
• `NA` -> `NA...9696`
• `NA` -> `NA...9697`
• `NA` -> `NA...9698`
• `NA` -> `NA...9699`
• `NA` -> `NA...9700`
• `NA` -> `NA...9701`
• `NA` -> `NA...9703`
• `NA` -> `NA...9704`
• `NA` -> `NA...9705`
• `NA` -> `NA...9706`
• `NA` -> `NA...9707`
• `NA` -> `NA...9708`
• `NA` -> `NA...9709`
• `NA` -> `NA...9710`
• `NA` -> `NA...9711`
• `NA` -> `NA...9712`
• `NA` -> `NA...9713`
• `NA` -> `NA...9714`
• `NA` -> `NA...9715`
• `NA` -> `NA...9716`
• `NA` -> `NA...9717`
• `NA` -> `NA...9718`
• `NA` -> `NA...9719`
• `NA` -> `NA...9720`
• `NA` -> `NA...9721`
• `NA` -> `NA...9723`
• `NA` -> `NA...9724`
• `NA` -> `NA...9725`
• `NA` -> `NA...9726`
• `NA` -> `NA...9727`
• `NA` -> `NA...9728`
• `NA` -> `NA...9729`
• `NA` -> `NA...9730`
• `NA` -> `NA...9731`
• `NA` -> `NA...9732`
• `NA` -> `NA...9733`
• `NA` -> `NA...9734`
• `NA` -> `NA...9735`
• `NA` -> `NA...9736`
• `NA` -> `NA...9737`
• `NA` -> `NA...9738`
• `NA` -> `NA...9739`
• `NA` -> `NA...9740`
• `NA` -> `NA...9741`
• `NA` -> `NA...9743`
• `NA` -> `NA...9744`
• `NA` -> `NA...9745`
• `NA` -> `NA...9746`
• `NA` -> `NA...9747`
• `NA` -> `NA...9748`
• `NA` -> `NA...9749`
• `NA` -> `NA...9750`
• `NA` -> `NA...9751`
• `NA` -> `NA...9752`
• `NA` -> `NA...9753`
• `NA` -> `NA...9754`
• `NA` -> `NA...9755`
• `NA` -> `NA...9756`
• `NA` -> `NA...9757`
• `NA` -> `NA...9758`
• `NA` -> `NA...9759`
• `NA` -> `NA...9760`
• `NA` -> `NA...9761`
• `NA` -> `NA...9763`
• `NA` -> `NA...9764`
• `NA` -> `NA...9765`
• `NA` -> `NA...9766`
• `NA` -> `NA...9767`
• `NA` -> `NA...9768`
• `NA` -> `NA...9769`
• `NA` -> `NA...9770`
• `NA` -> `NA...9771`
• `NA` -> `NA...9772`
• `NA` -> `NA...9773`
• `NA` -> `NA...9774`
• `NA` -> `NA...9775`
• `NA` -> `NA...9776`
• `NA` -> `NA...9777`
• `NA` -> `NA...9778`
• `NA` -> `NA...9779`
• `NA` -> `NA...9780`
• `NA` -> `NA...9781`
• `NA` -> `NA...9783`
• `NA` -> `NA...9784`
• `NA` -> `NA...9785`
• `NA` -> `NA...9786`
• `NA` -> `NA...9787`
• `NA` -> `NA...9788`
• `NA` -> `NA...9789`
• `NA` -> `NA...9790`
• `NA` -> `NA...9791`
• `NA` -> `NA...9792`
• `NA` -> `NA...9793`
• `NA` -> `NA...9794`
• `NA` -> `NA...9795`
• `NA` -> `NA...9796`
• `NA` -> `NA...9797`
• `NA` -> `NA...9798`
• `NA` -> `NA...9799`
• `NA` -> `NA...9800`
• `NA` -> `NA...9801`
• `NA` -> `NA...9803`
• `NA` -> `NA...9804`
• `NA` -> `NA...9805`
• `NA` -> `NA...9806`
• `NA` -> `NA...9807`
• `NA` -> `NA...9808`
• `NA` -> `NA...9809`
• `NA` -> `NA...9810`
• `NA` -> `NA...9811`
• `NA` -> `NA...9812`
• `NA` -> `NA...9813`
• `NA` -> `NA...9814`
• `NA` -> `NA...9815`
• `NA` -> `NA...9816`
• `NA` -> `NA...9817`
• `NA` -> `NA...9818`
• `NA` -> `NA...9819`
• `NA` -> `NA...9820`
• `NA` -> `NA...9821`
• `NA` -> `NA...9823`
• `NA` -> `NA...9824`
• `NA` -> `NA...9825`
• `NA` -> `NA...9826`
• `NA` -> `NA...9827`
• `NA` -> `NA...9828`
• `NA` -> `NA...9829`
• `NA` -> `NA...9830`
• `NA` -> `NA...9831`
• `NA` -> `NA...9832`
• `NA` -> `NA...9833`
• `NA` -> `NA...9834`
• `NA` -> `NA...9835`
• `NA` -> `NA...9836`
• `NA` -> `NA...9837`
• `NA` -> `NA...9838`
• `NA` -> `NA...9839`
• `NA` -> `NA...9840`
• `NA` -> `NA...9841`
• `NA` -> `NA...9843`
• `NA` -> `NA...9844`
• `NA` -> `NA...9845`
• `NA` -> `NA...9846`
• `NA` -> `NA...9847`
• `NA` -> `NA...9848`
• `NA` -> `NA...9849`
• `NA` -> `NA...9850`
• `NA` -> `NA...9851`
• `NA` -> `NA...9852`
• `NA` -> `NA...9853`
• `NA` -> `NA...9854`
• `NA` -> `NA...9855`
• `NA` -> `NA...9856`
• `NA` -> `NA...9857`
• `NA` -> `NA...9858`
• `NA` -> `NA...9859`
• `NA` -> `NA...9860`
• `NA` -> `NA...9861`
• `NA` -> `NA...9863`
• `NA` -> `NA...9864`
• `NA` -> `NA...9865`
• `NA` -> `NA...9866`
• `NA` -> `NA...9867`
• `NA` -> `NA...9868`
• `NA` -> `NA...9869`
• `NA` -> `NA...9870`
• `NA` -> `NA...9871`
• `NA` -> `NA...9872`
• `NA` -> `NA...9873`
• `NA` -> `NA...9874`
• `NA` -> `NA...9875`
• `NA` -> `NA...9876`
• `NA` -> `NA...9877`
• `NA` -> `NA...9878`
• `NA` -> `NA...9879`
• `NA` -> `NA...9880`
• `NA` -> `NA...9881`
• `NA` -> `NA...9883`
• `NA` -> `NA...9884`
• `NA` -> `NA...9885`
• `NA` -> `NA...9886`
• `NA` -> `NA...9887`
• `NA` -> `NA...9888`
• `NA` -> `NA...9889`
• `NA` -> `NA...9890`
• `NA` -> `NA...9891`
• `NA` -> `NA...9892`
• `NA` -> `NA...9893`
• `NA` -> `NA...9894`
• `NA` -> `NA...9895`
• `NA` -> `NA...9896`
• `NA` -> `NA...9897`
• `NA` -> `NA...9898`
• `NA` -> `NA...9899`
• `NA` -> `NA...9900`
• `NA` -> `NA...9901`
• `NA` -> `NA...9903`
• `NA` -> `NA...9904`
• `NA` -> `NA...9905`
• `NA` -> `NA...9906`
• `NA` -> `NA...9907`
• `NA` -> `NA...9908`
• `NA` -> `NA...9909`
• `NA` -> `NA...9910`
• `NA` -> `NA...9911`
• `NA` -> `NA...9912`
• `NA` -> `NA...9913`
• `NA` -> `NA...9914`
• `NA` -> `NA...9915`
• `NA` -> `NA...9916`
• `NA` -> `NA...9917`
• `NA` -> `NA...9918`
• `NA` -> `NA...9919`
• `NA` -> `NA...9920`
• `NA` -> `NA...9921`
• `NA` -> `NA...9923`
• `NA` -> `NA...9924`
• `NA` -> `NA...9925`
• `NA` -> `NA...9926`
• `NA` -> `NA...9927`
• `NA` -> `NA...9928`
• `NA` -> `NA...9929`
• `NA` -> `NA...9930`
• `NA` -> `NA...9931`
• `NA` -> `NA...9932`
• `NA` -> `NA...9933`
• `NA` -> `NA...9934`
• `NA` -> `NA...9935`
• `NA` -> `NA...9936`
• `NA` -> `NA...9937`
• `NA` -> `NA...9938`
• `NA` -> `NA...9939`
• `NA` -> `NA...9940`
• `NA` -> `NA...9941`
• `NA` -> `NA...9943`
• `NA` -> `NA...9944`
• `NA` -> `NA...9945`
• `NA` -> `NA...9946`
• `NA` -> `NA...9947`
• `NA` -> `NA...9948`
• `NA` -> `NA...9949`
• `NA` -> `NA...9950`
• `NA` -> `NA...9951`
• `NA` -> `NA...9952`
• `NA` -> `NA...9953`
• `NA` -> `NA...9954`
• `NA` -> `NA...9955`
• `NA` -> `NA...9956`
• `NA` -> `NA...9957`
• `NA` -> `NA...9958`
• `NA` -> `NA...9959`
• `NA` -> `NA...9960`
• `NA` -> `NA...9961`
• `NA` -> `NA...9963`
• `NA` -> `NA...9964`
• `NA` -> `NA...9965`
• `NA` -> `NA...9966`
• `NA` -> `NA...9967`
• `NA` -> `NA...9968`
• `NA` -> `NA...9969`
• `NA` -> `NA...9970`
• `NA` -> `NA...9971`
• `NA` -> `NA...9972`
• `NA` -> `NA...9973`
• `NA` -> `NA...9974`
• `NA` -> `NA...9975`
• `NA` -> `NA...9976`
• `NA` -> `NA...9977`
• `NA` -> `NA...9978`
• `NA` -> `NA...9979`
• `NA` -> `NA...9980`
• `NA` -> `NA...9981`
• `NA` -> `NA...9983`
• `NA` -> `NA...9984`
• `NA` -> `NA...9985`
• `NA` -> `NA...9986`
• `NA` -> `NA...9987`
• `NA` -> `NA...9988`
• `NA` -> `NA...9989`
• `NA` -> `NA...9990`
• `NA` -> `NA...9991`
• `NA` -> `NA...9992`
• `NA` -> `NA...9993`
• `NA` -> `NA...9994`
• `NA` -> `NA...9995`
• `NA` -> `NA...9996`
• `NA` -> `NA...9997`
• `NA` -> `NA...9998`
• `NA` -> `NA...9999`
• `NA` -> `NA...10000`
• `NA` -> `NA...10001`
• `NA` -> `NA...10003`
• `NA` -> `NA...10004`
• `NA` -> `NA...10005`
• `NA` -> `NA...10006`
• `NA` -> `NA...10007`
• `NA` -> `NA...10008`
• `NA` -> `NA...10009`
• `NA` -> `NA...10010`
• `NA` -> `NA...10011`
• `NA` -> `NA...10012`
• `NA` -> `NA...10013`
• `NA` -> `NA...10014`
• `NA` -> `NA...10015`
• `NA` -> `NA...10016`
• `NA` -> `NA...10017`
• `NA` -> `NA...10018`
• `NA` -> `NA...10019`
• `NA` -> `NA...10020`
• `NA` -> `NA...10021`
• `NA` -> `NA...10023`
• `NA` -> `NA...10024`
• `NA` -> `NA...10025`
• `NA` -> `NA...10026`
• `NA` -> `NA...10027`
• `NA` -> `NA...10028`
• `NA` -> `NA...10029`
• `NA` -> `NA...10030`
• `NA` -> `NA...10031`
• `NA` -> `NA...10032`
• `NA` -> `NA...10033`
• `NA` -> `NA...10034`
• `NA` -> `NA...10035`
• `NA` -> `NA...10036`
• `NA` -> `NA...10037`
• `NA` -> `NA...10038`
• `NA` -> `NA...10039`
• `NA` -> `NA...10040`
• `NA` -> `NA...10041`
• `NA` -> `NA...10043`
• `NA` -> `NA...10044`
• `NA` -> `NA...10045`
• `NA` -> `NA...10046`
• `NA` -> `NA...10047`
• `NA` -> `NA...10048`
• `NA` -> `NA...10049`
• `NA` -> `NA...10050`
• `NA` -> `NA...10051`
• `NA` -> `NA...10052`
• `NA` -> `NA...10053`
• `NA` -> `NA...10054`
• `NA` -> `NA...10055`
• `NA` -> `NA...10056`
• `NA` -> `NA...10057`
• `NA` -> `NA...10058`
• `NA` -> `NA...10059`
• `NA` -> `NA...10060`
• `NA` -> `NA...10061`
• `NA` -> `NA...10063`
• `NA` -> `NA...10064`
• `NA` -> `NA...10065`
• `NA` -> `NA...10066`
• `NA` -> `NA...10067`
• `NA` -> `NA...10068`
• `NA` -> `NA...10069`
• `NA` -> `NA...10070`
• `NA` -> `NA...10071`
• `NA` -> `NA...10072`
• `NA` -> `NA...10073`
• `NA` -> `NA...10074`
• `NA` -> `NA...10075`
• `NA` -> `NA...10076`
• `NA` -> `NA...10077`
• `NA` -> `NA...10078`
• `NA` -> `NA...10079`
• `NA` -> `NA...10080`
• `NA` -> `NA...10081`
• `NA` -> `NA...10083`
• `NA` -> `NA...10084`
• `NA` -> `NA...10085`
• `NA` -> `NA...10086`
• `NA` -> `NA...10087`
• `NA` -> `NA...10088`
• `NA` -> `NA...10089`
• `NA` -> `NA...10090`
• `NA` -> `NA...10091`
• `NA` -> `NA...10092`
• `NA` -> `NA...10093`
• `NA` -> `NA...10094`
• `NA` -> `NA...10095`
• `NA` -> `NA...10096`
• `NA` -> `NA...10097`
• `NA` -> `NA...10098`
• `NA` -> `NA...10099`
• `NA` -> `NA...10100`
• `NA` -> `NA...10101`
• `NA` -> `NA...10103`
• `NA` -> `NA...10104`
• `NA` -> `NA...10105`
• `NA` -> `NA...10106`
• `NA` -> `NA...10107`
• `NA` -> `NA...10108`
• `NA` -> `NA...10109`
• `NA` -> `NA...10110`
• `NA` -> `NA...10111`
• `NA` -> `NA...10112`
• `NA` -> `NA...10113`
• `NA` -> `NA...10114`
• `NA` -> `NA...10115`
• `NA` -> `NA...10116`
• `NA` -> `NA...10117`
• `NA` -> `NA...10118`
• `NA` -> `NA...10119`
• `NA` -> `NA...10120`
• `NA` -> `NA...10121`
• `NA` -> `NA...10123`
• `NA` -> `NA...10124`
• `NA` -> `NA...10125`
• `NA` -> `NA...10126`
• `NA` -> `NA...10127`
• `NA` -> `NA...10128`
• `NA` -> `NA...10129`
• `NA` -> `NA...10130`
• `NA` -> `NA...10131`
• `NA` -> `NA...10132`
• `NA` -> `NA...10133`
• `NA` -> `NA...10134`
• `NA` -> `NA...10135`
• `NA` -> `NA...10136`
• `NA` -> `NA...10137`
• `NA` -> `NA...10138`
• `NA` -> `NA...10139`
• `NA` -> `NA...10140`
• `NA` -> `NA...10141`
• `NA` -> `NA...10143`
• `NA` -> `NA...10144`
• `NA` -> `NA...10145`
• `NA` -> `NA...10146`
• `NA` -> `NA...10147`
• `NA` -> `NA...10148`
• `NA` -> `NA...10149`
• `NA` -> `NA...10150`
• `NA` -> `NA...10151`
• `NA` -> `NA...10152`
• `NA` -> `NA...10153`
• `NA` -> `NA...10154`
• `NA` -> `NA...10155`
• `NA` -> `NA...10156`
• `NA` -> `NA...10157`
• `NA` -> `NA...10158`
• `NA` -> `NA...10159`
• `NA` -> `NA...10160`
• `NA` -> `NA...10161`
• `NA` -> `NA...10163`
• `NA` -> `NA...10164`
• `NA` -> `NA...10165`
• `NA` -> `NA...10166`
• `NA` -> `NA...10167`
• `NA` -> `NA...10168`
• `NA` -> `NA...10169`
• `NA` -> `NA...10170`
• `NA` -> `NA...10171`
• `NA` -> `NA...10172`
• `NA` -> `NA...10173`
• `NA` -> `NA...10174`
• `NA` -> `NA...10175`
• `NA` -> `NA...10176`
• `NA` -> `NA...10177`
• `NA` -> `NA...10178`
• `NA` -> `NA...10179`
• `NA` -> `NA...10180`
• `NA` -> `NA...10181`
• `NA` -> `NA...10183`
• `NA` -> `NA...10184`
• `NA` -> `NA...10185`
• `NA` -> `NA...10186`
• `NA` -> `NA...10187`
• `NA` -> `NA...10188`
• `NA` -> `NA...10189`
• `NA` -> `NA...10190`
• `NA` -> `NA...10191`
• `NA` -> `NA...10192`
• `NA` -> `NA...10193`
• `NA` -> `NA...10194`
• `NA` -> `NA...10195`
• `NA` -> `NA...10196`
• `NA` -> `NA...10197`
• `NA` -> `NA...10198`
• `NA` -> `NA...10199`
• `NA` -> `NA...10200`
• `NA` -> `NA...10201`
• `NA` -> `NA...10203`
• `NA` -> `NA...10204`
• `NA` -> `NA...10205`
• `NA` -> `NA...10206`
• `NA` -> `NA...10207`
• `NA` -> `NA...10208`
• `NA` -> `NA...10209`
• `NA` -> `NA...10210`
• `NA` -> `NA...10211`
• `NA` -> `NA...10212`
• `NA` -> `NA...10213`
• `NA` -> `NA...10214`
• `NA` -> `NA...10215`
• `NA` -> `NA...10216`
• `NA` -> `NA...10217`
• `NA` -> `NA...10218`
• `NA` -> `NA...10219`
• `NA` -> `NA...10220`
• `NA` -> `NA...10221`
• `NA` -> `NA...10223`
• `NA` -> `NA...10224`
• `NA` -> `NA...10225`
• `NA` -> `NA...10226`
• `NA` -> `NA...10227`
• `NA` -> `NA...10228`
• `NA` -> `NA...10229`
• `NA` -> `NA...10230`
• `NA` -> `NA...10231`
• `NA` -> `NA...10232`
• `NA` -> `NA...10233`
• `NA` -> `NA...10234`
• `NA` -> `NA...10235`
• `NA` -> `NA...10236`
• `NA` -> `NA...10237`
• `NA` -> `NA...10238`
• `NA` -> `NA...10239`
• `NA` -> `NA...10240`
• `NA` -> `NA...10241`
New names:
• `NA` -> `NA...5123`
• `NA` -> `NA...5124`
• `NA` -> `NA...5125`
• `NA` -> `NA...5126`
• `NA` -> `NA...5127`
• `NA` -> `NA...5128`
• `NA` -> `NA...5129`
• `NA` -> `NA...5130`
• `NA` -> `NA...5131`
• `NA` -> `NA...5132`
• `NA` -> `NA...5133`
• `NA` -> `NA...5134`
• `NA` -> `NA...5135`
• `NA` -> `NA...5136`
• `NA` -> `NA...5137`
• `NA` -> `NA...5138`
• `NA` -> `NA...5139`
• `NA` -> `NA...5140`
• `NA` -> `NA...5141`
• `NA` -> `NA...5143`
• `NA` -> `NA...5144`
• `NA` -> `NA...5145`
• `NA` -> `NA...5146`
• `NA` -> `NA...5147`
• `NA` -> `NA...5148`
• `NA` -> `NA...5149`
• `NA` -> `NA...5150`
• `NA` -> `NA...5151`
• `NA` -> `NA...5152`
• `NA` -> `NA...5153`
• `NA` -> `NA...5154`
• `NA` -> `NA...5155`
• `NA` -> `NA...5156`
• `NA` -> `NA...5157`
• `NA` -> `NA...5158`
• `NA` -> `NA...5159`
• `NA` -> `NA...5160`
• `NA` -> `NA...5161`
• `NA` -> `NA...5163`
• `NA` -> `NA...5164`
• `NA` -> `NA...5165`
• `NA` -> `NA...5166`
• `NA` -> `NA...5167`
• `NA` -> `NA...5168`
• `NA` -> `NA...5169`
• `NA` -> `NA...5170`
• `NA` -> `NA...5171`
• `NA` -> `NA...5172`
• `NA` -> `NA...5173`
• `NA` -> `NA...5174`
• `NA` -> `NA...5175`
• `NA` -> `NA...5176`
• `NA` -> `NA...5177`
• `NA` -> `NA...5178`
• `NA` -> `NA...5179`
• `NA` -> `NA...5180`
• `NA` -> `NA...5181`
• `NA` -> `NA...5183`
• `NA` -> `NA...5184`
• `NA` -> `NA...5185`
• `NA` -> `NA...5186`
• `NA` -> `NA...5187`
• `NA` -> `NA...5188`
• `NA` -> `NA...5189`
• `NA` -> `NA...5190`
• `NA` -> `NA...5191`
• `NA` -> `NA...5192`
• `NA` -> `NA...5193`
• `NA` -> `NA...5194`
• `NA` -> `NA...5195`
• `NA` -> `NA...5196`
• `NA` -> `NA...5197`
• `NA` -> `NA...5198`
• `NA` -> `NA...5199`
• `NA` -> `NA...5200`
• `NA` -> `NA...5201`
• `NA` -> `NA...5203`
• `NA` -> `NA...5204`
• `NA` -> `NA...5205`
• `NA` -> `NA...5206`
• `NA` -> `NA...5207`
• `NA` -> `NA...5208`
• `NA` -> `NA...5209`
• `NA` -> `NA...5210`
• `NA` -> `NA...5211`
• `NA` -> `NA...5212`
• `NA` -> `NA...5213`
• `NA` -> `NA...5214`
• `NA` -> `NA...5215`
• `NA` -> `NA...5216`
• `NA` -> `NA...5217`
• `NA` -> `NA...5218`
• `NA` -> `NA...5219`
• `NA` -> `NA...5220`
• `NA` -> `NA...5221`
• `NA` -> `NA...5223`
• `NA` -> `NA...5224`
• `NA` -> `NA...5225`
• `NA` -> `NA...5226`
• `NA` -> `NA...5227`
• `NA` -> `NA...5228`
• `NA` -> `NA...5229`
• `NA` -> `NA...5230`
• `NA` -> `NA...5231`
• `NA` -> `NA...5232`
• `NA` -> `NA...5233`
• `NA` -> `NA...5234`
• `NA` -> `NA...5235`
• `NA` -> `NA...5236`
• `NA` -> `NA...5237`
• `NA` -> `NA...5238`
• `NA` -> `NA...5239`
• `NA` -> `NA...5240`
• `NA` -> `NA...5241`
• `NA` -> `NA...5243`
• `NA` -> `NA...5244`
• `NA` -> `NA...5245`
• `NA` -> `NA...5246`
• `NA` -> `NA...5247`
• `NA` -> `NA...5248`
• `NA` -> `NA...5249`
• `NA` -> `NA...5250`
• `NA` -> `NA...5251`
• `NA` -> `NA...5252`
• `NA` -> `NA...5253`
• `NA` -> `NA...5254`
• `NA` -> `NA...5255`
• `NA` -> `NA...5256`
• `NA` -> `NA...5257`
• `NA` -> `NA...5258`
• `NA` -> `NA...5259`
• `NA` -> `NA...5260`
• `NA` -> `NA...5261`
• `NA` -> `NA...5263`
• `NA` -> `NA...5264`
• `NA` -> `NA...5265`
• `NA` -> `NA...5266`
• `NA` -> `NA...5267`
• `NA` -> `NA...5268`
• `NA` -> `NA...5269`
• `NA` -> `NA...5270`
• `NA` -> `NA...5271`
• `NA` -> `NA...5272`
• `NA` -> `NA...5273`
• `NA` -> `NA...5274`
• `NA` -> `NA...5275`
• `NA` -> `NA...5276`
• `NA` -> `NA...5277`
• `NA` -> `NA...5278`
• `NA` -> `NA...5279`
• `NA` -> `NA...5280`
• `NA` -> `NA...5281`
• `NA` -> `NA...5283`
• `NA` -> `NA...5284`
• `NA` -> `NA...5285`
• `NA` -> `NA...5286`
• `NA` -> `NA...5287`
• `NA` -> `NA...5288`
• `NA` -> `NA...5289`
• `NA` -> `NA...5290`
• `NA` -> `NA...5291`
• `NA` -> `NA...5292`
• `NA` -> `NA...5293`
• `NA` -> `NA...5294`
• `NA` -> `NA...5295`
• `NA` -> `NA...5296`
• `NA` -> `NA...5297`
• `NA` -> `NA...5298`
• `NA` -> `NA...5299`
• `NA` -> `NA...5300`
• `NA` -> `NA...5301`
• `NA` -> `NA...5303`
• `NA` -> `NA...5304`
• `NA` -> `NA...5305`
• `NA` -> `NA...5306`
• `NA` -> `NA...5307`
• `NA` -> `NA...5308`
• `NA` -> `NA...5309`
• `NA` -> `NA...5310`
• `NA` -> `NA...5311`
• `NA` -> `NA...5312`
• `NA` -> `NA...5313`
• `NA` -> `NA...5314`
• `NA` -> `NA...5315`
• `NA` -> `NA...5316`
• `NA` -> `NA...5317`
• `NA` -> `NA...5318`
• `NA` -> `NA...5319`
• `NA` -> `NA...5320`
• `NA` -> `NA...5321`
• `NA` -> `NA...5323`
• `NA` -> `NA...5324`
• `NA` -> `NA...5325`
• `NA` -> `NA...5326`
• `NA` -> `NA...5327`
• `NA` -> `NA...5328`
• `NA` -> `NA...5329`
• `NA` -> `NA...5330`
• `NA` -> `NA...5331`
• `NA` -> `NA...5332`
• `NA` -> `NA...5333`
• `NA` -> `NA...5334`
• `NA` -> `NA...5335`
• `NA` -> `NA...5336`
• `NA` -> `NA...5337`
• `NA` -> `NA...5338`
• `NA` -> `NA...5339`
• `NA` -> `NA...5340`
• `NA` -> `NA...5341`
• `NA` -> `NA...5343`
• `NA` -> `NA...5344`
• `NA` -> `NA...5345`
• `NA` -> `NA...5346`
• `NA` -> `NA...5347`
• `NA` -> `NA...5348`
• `NA` -> `NA...5349`
• `NA` -> `NA...5350`
• `NA` -> `NA...5351`
• `NA` -> `NA...5352`
• `NA` -> `NA...5353`
• `NA` -> `NA...5354`
• `NA` -> `NA...5355`
• `NA` -> `NA...5356`
• `NA` -> `NA...5357`
• `NA` -> `NA...5358`
• `NA` -> `NA...5359`
• `NA` -> `NA...5360`
• `NA` -> `NA...5361`
• `NA` -> `NA...5363`
• `NA` -> `NA...5364`
• `NA` -> `NA...5365`
• `NA` -> `NA...5366`
• `NA` -> `NA...5367`
• `NA` -> `NA...5368`
• `NA` -> `NA...5369`
• `NA` -> `NA...5370`
• `NA` -> `NA...5371`
• `NA` -> `NA...5372`
• `NA` -> `NA...5373`
• `NA` -> `NA...5374`
• `NA` -> `NA...5375`
• `NA` -> `NA...5376`
• `NA` -> `NA...5377`
• `NA` -> `NA...5378`
• `NA` -> `NA...5379`
• `NA` -> `NA...5380`
• `NA` -> `NA...5381`
• `NA` -> `NA...5383`
• `NA` -> `NA...5384`
• `NA` -> `NA...5385`
• `NA` -> `NA...5386`
• `NA` -> `NA...5387`
• `NA` -> `NA...5388`
• `NA` -> `NA...5389`
• `NA` -> `NA...5390`
• `NA` -> `NA...5391`
• `NA` -> `NA...5392`
• `NA` -> `NA...5393`
• `NA` -> `NA...5394`
• `NA` -> `NA...5395`
• `NA` -> `NA...5396`
• `NA` -> `NA...5397`
• `NA` -> `NA...5398`
• `NA` -> `NA...5399`
• `NA` -> `NA...5400`
• `NA` -> `NA...5401`
• `NA` -> `NA...5403`
• `NA` -> `NA...5404`
• `NA` -> `NA...5405`
• `NA` -> `NA...5406`
• `NA` -> `NA...5407`
• `NA` -> `NA...5408`
• `NA` -> `NA...5409`
• `NA` -> `NA...5410`
• `NA` -> `NA...5411`
• `NA` -> `NA...5412`
• `NA` -> `NA...5413`
• `NA` -> `NA...5414`
• `NA` -> `NA...5415`
• `NA` -> `NA...5416`
• `NA` -> `NA...5417`
• `NA` -> `NA...5418`
• `NA` -> `NA...5419`
• `NA` -> `NA...5420`
• `NA` -> `NA...5421`
• `NA` -> `NA...5423`
• `NA` -> `NA...5424`
• `NA` -> `NA...5425`
• `NA` -> `NA...5426`
• `NA` -> `NA...5427`
• `NA` -> `NA...5428`
• `NA` -> `NA...5429`
• `NA` -> `NA...5430`
• `NA` -> `NA...5431`
• `NA` -> `NA...5432`
• `NA` -> `NA...5433`
• `NA` -> `NA...5434`
• `NA` -> `NA...5435`
• `NA` -> `NA...5436`
• `NA` -> `NA...5437`
• `NA` -> `NA...5438`
• `NA` -> `NA...5439`
• `NA` -> `NA...5440`
• `NA` -> `NA...5441`
• `NA` -> `NA...5443`
• `NA` -> `NA...5444`
• `NA` -> `NA...5445`
• `NA` -> `NA...5446`
• `NA` -> `NA...5447`
• `NA` -> `NA...5448`
• `NA` -> `NA...5449`
• `NA` -> `NA...5450`
• `NA` -> `NA...5451`
• `NA` -> `NA...5452`
• `NA` -> `NA...5453`
• `NA` -> `NA...5454`
• `NA` -> `NA...5455`
• `NA` -> `NA...5456`
• `NA` -> `NA...5457`
• `NA` -> `NA...5458`
• `NA` -> `NA...5459`
• `NA` -> `NA...5460`
• `NA` -> `NA...5461`
• `NA` -> `NA...5463`
• `NA` -> `NA...5464`
• `NA` -> `NA...5465`
• `NA` -> `NA...5466`
• `NA` -> `NA...5467`
• `NA` -> `NA...5468`
• `NA` -> `NA...5469`
• `NA` -> `NA...5470`
• `NA` -> `NA...5471`
• `NA` -> `NA...5472`
• `NA` -> `NA...5473`
• `NA` -> `NA...5474`
• `NA` -> `NA...5475`
• `NA` -> `NA...5476`
• `NA` -> `NA...5477`
• `NA` -> `NA...5478`
• `NA` -> `NA...5479`
• `NA` -> `NA...5480`
• `NA` -> `NA...5481`
• `NA` -> `NA...5483`
• `NA` -> `NA...5484`
• `NA` -> `NA...5485`
• `NA` -> `NA...5486`
• `NA` -> `NA...5487`
• `NA` -> `NA...5488`
• `NA` -> `NA...5489`
• `NA` -> `NA...5490`
• `NA` -> `NA...5491`
• `NA` -> `NA...5492`
• `NA` -> `NA...5493`
• `NA` -> `NA...5494`
• `NA` -> `NA...5495`
• `NA` -> `NA...5496`
• `NA` -> `NA...5497`
• `NA` -> `NA...5498`
• `NA` -> `NA...5499`
• `NA` -> `NA...5500`
• `NA` -> `NA...5501`
• `NA` -> `NA...5503`
• `NA` -> `NA...5504`
• `NA` -> `NA...5505`
• `NA` -> `NA...5506`
• `NA` -> `NA...5507`
• `NA` -> `NA...5508`
• `NA` -> `NA...5509`
• `NA` -> `NA...5510`
• `NA` -> `NA...5511`
• `NA` -> `NA...5512`
• `NA` -> `NA...5513`
• `NA` -> `NA...5514`
• `NA` -> `NA...5515`
• `NA` -> `NA...5516`
• `NA` -> `NA...5517`
• `NA` -> `NA...5518`
• `NA` -> `NA...5519`
• `NA` -> `NA...5520`
• `NA` -> `NA...5521`
• `NA` -> `NA...5523`
• `NA` -> `NA...5524`
• `NA` -> `NA...5525`
• `NA` -> `NA...5526`
• `NA` -> `NA...5527`
• `NA` -> `NA...5528`
• `NA` -> `NA...5529`
• `NA` -> `NA...5530`
• `NA` -> `NA...5531`
• `NA` -> `NA...5532`
• `NA` -> `NA...5533`
• `NA` -> `NA...5534`
• `NA` -> `NA...5535`
• `NA` -> `NA...5536`
• `NA` -> `NA...5537`
• `NA` -> `NA...5538`
• `NA` -> `NA...5539`
• `NA` -> `NA...5540`
• `NA` -> `NA...5541`
• `NA` -> `NA...5543`
• `NA` -> `NA...5544`
• `NA` -> `NA...5545`
• `NA` -> `NA...5546`
• `NA` -> `NA...5547`
• `NA` -> `NA...5548`
• `NA` -> `NA...5549`
• `NA` -> `NA...5550`
• `NA` -> `NA...5551`
• `NA` -> `NA...5552`
• `NA` -> `NA...5553`
• `NA` -> `NA...5554`
• `NA` -> `NA...5555`
• `NA` -> `NA...5556`
• `NA` -> `NA...5557`
• `NA` -> `NA...5558`
• `NA` -> `NA...5559`
• `NA` -> `NA...5560`
• `NA` -> `NA...5561`
• `NA` -> `NA...5563`
• `NA` -> `NA...5564`
• `NA` -> `NA...5565`
• `NA` -> `NA...5566`
• `NA` -> `NA...5567`
• `NA` -> `NA...5568`
• `NA` -> `NA...5569`
• `NA` -> `NA...5570`
• `NA` -> `NA...5571`
• `NA` -> `NA...5572`
• `NA` -> `NA...5573`
• `NA` -> `NA...5574`
• `NA` -> `NA...5575`
• `NA` -> `NA...5576`
• `NA` -> `NA...5577`
• `NA` -> `NA...5578`
• `NA` -> `NA...5579`
• `NA` -> `NA...5580`
• `NA` -> `NA...5581`
• `NA` -> `NA...5583`
• `NA` -> `NA...5584`
• `NA` -> `NA...5585`
• `NA` -> `NA...5586`
• `NA` -> `NA...5587`
• `NA` -> `NA...5588`
• `NA` -> `NA...5589`
• `NA` -> `NA...5590`
• `NA` -> `NA...5591`
• `NA` -> `NA...5592`
• `NA` -> `NA...5593`
• `NA` -> `NA...5594`
• `NA` -> `NA...5595`
• `NA` -> `NA...5596`
• `NA` -> `NA...5597`
• `NA` -> `NA...5598`
• `NA` -> `NA...5599`
• `NA` -> `NA...5600`
• `NA` -> `NA...5601`
• `NA` -> `NA...5603`
• `NA` -> `NA...5604`
• `NA` -> `NA...5605`
• `NA` -> `NA...5606`
• `NA` -> `NA...5607`
• `NA` -> `NA...5608`
• `NA` -> `NA...5609`
• `NA` -> `NA...5610`
• `NA` -> `NA...5611`
• `NA` -> `NA...5612`
• `NA` -> `NA...5613`
• `NA` -> `NA...5614`
• `NA` -> `NA...5615`
• `NA` -> `NA...5616`
• `NA` -> `NA...5617`
• `NA` -> `NA...5618`
• `NA` -> `NA...5619`
• `NA` -> `NA...5620`
• `NA` -> `NA...5621`
• `NA` -> `NA...5623`
• `NA` -> `NA...5624`
• `NA` -> `NA...5625`
• `NA` -> `NA...5626`
• `NA` -> `NA...5627`
• `NA` -> `NA...5628`
• `NA` -> `NA...5629`
• `NA` -> `NA...5630`
• `NA` -> `NA...5631`
• `NA` -> `NA...5632`
• `NA` -> `NA...5633`
• `NA` -> `NA...5634`
• `NA` -> `NA...5635`
• `NA` -> `NA...5636`
• `NA` -> `NA...5637`
• `NA` -> `NA...5638`
• `NA` -> `NA...5639`
• `NA` -> `NA...5640`
• `NA` -> `NA...5641`
• `NA` -> `NA...5643`
• `NA` -> `NA...5644`
• `NA` -> `NA...5645`
• `NA` -> `NA...5646`
• `NA` -> `NA...5647`
• `NA` -> `NA...5648`
• `NA` -> `NA...5649`
• `NA` -> `NA...5650`
• `NA` -> `NA...5651`
• `NA` -> `NA...5652`
• `NA` -> `NA...5653`
• `NA` -> `NA...5654`
• `NA` -> `NA...5655`
• `NA` -> `NA...5656`
• `NA` -> `NA...5657`
• `NA` -> `NA...5658`
• `NA` -> `NA...5659`
• `NA` -> `NA...5660`
• `NA` -> `NA...5661`
• `NA` -> `NA...5663`
• `NA` -> `NA...5664`
• `NA` -> `NA...5665`
• `NA` -> `NA...5666`
• `NA` -> `NA...5667`
• `NA` -> `NA...5668`
• `NA` -> `NA...5669`
• `NA` -> `NA...5670`
• `NA` -> `NA...5671`
• `NA` -> `NA...5672`
• `NA` -> `NA...5673`
• `NA` -> `NA...5674`
• `NA` -> `NA...5675`
• `NA` -> `NA...5676`
• `NA` -> `NA...5677`
• `NA` -> `NA...5678`
• `NA` -> `NA...5679`
• `NA` -> `NA...5680`
• `NA` -> `NA...5681`
• `NA` -> `NA...5683`
• `NA` -> `NA...5684`
• `NA` -> `NA...5685`
• `NA` -> `NA...5686`
• `NA` -> `NA...5687`
• `NA` -> `NA...5688`
• `NA` -> `NA...5689`
• `NA` -> `NA...5690`
• `NA` -> `NA...5691`
• `NA` -> `NA...5692`
• `NA` -> `NA...5693`
• `NA` -> `NA...5694`
• `NA` -> `NA...5695`
• `NA` -> `NA...5696`
• `NA` -> `NA...5697`
• `NA` -> `NA...5698`
• `NA` -> `NA...5699`
• `NA` -> `NA...5700`
• `NA` -> `NA...5701`
• `NA` -> `NA...5703`
• `NA` -> `NA...5704`
• `NA` -> `NA...5705`
• `NA` -> `NA...5706`
• `NA` -> `NA...5707`
• `NA` -> `NA...5708`
• `NA` -> `NA...5709`
• `NA` -> `NA...5710`
• `NA` -> `NA...5711`
• `NA` -> `NA...5712`
• `NA` -> `NA...5713`
• `NA` -> `NA...5714`
• `NA` -> `NA...5715`
• `NA` -> `NA...5716`
• `NA` -> `NA...5717`
• `NA` -> `NA...5718`
• `NA` -> `NA...5719`
• `NA` -> `NA...5720`
• `NA` -> `NA...5721`
• `NA` -> `NA...5723`
• `NA` -> `NA...5724`
• `NA` -> `NA...5725`
• `NA` -> `NA...5726`
• `NA` -> `NA...5727`
• `NA` -> `NA...5728`
• `NA` -> `NA...5729`
• `NA` -> `NA...5730`
• `NA` -> `NA...5731`
• `NA` -> `NA...5732`
• `NA` -> `NA...5733`
• `NA` -> `NA...5734`
• `NA` -> `NA...5735`
• `NA` -> `NA...5736`
• `NA` -> `NA...5737`
• `NA` -> `NA...5738`
• `NA` -> `NA...5739`
• `NA` -> `NA...5740`
• `NA` -> `NA...5741`
• `NA` -> `NA...5743`
• `NA` -> `NA...5744`
• `NA` -> `NA...5745`
• `NA` -> `NA...5746`
• `NA` -> `NA...5747`
• `NA` -> `NA...5748`
• `NA` -> `NA...5749`
• `NA` -> `NA...5750`
• `NA` -> `NA...5751`
• `NA` -> `NA...5752`
• `NA` -> `NA...5753`
• `NA` -> `NA...5754`
• `NA` -> `NA...5755`
• `NA` -> `NA...5756`
• `NA` -> `NA...5757`
• `NA` -> `NA...5758`
• `NA` -> `NA...5759`
• `NA` -> `NA...5760`
• `NA` -> `NA...5761`
• `NA` -> `NA...5763`
• `NA` -> `NA...5764`
• `NA` -> `NA...5765`
• `NA` -> `NA...5766`
• `NA` -> `NA...5767`
• `NA` -> `NA...5768`
• `NA` -> `NA...5769`
• `NA` -> `NA...5770`
• `NA` -> `NA...5771`
• `NA` -> `NA...5772`
• `NA` -> `NA...5773`
• `NA` -> `NA...5774`
• `NA` -> `NA...5775`
• `NA` -> `NA...5776`
• `NA` -> `NA...5777`
• `NA` -> `NA...5778`
• `NA` -> `NA...5779`
• `NA` -> `NA...5780`
• `NA` -> `NA...5781`
• `NA` -> `NA...5783`
• `NA` -> `NA...5784`
• `NA` -> `NA...5785`
• `NA` -> `NA...5786`
• `NA` -> `NA...5787`
• `NA` -> `NA...5788`
• `NA` -> `NA...5789`
• `NA` -> `NA...5790`
• `NA` -> `NA...5791`
• `NA` -> `NA...5792`
• `NA` -> `NA...5793`
• `NA` -> `NA...5794`
• `NA` -> `NA...5795`
• `NA` -> `NA...5796`
• `NA` -> `NA...5797`
• `NA` -> `NA...5798`
• `NA` -> `NA...5799`
• `NA` -> `NA...5800`
• `NA` -> `NA...5801`
• `NA` -> `NA...5803`
• `NA` -> `NA...5804`
• `NA` -> `NA...5805`
• `NA` -> `NA...5806`
• `NA` -> `NA...5807`
• `NA` -> `NA...5808`
• `NA` -> `NA...5809`
• `NA` -> `NA...5810`
• `NA` -> `NA...5811`
• `NA` -> `NA...5812`
• `NA` -> `NA...5813`
• `NA` -> `NA...5814`
• `NA` -> `NA...5815`
• `NA` -> `NA...5816`
• `NA` -> `NA...5817`
• `NA` -> `NA...5818`
• `NA` -> `NA...5819`
• `NA` -> `NA...5820`
• `NA` -> `NA...5821`
• `NA` -> `NA...5823`
• `NA` -> `NA...5824`
• `NA` -> `NA...5825`
• `NA` -> `NA...5826`
• `NA` -> `NA...5827`
• `NA` -> `NA...5828`
• `NA` -> `NA...5829`
• `NA` -> `NA...5830`
• `NA` -> `NA...5831`
• `NA` -> `NA...5832`
• `NA` -> `NA...5833`
• `NA` -> `NA...5834`
• `NA` -> `NA...5835`
• `NA` -> `NA...5836`
• `NA` -> `NA...5837`
• `NA` -> `NA...5838`
• `NA` -> `NA...5839`
• `NA` -> `NA...5840`
• `NA` -> `NA...5841`
• `NA` -> `NA...5843`
• `NA` -> `NA...5844`
• `NA` -> `NA...5845`
• `NA` -> `NA...5846`
• `NA` -> `NA...5847`
• `NA` -> `NA...5848`
• `NA` -> `NA...5849`
• `NA` -> `NA...5850`
• `NA` -> `NA...5851`
• `NA` -> `NA...5852`
• `NA` -> `NA...5853`
• `NA` -> `NA...5854`
• `NA` -> `NA...5855`
• `NA` -> `NA...5856`
• `NA` -> `NA...5857`
• `NA` -> `NA...5858`
• `NA` -> `NA...5859`
• `NA` -> `NA...5860`
• `NA` -> `NA...5861`
• `NA` -> `NA...5863`
• `NA` -> `NA...5864`
• `NA` -> `NA...5865`
• `NA` -> `NA...5866`
• `NA` -> `NA...5867`
• `NA` -> `NA...5868`
• `NA` -> `NA...5869`
• `NA` -> `NA...5870`
• `NA` -> `NA...5871`
• `NA` -> `NA...5872`
• `NA` -> `NA...5873`
• `NA` -> `NA...5874`
• `NA` -> `NA...5875`
• `NA` -> `NA...5876`
• `NA` -> `NA...5877`
• `NA` -> `NA...5878`
• `NA` -> `NA...5879`
• `NA` -> `NA...5880`
• `NA` -> `NA...5881`
• `NA` -> `NA...5883`
• `NA` -> `NA...5884`
• `NA` -> `NA...5885`
• `NA` -> `NA...5886`
• `NA` -> `NA...5887`
• `NA` -> `NA...5888`
• `NA` -> `NA...5889`
• `NA` -> `NA...5890`
• `NA` -> `NA...5891`
• `NA` -> `NA...5892`
• `NA` -> `NA...5893`
• `NA` -> `NA...5894`
• `NA` -> `NA...5895`
• `NA` -> `NA...5896`
• `NA` -> `NA...5897`
• `NA` -> `NA...5898`
• `NA` -> `NA...5899`
• `NA` -> `NA...5900`
• `NA` -> `NA...5901`
• `NA` -> `NA...5903`
• `NA` -> `NA...5904`
• `NA` -> `NA...5905`
• `NA` -> `NA...5906`
• `NA` -> `NA...5907`
• `NA` -> `NA...5908`
• `NA` -> `NA...5909`
• `NA` -> `NA...5910`
• `NA` -> `NA...5911`
• `NA` -> `NA...5912`
• `NA` -> `NA...5913`
• `NA` -> `NA...5914`
• `NA` -> `NA...5915`
• `NA` -> `NA...5916`
• `NA` -> `NA...5917`
• `NA` -> `NA...5918`
• `NA` -> `NA...5919`
• `NA` -> `NA...5920`
• `NA` -> `NA...5921`
• `NA` -> `NA...5923`
• `NA` -> `NA...5924`
• `NA` -> `NA...5925`
• `NA` -> `NA...5926`
• `NA` -> `NA...5927`
• `NA` -> `NA...5928`
• `NA` -> `NA...5929`
• `NA` -> `NA...5930`
• `NA` -> `NA...5931`
• `NA` -> `NA...5932`
• `NA` -> `NA...5933`
• `NA` -> `NA...5934`
• `NA` -> `NA...5935`
• `NA` -> `NA...5936`
• `NA` -> `NA...5937`
• `NA` -> `NA...5938`
• `NA` -> `NA...5939`
• `NA` -> `NA...5940`
• `NA` -> `NA...5941`
• `NA` -> `NA...5943`
• `NA` -> `NA...5944`
• `NA` -> `NA...5945`
• `NA` -> `NA...5946`
• `NA` -> `NA...5947`
• `NA` -> `NA...5948`
• `NA` -> `NA...5949`
• `NA` -> `NA...5950`
• `NA` -> `NA...5951`
• `NA` -> `NA...5952`
• `NA` -> `NA...5953`
• `NA` -> `NA...5954`
• `NA` -> `NA...5955`
• `NA` -> `NA...5956`
• `NA` -> `NA...5957`
• `NA` -> `NA...5958`
• `NA` -> `NA...5959`
• `NA` -> `NA...5960`
• `NA` -> `NA...5961`
• `NA` -> `NA...5963`
• `NA` -> `NA...5964`
• `NA` -> `NA...5965`
• `NA` -> `NA...5966`
• `NA` -> `NA...5967`
• `NA` -> `NA...5968`
• `NA` -> `NA...5969`
• `NA` -> `NA...5970`
• `NA` -> `NA...5971`
• `NA` -> `NA...5972`
• `NA` -> `NA...5973`
• `NA` -> `NA...5974`
• `NA` -> `NA...5975`
• `NA` -> `NA...5976`
• `NA` -> `NA...5977`
• `NA` -> `NA...5978`
• `NA` -> `NA...5979`
• `NA` -> `NA...5980`
• `NA` -> `NA...5981`
• `NA` -> `NA...5983`
• `NA` -> `NA...5984`
• `NA` -> `NA...5985`
• `NA` -> `NA...5986`
• `NA` -> `NA...5987`
• `NA` -> `NA...5988`
• `NA` -> `NA...5989`
• `NA` -> `NA...5990`
• `NA` -> `NA...5991`
• `NA` -> `NA...5992`
• `NA` -> `NA...5993`
• `NA` -> `NA...5994`
• `NA` -> `NA...5995`
• `NA` -> `NA...5996`
• `NA` -> `NA...5997`
• `NA` -> `NA...5998`
• `NA` -> `NA...5999`
• `NA` -> `NA...6000`
• `NA` -> `NA...6001`
• `NA` -> `NA...6003`
• `NA` -> `NA...6004`
• `NA` -> `NA...6005`
• `NA` -> `NA...6006`
• `NA` -> `NA...6007`
• `NA` -> `NA...6008`
• `NA` -> `NA...6009`
• `NA` -> `NA...6010`
• `NA` -> `NA...6011`
• `NA` -> `NA...6012`
• `NA` -> `NA...6013`
• `NA` -> `NA...6014`
• `NA` -> `NA...6015`
• `NA` -> `NA...6016`
• `NA` -> `NA...6017`
• `NA` -> `NA...6018`
• `NA` -> `NA...6019`
• `NA` -> `NA...6020`
• `NA` -> `NA...6021`
• `NA` -> `NA...6023`
• `NA` -> `NA...6024`
• `NA` -> `NA...6025`
• `NA` -> `NA...6026`
• `NA` -> `NA...6027`
• `NA` -> `NA...6028`
• `NA` -> `NA...6029`
• `NA` -> `NA...6030`
• `NA` -> `NA...6031`
• `NA` -> `NA...6032`
• `NA` -> `NA...6033`
• `NA` -> `NA...6034`
• `NA` -> `NA...6035`
• `NA` -> `NA...6036`
• `NA` -> `NA...6037`
• `NA` -> `NA...6038`
• `NA` -> `NA...6039`
• `NA` -> `NA...6040`
• `NA` -> `NA...6041`
• `NA` -> `NA...6043`
• `NA` -> `NA...6044`
• `NA` -> `NA...6045`
• `NA` -> `NA...6046`
• `NA` -> `NA...6047`
• `NA` -> `NA...6048`
• `NA` -> `NA...6049`
• `NA` -> `NA...6050`
• `NA` -> `NA...6051`
• `NA` -> `NA...6052`
• `NA` -> `NA...6053`
• `NA` -> `NA...6054`
• `NA` -> `NA...6055`
• `NA` -> `NA...6056`
• `NA` -> `NA...6057`
• `NA` -> `NA...6058`
• `NA` -> `NA...6059`
• `NA` -> `NA...6060`
• `NA` -> `NA...6061`
• `NA` -> `NA...6063`
• `NA` -> `NA...6064`
• `NA` -> `NA...6065`
• `NA` -> `NA...6066`
• `NA` -> `NA...6067`
• `NA` -> `NA...6068`
• `NA` -> `NA...6069`
• `NA` -> `NA...6070`
• `NA` -> `NA...6071`
• `NA` -> `NA...6072`
• `NA` -> `NA...6073`
• `NA` -> `NA...6074`
• `NA` -> `NA...6075`
• `NA` -> `NA...6076`
• `NA` -> `NA...6077`
• `NA` -> `NA...6078`
• `NA` -> `NA...6079`
• `NA` -> `NA...6080`
• `NA` -> `NA...6081`
• `NA` -> `NA...6083`
• `NA` -> `NA...6084`
• `NA` -> `NA...6085`
• `NA` -> `NA...6086`
• `NA` -> `NA...6087`
• `NA` -> `NA...6088`
• `NA` -> `NA...6089`
• `NA` -> `NA...6090`
• `NA` -> `NA...6091`
• `NA` -> `NA...6092`
• `NA` -> `NA...6093`
• `NA` -> `NA...6094`
• `NA` -> `NA...6095`
• `NA` -> `NA...6096`
• `NA` -> `NA...6097`
• `NA` -> `NA...6098`
• `NA` -> `NA...6099`
• `NA` -> `NA...6100`
• `NA` -> `NA...6101`
• `NA` -> `NA...6103`
• `NA` -> `NA...6104`
• `NA` -> `NA...6105`
• `NA` -> `NA...6106`
• `NA` -> `NA...6107`
• `NA` -> `NA...6108`
• `NA` -> `NA...6109`
• `NA` -> `NA...6110`
• `NA` -> `NA...6111`
• `NA` -> `NA...6112`
• `NA` -> `NA...6113`
• `NA` -> `NA...6114`
• `NA` -> `NA...6115`
• `NA` -> `NA...6116`
• `NA` -> `NA...6117`
• `NA` -> `NA...6118`
• `NA` -> `NA...6119`
• `NA` -> `NA...6120`
• `NA` -> `NA...6121`
• `NA` -> `NA...6123`
• `NA` -> `NA...6124`
• `NA` -> `NA...6125`
• `NA` -> `NA...6126`
• `NA` -> `NA...6127`
• `NA` -> `NA...6128`
• `NA` -> `NA...6129`
• `NA` -> `NA...6130`
• `NA` -> `NA...6131`
• `NA` -> `NA...6132`
• `NA` -> `NA...6133`
• `NA` -> `NA...6134`
• `NA` -> `NA...6135`
• `NA` -> `NA...6136`
• `NA` -> `NA...6137`
• `NA` -> `NA...6138`
• `NA` -> `NA...6139`
• `NA` -> `NA...6140`
• `NA` -> `NA...6141`
• `NA` -> `NA...6143`
• `NA` -> `NA...6144`
• `NA` -> `NA...6145`
• `NA` -> `NA...6146`
• `NA` -> `NA...6147`
• `NA` -> `NA...6148`
• `NA` -> `NA...6149`
• `NA` -> `NA...6150`
• `NA` -> `NA...6151`
• `NA` -> `NA...6152`
• `NA` -> `NA...6153`
• `NA` -> `NA...6154`
• `NA` -> `NA...6155`
• `NA` -> `NA...6156`
• `NA` -> `NA...6157`
• `NA` -> `NA...6158`
• `NA` -> `NA...6159`
• `NA` -> `NA...6160`
• `NA` -> `NA...6161`
• `NA` -> `NA...6163`
• `NA` -> `NA...6164`
• `NA` -> `NA...6165`
• `NA` -> `NA...6166`
• `NA` -> `NA...6167`
• `NA` -> `NA...6168`
• `NA` -> `NA...6169`
• `NA` -> `NA...6170`
• `NA` -> `NA...6171`
• `NA` -> `NA...6172`
• `NA` -> `NA...6173`
• `NA` -> `NA...6174`
• `NA` -> `NA...6175`
• `NA` -> `NA...6176`
• `NA` -> `NA...6177`
• `NA` -> `NA...6178`
• `NA` -> `NA...6179`
• `NA` -> `NA...6180`
• `NA` -> `NA...6181`
• `NA` -> `NA...6183`
• `NA` -> `NA...6184`
• `NA` -> `NA...6185`
• `NA` -> `NA...6186`
• `NA` -> `NA...6187`
• `NA` -> `NA...6188`
• `NA` -> `NA...6189`
• `NA` -> `NA...6190`
• `NA` -> `NA...6191`
• `NA` -> `NA...6192`
• `NA` -> `NA...6193`
• `NA` -> `NA...6194`
• `NA` -> `NA...6195`
• `NA` -> `NA...6196`
• `NA` -> `NA...6197`
• `NA` -> `NA...6198`
• `NA` -> `NA...6199`
• `NA` -> `NA...6200`
• `NA` -> `NA...6201`
• `NA` -> `NA...6203`
• `NA` -> `NA...6204`
• `NA` -> `NA...6205`
• `NA` -> `NA...6206`
• `NA` -> `NA...6207`
• `NA` -> `NA...6208`
• `NA` -> `NA...6209`
• `NA` -> `NA...6210`
• `NA` -> `NA...6211`
• `NA` -> `NA...6212`
• `NA` -> `NA...6213`
• `NA` -> `NA...6214`
• `NA` -> `NA...6215`
• `NA` -> `NA...6216`
• `NA` -> `NA...6217`
• `NA` -> `NA...6218`
• `NA` -> `NA...6219`
• `NA` -> `NA...6220`
• `NA` -> `NA...6221`
• `NA` -> `NA...6223`
• `NA` -> `NA...6224`
• `NA` -> `NA...6225`
• `NA` -> `NA...6226`
• `NA` -> `NA...6227`
• `NA` -> `NA...6228`
• `NA` -> `NA...6229`
• `NA` -> `NA...6230`
• `NA` -> `NA...6231`
• `NA` -> `NA...6232`
• `NA` -> `NA...6233`
• `NA` -> `NA...6234`
• `NA` -> `NA...6235`
• `NA` -> `NA...6236`
• `NA` -> `NA...6237`
• `NA` -> `NA...6238`
• `NA` -> `NA...6239`
• `NA` -> `NA...6240`
• `NA` -> `NA...6241`
• `NA` -> `NA...6243`
• `NA` -> `NA...6244`
• `NA` -> `NA...6245`
• `NA` -> `NA...6246`
• `NA` -> `NA...6247`
• `NA` -> `NA...6248`
• `NA` -> `NA...6249`
• `NA` -> `NA...6250`
• `NA` -> `NA...6251`
• `NA` -> `NA...6252`
• `NA` -> `NA...6253`
• `NA` -> `NA...6254`
• `NA` -> `NA...6255`
• `NA` -> `NA...6256`
• `NA` -> `NA...6257`
• `NA` -> `NA...6258`
• `NA` -> `NA...6259`
• `NA` -> `NA...6260`
• `NA` -> `NA...6261`
• `NA` -> `NA...6263`
• `NA` -> `NA...6264`
• `NA` -> `NA...6265`
• `NA` -> `NA...6266`
• `NA` -> `NA...6267`
• `NA` -> `NA...6268`
• `NA` -> `NA...6269`
• `NA` -> `NA...6270`
• `NA` -> `NA...6271`
• `NA` -> `NA...6272`
• `NA` -> `NA...6273`
• `NA` -> `NA...6274`
• `NA` -> `NA...6275`
• `NA` -> `NA...6276`
• `NA` -> `NA...6277`
• `NA` -> `NA...6278`
• `NA` -> `NA...6279`
• `NA` -> `NA...6280`
• `NA` -> `NA...6281`
• `NA` -> `NA...6283`
• `NA` -> `NA...6284`
• `NA` -> `NA...6285`
• `NA` -> `NA...6286`
• `NA` -> `NA...6287`
• `NA` -> `NA...6288`
• `NA` -> `NA...6289`
• `NA` -> `NA...6290`
• `NA` -> `NA...6291`
• `NA` -> `NA...6292`
• `NA` -> `NA...6293`
• `NA` -> `NA...6294`
• `NA` -> `NA...6295`
• `NA` -> `NA...6296`
• `NA` -> `NA...6297`
• `NA` -> `NA...6298`
• `NA` -> `NA...6299`
• `NA` -> `NA...6300`
• `NA` -> `NA...6301`
• `NA` -> `NA...6303`
• `NA` -> `NA...6304`
• `NA` -> `NA...6305`
• `NA` -> `NA...6306`
• `NA` -> `NA...6307`
• `NA` -> `NA...6308`
• `NA` -> `NA...6309`
• `NA` -> `NA...6310`
• `NA` -> `NA...6311`
• `NA` -> `NA...6312`
• `NA` -> `NA...6313`
• `NA` -> `NA...6314`
• `NA` -> `NA...6315`
• `NA` -> `NA...6316`
• `NA` -> `NA...6317`
• `NA` -> `NA...6318`
• `NA` -> `NA...6319`
• `NA` -> `NA...6320`
• `NA` -> `NA...6321`
• `NA` -> `NA...6323`
• `NA` -> `NA...6324`
• `NA` -> `NA...6325`
• `NA` -> `NA...6326`
• `NA` -> `NA...6327`
• `NA` -> `NA...6328`
• `NA` -> `NA...6329`
• `NA` -> `NA...6330`
• `NA` -> `NA...6331`
• `NA` -> `NA...6332`
• `NA` -> `NA...6333`
• `NA` -> `NA...6334`
• `NA` -> `NA...6335`
• `NA` -> `NA...6336`
• `NA` -> `NA...6337`
• `NA` -> `NA...6338`
• `NA` -> `NA...6339`
• `NA` -> `NA...6340`
• `NA` -> `NA...6341`
• `NA` -> `NA...6343`
• `NA` -> `NA...6344`
• `NA` -> `NA...6345`
• `NA` -> `NA...6346`
• `NA` -> `NA...6347`
• `NA` -> `NA...6348`
• `NA` -> `NA...6349`
• `NA` -> `NA...6350`
• `NA` -> `NA...6351`
• `NA` -> `NA...6352`
• `NA` -> `NA...6353`
• `NA` -> `NA...6354`
• `NA` -> `NA...6355`
• `NA` -> `NA...6356`
• `NA` -> `NA...6357`
• `NA` -> `NA...6358`
• `NA` -> `NA...6359`
• `NA` -> `NA...6360`
• `NA` -> `NA...6361`
• `NA` -> `NA...6363`
• `NA` -> `NA...6364`
• `NA` -> `NA...6365`
• `NA` -> `NA...6366`
• `NA` -> `NA...6367`
• `NA` -> `NA...6368`
• `NA` -> `NA...6369`
• `NA` -> `NA...6370`
• `NA` -> `NA...6371`
• `NA` -> `NA...6372`
• `NA` -> `NA...6373`
• `NA` -> `NA...6374`
• `NA` -> `NA...6375`
• `NA` -> `NA...6376`
• `NA` -> `NA...6377`
• `NA` -> `NA...6378`
• `NA` -> `NA...6379`
• `NA` -> `NA...6380`
• `NA` -> `NA...6381`
• `NA` -> `NA...6383`
• `NA` -> `NA...6384`
• `NA` -> `NA...6385`
• `NA` -> `NA...6386`
• `NA` -> `NA...6387`
• `NA` -> `NA...6388`
• `NA` -> `NA...6389`
• `NA` -> `NA...6390`
• `NA` -> `NA...6391`
• `NA` -> `NA...6392`
• `NA` -> `NA...6393`
• `NA` -> `NA...6394`
• `NA` -> `NA...6395`
• `NA` -> `NA...6396`
• `NA` -> `NA...6397`
• `NA` -> `NA...6398`
• `NA` -> `NA...6399`
• `NA` -> `NA...6400`
• `NA` -> `NA...6401`
• `NA` -> `NA...6403`
• `NA` -> `NA...6404`
• `NA` -> `NA...6405`
• `NA` -> `NA...6406`
• `NA` -> `NA...6407`
• `NA` -> `NA...6408`
• `NA` -> `NA...6409`
• `NA` -> `NA...6410`
• `NA` -> `NA...6411`
• `NA` -> `NA...6412`
• `NA` -> `NA...6413`
• `NA` -> `NA...6414`
• `NA` -> `NA...6415`
• `NA` -> `NA...6416`
• `NA` -> `NA...6417`
• `NA` -> `NA...6418`
• `NA` -> `NA...6419`
• `NA` -> `NA...6420`
• `NA` -> `NA...6421`
• `NA` -> `NA...6423`
• `NA` -> `NA...6424`
• `NA` -> `NA...6425`
• `NA` -> `NA...6426`
• `NA` -> `NA...6427`
• `NA` -> `NA...6428`
• `NA` -> `NA...6429`
• `NA` -> `NA...6430`
• `NA` -> `NA...6431`
• `NA` -> `NA...6432`
• `NA` -> `NA...6433`
• `NA` -> `NA...6434`
• `NA` -> `NA...6435`
• `NA` -> `NA...6436`
• `NA` -> `NA...6437`
• `NA` -> `NA...6438`
• `NA` -> `NA...6439`
• `NA` -> `NA...6440`
• `NA` -> `NA...6441`
• `NA` -> `NA...6443`
• `NA` -> `NA...6444`
• `NA` -> `NA...6445`
• `NA` -> `NA...6446`
• `NA` -> `NA...6447`
• `NA` -> `NA...6448`
• `NA` -> `NA...6449`
• `NA` -> `NA...6450`
• `NA` -> `NA...6451`
• `NA` -> `NA...6452`
• `NA` -> `NA...6453`
• `NA` -> `NA...6454`
• `NA` -> `NA...6455`
• `NA` -> `NA...6456`
• `NA` -> `NA...6457`
• `NA` -> `NA...6458`
• `NA` -> `NA...6459`
• `NA` -> `NA...6460`
• `NA` -> `NA...6461`
• `NA` -> `NA...6463`
• `NA` -> `NA...6464`
• `NA` -> `NA...6465`
• `NA` -> `NA...6466`
• `NA` -> `NA...6467`
• `NA` -> `NA...6468`
• `NA` -> `NA...6469`
• `NA` -> `NA...6470`
• `NA` -> `NA...6471`
• `NA` -> `NA...6472`
• `NA` -> `NA...6473`
• `NA` -> `NA...6474`
• `NA` -> `NA...6475`
• `NA` -> `NA...6476`
• `NA` -> `NA...6477`
• `NA` -> `NA...6478`
• `NA` -> `NA...6479`
• `NA` -> `NA...6480`
• `NA` -> `NA...6481`
• `NA` -> `NA...6483`
• `NA` -> `NA...6484`
• `NA` -> `NA...6485`
• `NA` -> `NA...6486`
• `NA` -> `NA...6487`
• `NA` -> `NA...6488`
• `NA` -> `NA...6489`
• `NA` -> `NA...6490`
• `NA` -> `NA...6491`
• `NA` -> `NA...6492`
• `NA` -> `NA...6493`
• `NA` -> `NA...6494`
• `NA` -> `NA...6495`
• `NA` -> `NA...6496`
• `NA` -> `NA...6497`
• `NA` -> `NA...6498`
• `NA` -> `NA...6499`
• `NA` -> `NA...6500`
• `NA` -> `NA...6501`
• `NA` -> `NA...6503`
• `NA` -> `NA...6504`
• `NA` -> `NA...6505`
• `NA` -> `NA...6506`
• `NA` -> `NA...6507`
• `NA` -> `NA...6508`
• `NA` -> `NA...6509`
• `NA` -> `NA...6510`
• `NA` -> `NA...6511`
• `NA` -> `NA...6512`
• `NA` -> `NA...6513`
• `NA` -> `NA...6514`
• `NA` -> `NA...6515`
• `NA` -> `NA...6516`
• `NA` -> `NA...6517`
• `NA` -> `NA...6518`
• `NA` -> `NA...6519`
• `NA` -> `NA...6520`
• `NA` -> `NA...6521`
• `NA` -> `NA...6523`
• `NA` -> `NA...6524`
• `NA` -> `NA...6525`
• `NA` -> `NA...6526`
• `NA` -> `NA...6527`
• `NA` -> `NA...6528`
• `NA` -> `NA...6529`
• `NA` -> `NA...6530`
• `NA` -> `NA...6531`
• `NA` -> `NA...6532`
• `NA` -> `NA...6533`
• `NA` -> `NA...6534`
• `NA` -> `NA...6535`
• `NA` -> `NA...6536`
• `NA` -> `NA...6537`
• `NA` -> `NA...6538`
• `NA` -> `NA...6539`
• `NA` -> `NA...6540`
• `NA` -> `NA...6541`
• `NA` -> `NA...6543`
• `NA` -> `NA...6544`
• `NA` -> `NA...6545`
• `NA` -> `NA...6546`
• `NA` -> `NA...6547`
• `NA` -> `NA...6548`
• `NA` -> `NA...6549`
• `NA` -> `NA...6550`
• `NA` -> `NA...6551`
• `NA` -> `NA...6552`
• `NA` -> `NA...6553`
• `NA` -> `NA...6554`
• `NA` -> `NA...6555`
• `NA` -> `NA...6556`
• `NA` -> `NA...6557`
• `NA` -> `NA...6558`
• `NA` -> `NA...6559`
• `NA` -> `NA...6560`
• `NA` -> `NA...6561`
• `NA` -> `NA...6563`
• `NA` -> `NA...6564`
• `NA` -> `NA...6565`
• `NA` -> `NA...6566`
• `NA` -> `NA...6567`
• `NA` -> `NA...6568`
• `NA` -> `NA...6569`
• `NA` -> `NA...6570`
• `NA` -> `NA...6571`
• `NA` -> `NA...6572`
• `NA` -> `NA...6573`
• `NA` -> `NA...6574`
• `NA` -> `NA...6575`
• `NA` -> `NA...6576`
• `NA` -> `NA...6577`
• `NA` -> `NA...6578`
• `NA` -> `NA...6579`
• `NA` -> `NA...6580`
• `NA` -> `NA...6581`
• `NA` -> `NA...6583`
• `NA` -> `NA...6584`
• `NA` -> `NA...6585`
• `NA` -> `NA...6586`
• `NA` -> `NA...6587`
• `NA` -> `NA...6588`
• `NA` -> `NA...6589`
• `NA` -> `NA...6590`
• `NA` -> `NA...6591`
• `NA` -> `NA...6592`
• `NA` -> `NA...6593`
• `NA` -> `NA...6594`
• `NA` -> `NA...6595`
• `NA` -> `NA...6596`
• `NA` -> `NA...6597`
• `NA` -> `NA...6598`
• `NA` -> `NA...6599`
• `NA` -> `NA...6600`
• `NA` -> `NA...6601`
• `NA` -> `NA...6603`
• `NA` -> `NA...6604`
• `NA` -> `NA...6605`
• `NA` -> `NA...6606`
• `NA` -> `NA...6607`
• `NA` -> `NA...6608`
• `NA` -> `NA...6609`
• `NA` -> `NA...6610`
• `NA` -> `NA...6611`
• `NA` -> `NA...6612`
• `NA` -> `NA...6613`
• `NA` -> `NA...6614`
• `NA` -> `NA...6615`
• `NA` -> `NA...6616`
• `NA` -> `NA...6617`
• `NA` -> `NA...6618`
• `NA` -> `NA...6619`
• `NA` -> `NA...6620`
• `NA` -> `NA...6621`
• `NA` -> `NA...6623`
• `NA` -> `NA...6624`
• `NA` -> `NA...6625`
• `NA` -> `NA...6626`
• `NA` -> `NA...6627`
• `NA` -> `NA...6628`
• `NA` -> `NA...6629`
• `NA` -> `NA...6630`
• `NA` -> `NA...6631`
• `NA` -> `NA...6632`
• `NA` -> `NA...6633`
• `NA` -> `NA...6634`
• `NA` -> `NA...6635`
• `NA` -> `NA...6636`
• `NA` -> `NA...6637`
• `NA` -> `NA...6638`
• `NA` -> `NA...6639`
• `NA` -> `NA...6640`
• `NA` -> `NA...6641`
• `NA` -> `NA...6643`
• `NA` -> `NA...6644`
• `NA` -> `NA...6645`
• `NA` -> `NA...6646`
• `NA` -> `NA...6647`
• `NA` -> `NA...6648`
• `NA` -> `NA...6649`
• `NA` -> `NA...6650`
• `NA` -> `NA...6651`
• `NA` -> `NA...6652`
• `NA` -> `NA...6653`
• `NA` -> `NA...6654`
• `NA` -> `NA...6655`
• `NA` -> `NA...6656`
• `NA` -> `NA...6657`
• `NA` -> `NA...6658`
• `NA` -> `NA...6659`
• `NA` -> `NA...6660`
• `NA` -> `NA...6661`
• `NA` -> `NA...6663`
• `NA` -> `NA...6664`
• `NA` -> `NA...6665`
• `NA` -> `NA...6666`
• `NA` -> `NA...6667`
• `NA` -> `NA...6668`
• `NA` -> `NA...6669`
• `NA` -> `NA...6670`
• `NA` -> `NA...6671`
• `NA` -> `NA...6672`
• `NA` -> `NA...6673`
• `NA` -> `NA...6674`
• `NA` -> `NA...6675`
• `NA` -> `NA...6676`
• `NA` -> `NA...6677`
• `NA` -> `NA...6678`
• `NA` -> `NA...6679`
• `NA` -> `NA...6680`
• `NA` -> `NA...6681`
• `NA` -> `NA...6683`
• `NA` -> `NA...6684`
• `NA` -> `NA...6685`
• `NA` -> `NA...6686`
• `NA` -> `NA...6687`
• `NA` -> `NA...6688`
• `NA` -> `NA...6689`
• `NA` -> `NA...6690`
• `NA` -> `NA...6691`
• `NA` -> `NA...6692`
• `NA` -> `NA...6693`
• `NA` -> `NA...6694`
• `NA` -> `NA...6695`
• `NA` -> `NA...6696`
• `NA` -> `NA...6697`
• `NA` -> `NA...6698`
• `NA` -> `NA...6699`
• `NA` -> `NA...6700`
• `NA` -> `NA...6701`
• `NA` -> `NA...6703`
• `NA` -> `NA...6704`
• `NA` -> `NA...6705`
• `NA` -> `NA...6706`
• `NA` -> `NA...6707`
• `NA` -> `NA...6708`
• `NA` -> `NA...6709`
• `NA` -> `NA...6710`
• `NA` -> `NA...6711`
• `NA` -> `NA...6712`
• `NA` -> `NA...6713`
• `NA` -> `NA...6714`
• `NA` -> `NA...6715`
• `NA` -> `NA...6716`
• `NA` -> `NA...6717`
• `NA` -> `NA...6718`
• `NA` -> `NA...6719`
• `NA` -> `NA...6720`
• `NA` -> `NA...6721`
• `NA` -> `NA...6723`
• `NA` -> `NA...6724`
• `NA` -> `NA...6725`
• `NA` -> `NA...6726`
• `NA` -> `NA...6727`
• `NA` -> `NA...6728`
• `NA` -> `NA...6729`
• `NA` -> `NA...6730`
• `NA` -> `NA...6731`
• `NA` -> `NA...6732`
• `NA` -> `NA...6733`
• `NA` -> `NA...6734`
• `NA` -> `NA...6735`
• `NA` -> `NA...6736`
• `NA` -> `NA...6737`
• `NA` -> `NA...6738`
• `NA` -> `NA...6739`
• `NA` -> `NA...6740`
• `NA` -> `NA...6741`
• `NA` -> `NA...6743`
• `NA` -> `NA...6744`
• `NA` -> `NA...6745`
• `NA` -> `NA...6746`
• `NA` -> `NA...6747`
• `NA` -> `NA...6748`
• `NA` -> `NA...6749`
• `NA` -> `NA...6750`
• `NA` -> `NA...6751`
• `NA` -> `NA...6752`
• `NA` -> `NA...6753`
• `NA` -> `NA...6754`
• `NA` -> `NA...6755`
• `NA` -> `NA...6756`
• `NA` -> `NA...6757`
• `NA` -> `NA...6758`
• `NA` -> `NA...6759`
• `NA` -> `NA...6760`
• `NA` -> `NA...6761`
• `NA` -> `NA...6763`
• `NA` -> `NA...6764`
• `NA` -> `NA...6765`
• `NA` -> `NA...6766`
• `NA` -> `NA...6767`
• `NA` -> `NA...6768`
• `NA` -> `NA...6769`
• `NA` -> `NA...6770`
• `NA` -> `NA...6771`
• `NA` -> `NA...6772`
• `NA` -> `NA...6773`
• `NA` -> `NA...6774`
• `NA` -> `NA...6775`
• `NA` -> `NA...6776`
• `NA` -> `NA...6777`
• `NA` -> `NA...6778`
• `NA` -> `NA...6779`
• `NA` -> `NA...6780`
• `NA` -> `NA...6781`
• `NA` -> `NA...6783`
• `NA` -> `NA...6784`
• `NA` -> `NA...6785`
• `NA` -> `NA...6786`
• `NA` -> `NA...6787`
• `NA` -> `NA...6788`
• `NA` -> `NA...6789`
• `NA` -> `NA...6790`
• `NA` -> `NA...6791`
• `NA` -> `NA...6792`
• `NA` -> `NA...6793`
• `NA` -> `NA...6794`
• `NA` -> `NA...6795`
• `NA` -> `NA...6796`
• `NA` -> `NA...6797`
• `NA` -> `NA...6798`
• `NA` -> `NA...6799`
• `NA` -> `NA...6800`
• `NA` -> `NA...6801`
• `NA` -> `NA...6803`
• `NA` -> `NA...6804`
• `NA` -> `NA...6805`
• `NA` -> `NA...6806`
• `NA` -> `NA...6807`
• `NA` -> `NA...6808`
• `NA` -> `NA...6809`
• `NA` -> `NA...6810`
• `NA` -> `NA...6811`
• `NA` -> `NA...6812`
• `NA` -> `NA...6813`
• `NA` -> `NA...6814`
• `NA` -> `NA...6815`
• `NA` -> `NA...6816`
• `NA` -> `NA...6817`
• `NA` -> `NA...6818`
• `NA` -> `NA...6819`
• `NA` -> `NA...6820`
• `NA` -> `NA...6821`
• `NA` -> `NA...6823`
• `NA` -> `NA...6824`
• `NA` -> `NA...6825`
• `NA` -> `NA...6826`
• `NA` -> `NA...6827`
• `NA` -> `NA...6828`
• `NA` -> `NA...6829`
• `NA` -> `NA...6830`
• `NA` -> `NA...6831`
• `NA` -> `NA...6832`
• `NA` -> `NA...6833`
• `NA` -> `NA...6834`
• `NA` -> `NA...6835`
• `NA` -> `NA...6836`
• `NA` -> `NA...6837`
• `NA` -> `NA...6838`
• `NA` -> `NA...6839`
• `NA` -> `NA...6840`
• `NA` -> `NA...6841`
• `NA` -> `NA...6843`
• `NA` -> `NA...6844`
• `NA` -> `NA...6845`
• `NA` -> `NA...6846`
• `NA` -> `NA...6847`
• `NA` -> `NA...6848`
• `NA` -> `NA...6849`
• `NA` -> `NA...6850`
• `NA` -> `NA...6851`
• `NA` -> `NA...6852`
• `NA` -> `NA...6853`
• `NA` -> `NA...6854`
• `NA` -> `NA...6855`
• `NA` -> `NA...6856`
• `NA` -> `NA...6857`
• `NA` -> `NA...6858`
• `NA` -> `NA...6859`
• `NA` -> `NA...6860`
• `NA` -> `NA...6861`
• `NA` -> `NA...6863`
• `NA` -> `NA...6864`
• `NA` -> `NA...6865`
• `NA` -> `NA...6866`
• `NA` -> `NA...6867`
• `NA` -> `NA...6868`
• `NA` -> `NA...6869`
• `NA` -> `NA...6870`
• `NA` -> `NA...6871`
• `NA` -> `NA...6872`
• `NA` -> `NA...6873`
• `NA` -> `NA...6874`
• `NA` -> `NA...6875`
• `NA` -> `NA...6876`
• `NA` -> `NA...6877`
• `NA` -> `NA...6878`
• `NA` -> `NA...6879`
• `NA` -> `NA...6880`
• `NA` -> `NA...6881`
• `NA` -> `NA...6883`
• `NA` -> `NA...6884`
• `NA` -> `NA...6885`
• `NA` -> `NA...6886`
• `NA` -> `NA...6887`
• `NA` -> `NA...6888`
• `NA` -> `NA...6889`
• `NA` -> `NA...6890`
• `NA` -> `NA...6891`
• `NA` -> `NA...6892`
• `NA` -> `NA...6893`
• `NA` -> `NA...6894`
• `NA` -> `NA...6895`
• `NA` -> `NA...6896`
• `NA` -> `NA...6897`
• `NA` -> `NA...6898`
• `NA` -> `NA...6899`
• `NA` -> `NA...6900`
• `NA` -> `NA...6901`
• `NA` -> `NA...6903`
• `NA` -> `NA...6904`
• `NA` -> `NA...6905`
• `NA` -> `NA...6906`
• `NA` -> `NA...6907`
• `NA` -> `NA...6908`
• `NA` -> `NA...6909`
• `NA` -> `NA...6910`
• `NA` -> `NA...6911`
• `NA` -> `NA...6912`
• `NA` -> `NA...6913`
• `NA` -> `NA...6914`
• `NA` -> `NA...6915`
• `NA` -> `NA...6916`
• `NA` -> `NA...6917`
• `NA` -> `NA...6918`
• `NA` -> `NA...6919`
• `NA` -> `NA...6920`
• `NA` -> `NA...6921`
• `NA` -> `NA...6923`
• `NA` -> `NA...6924`
• `NA` -> `NA...6925`
• `NA` -> `NA...6926`
• `NA` -> `NA...6927`
• `NA` -> `NA...6928`
• `NA` -> `NA...6929`
• `NA` -> `NA...6930`
• `NA` -> `NA...6931`
• `NA` -> `NA...6932`
• `NA` -> `NA...6933`
• `NA` -> `NA...6934`
• `NA` -> `NA...6935`
• `NA` -> `NA...6936`
• `NA` -> `NA...6937`
• `NA` -> `NA...6938`
• `NA` -> `NA...6939`
• `NA` -> `NA...6940`
• `NA` -> `NA...6941`
• `NA` -> `NA...6943`
• `NA` -> `NA...6944`
• `NA` -> `NA...6945`
• `NA` -> `NA...6946`
• `NA` -> `NA...6947`
• `NA` -> `NA...6948`
• `NA` -> `NA...6949`
• `NA` -> `NA...6950`
• `NA` -> `NA...6951`
• `NA` -> `NA...6952`
• `NA` -> `NA...6953`
• `NA` -> `NA...6954`
• `NA` -> `NA...6955`
• `NA` -> `NA...6956`
• `NA` -> `NA...6957`
• `NA` -> `NA...6958`
• `NA` -> `NA...6959`
• `NA` -> `NA...6960`
• `NA` -> `NA...6961`
• `NA` -> `NA...6963`
• `NA` -> `NA...6964`
• `NA` -> `NA...6965`
• `NA` -> `NA...6966`
• `NA` -> `NA...6967`
• `NA` -> `NA...6968`
• `NA` -> `NA...6969`
• `NA` -> `NA...6970`
• `NA` -> `NA...6971`
• `NA` -> `NA...6972`
• `NA` -> `NA...6973`
• `NA` -> `NA...6974`
• `NA` -> `NA...6975`
• `NA` -> `NA...6976`
• `NA` -> `NA...6977`
• `NA` -> `NA...6978`
• `NA` -> `NA...6979`
• `NA` -> `NA...6980`
• `NA` -> `NA...6981`
• `NA` -> `NA...6983`
• `NA` -> `NA...6984`
• `NA` -> `NA...6985`
• `NA` -> `NA...6986`
• `NA` -> `NA...6987`
• `NA` -> `NA...6988`
• `NA` -> `NA...6989`
• `NA` -> `NA...6990`
• `NA` -> `NA...6991`
• `NA` -> `NA...6992`
• `NA` -> `NA...6993`
• `NA` -> `NA...6994`
• `NA` -> `NA...6995`
• `NA` -> `NA...6996`
• `NA` -> `NA...6997`
• `NA` -> `NA...6998`
• `NA` -> `NA...6999`
• `NA` -> `NA...7000`
• `NA` -> `NA...7001`
• `NA` -> `NA...7003`
• `NA` -> `NA...7004`
• `NA` -> `NA...7005`
• `NA` -> `NA...7006`
• `NA` -> `NA...7007`
• `NA` -> `NA...7008`
• `NA` -> `NA...7009`
• `NA` -> `NA...7010`
• `NA` -> `NA...7011`
• `NA` -> `NA...7012`
• `NA` -> `NA...7013`
• `NA` -> `NA...7014`
• `NA` -> `NA...7015`
• `NA` -> `NA...7016`
• `NA` -> `NA...7017`
• `NA` -> `NA...7018`
• `NA` -> `NA...7019`
• `NA` -> `NA...7020`
• `NA` -> `NA...7021`
• `NA` -> `NA...7023`
• `NA` -> `NA...7024`
• `NA` -> `NA...7025`
• `NA` -> `NA...7026`
• `NA` -> `NA...7027`
• `NA` -> `NA...7028`
• `NA` -> `NA...7029`
• `NA` -> `NA...7030`
• `NA` -> `NA...7031`
• `NA` -> `NA...7032`
• `NA` -> `NA...7033`
• `NA` -> `NA...7034`
• `NA` -> `NA...7035`
• `NA` -> `NA...7036`
• `NA` -> `NA...7037`
• `NA` -> `NA...7038`
• `NA` -> `NA...7039`
• `NA` -> `NA...7040`
• `NA` -> `NA...7041`
• `NA` -> `NA...7043`
• `NA` -> `NA...7044`
• `NA` -> `NA...7045`
• `NA` -> `NA...7046`
• `NA` -> `NA...7047`
• `NA` -> `NA...7048`
• `NA` -> `NA...7049`
• `NA` -> `NA...7050`
• `NA` -> `NA...7051`
• `NA` -> `NA...7052`
• `NA` -> `NA...7053`
• `NA` -> `NA...7054`
• `NA` -> `NA...7055`
• `NA` -> `NA...7056`
• `NA` -> `NA...7057`
• `NA` -> `NA...7058`
• `NA` -> `NA...7059`
• `NA` -> `NA...7060`
• `NA` -> `NA...7061`
• `NA` -> `NA...7063`
• `NA` -> `NA...7064`
• `NA` -> `NA...7065`
• `NA` -> `NA...7066`
• `NA` -> `NA...7067`
• `NA` -> `NA...7068`
• `NA` -> `NA...7069`
• `NA` -> `NA...7070`
• `NA` -> `NA...7071`
• `NA` -> `NA...7072`
• `NA` -> `NA...7073`
• `NA` -> `NA...7074`
• `NA` -> `NA...7075`
• `NA` -> `NA...7076`
• `NA` -> `NA...7077`
• `NA` -> `NA...7078`
• `NA` -> `NA...7079`
• `NA` -> `NA...7080`
• `NA` -> `NA...7081`
• `NA` -> `NA...7083`
• `NA` -> `NA...7084`
• `NA` -> `NA...7085`
• `NA` -> `NA...7086`
• `NA` -> `NA...7087`
• `NA` -> `NA...7088`
• `NA` -> `NA...7089`
• `NA` -> `NA...7090`
• `NA` -> `NA...7091`
• `NA` -> `NA...7092`
• `NA` -> `NA...7093`
• `NA` -> `NA...7094`
• `NA` -> `NA...7095`
• `NA` -> `NA...7096`
• `NA` -> `NA...7097`
• `NA` -> `NA...7098`
• `NA` -> `NA...7099`
• `NA` -> `NA...7100`
• `NA` -> `NA...7101`
• `NA` -> `NA...7103`
• `NA` -> `NA...7104`
• `NA` -> `NA...7105`
• `NA` -> `NA...7106`
• `NA` -> `NA...7107`
• `NA` -> `NA...7108`
• `NA` -> `NA...7109`
• `NA` -> `NA...7110`
• `NA` -> `NA...7111`
• `NA` -> `NA...7112`
• `NA` -> `NA...7113`
• `NA` -> `NA...7114`
• `NA` -> `NA...7115`
• `NA` -> `NA...7116`
• `NA` -> `NA...7117`
• `NA` -> `NA...7118`
• `NA` -> `NA...7119`
• `NA` -> `NA...7120`
• `NA` -> `NA...7121`
• `NA` -> `NA...7123`
• `NA` -> `NA...7124`
• `NA` -> `NA...7125`
• `NA` -> `NA...7126`
• `NA` -> `NA...7127`
• `NA` -> `NA...7128`
• `NA` -> `NA...7129`
• `NA` -> `NA...7130`
• `NA` -> `NA...7131`
• `NA` -> `NA...7132`
• `NA` -> `NA...7133`
• `NA` -> `NA...7134`
• `NA` -> `NA...7135`
• `NA` -> `NA...7136`
• `NA` -> `NA...7137`
• `NA` -> `NA...7138`
• `NA` -> `NA...7139`
• `NA` -> `NA...7140`
• `NA` -> `NA...7141`
• `NA` -> `NA...7143`
• `NA` -> `NA...7144`
• `NA` -> `NA...7145`
• `NA` -> `NA...7146`
• `NA` -> `NA...7147`
• `NA` -> `NA...7148`
• `NA` -> `NA...7149`
• `NA` -> `NA...7150`
• `NA` -> `NA...7151`
• `NA` -> `NA...7152`
• `NA` -> `NA...7153`
• `NA` -> `NA...7154`
• `NA` -> `NA...7155`
• `NA` -> `NA...7156`
• `NA` -> `NA...7157`
• `NA` -> `NA...7158`
• `NA` -> `NA...7159`
• `NA` -> `NA...7160`
• `NA` -> `NA...7161`
• `NA` -> `NA...7163`
• `NA` -> `NA...7164`
• `NA` -> `NA...7165`
• `NA` -> `NA...7166`
• `NA` -> `NA...7167`
• `NA` -> `NA...7168`
• `NA` -> `NA...7169`
• `NA` -> `NA...7170`
• `NA` -> `NA...7171`
• `NA` -> `NA...7172`
• `NA` -> `NA...7173`
• `NA` -> `NA...7174`
• `NA` -> `NA...7175`
• `NA` -> `NA...7176`
• `NA` -> `NA...7177`
• `NA` -> `NA...7178`
• `NA` -> `NA...7179`
• `NA` -> `NA...7180`
• `NA` -> `NA...7181`
• `NA` -> `NA...7183`
• `NA` -> `NA...7184`
• `NA` -> `NA...7185`
• `NA` -> `NA...7186`
• `NA` -> `NA...7187`
• `NA` -> `NA...7188`
• `NA` -> `NA...7189`
• `NA` -> `NA...7190`
• `NA` -> `NA...7191`
• `NA` -> `NA...7192`
• `NA` -> `NA...7193`
• `NA` -> `NA...7194`
• `NA` -> `NA...7195`
• `NA` -> `NA...7196`
• `NA` -> `NA...7197`
• `NA` -> `NA...7198`
• `NA` -> `NA...7199`
• `NA` -> `NA...7200`
• `NA` -> `NA...7201`
• `NA` -> `NA...7203`
• `NA` -> `NA...7204`
• `NA` -> `NA...7205`
• `NA` -> `NA...7206`
• `NA` -> `NA...7207`
• `NA` -> `NA...7208`
• `NA` -> `NA...7209`
• `NA` -> `NA...7210`
• `NA` -> `NA...7211`
• `NA` -> `NA...7212`
• `NA` -> `NA...7213`
• `NA` -> `NA...7214`
• `NA` -> `NA...7215`
• `NA` -> `NA...7216`
• `NA` -> `NA...7217`
• `NA` -> `NA...7218`
• `NA` -> `NA...7219`
• `NA` -> `NA...7220`
• `NA` -> `NA...7221`
• `NA` -> `NA...7223`
• `NA` -> `NA...7224`
• `NA` -> `NA...7225`
• `NA` -> `NA...7226`
• `NA` -> `NA...7227`
• `NA` -> `NA...7228`
• `NA` -> `NA...7229`
• `NA` -> `NA...7230`
• `NA` -> `NA...7231`
• `NA` -> `NA...7232`
• `NA` -> `NA...7233`
• `NA` -> `NA...7234`
• `NA` -> `NA...7235`
• `NA` -> `NA...7236`
• `NA` -> `NA...7237`
• `NA` -> `NA...7238`
• `NA` -> `NA...7239`
• `NA` -> `NA...7240`
• `NA` -> `NA...7241`
• `NA` -> `NA...7243`
• `NA` -> `NA...7244`
• `NA` -> `NA...7245`
• `NA` -> `NA...7246`
• `NA` -> `NA...7247`
• `NA` -> `NA...7248`
• `NA` -> `NA...7249`
• `NA` -> `NA...7250`
• `NA` -> `NA...7251`
• `NA` -> `NA...7252`
• `NA` -> `NA...7253`
• `NA` -> `NA...7254`
• `NA` -> `NA...7255`
• `NA` -> `NA...7256`
• `NA` -> `NA...7257`
• `NA` -> `NA...7258`
• `NA` -> `NA...7259`
• `NA` -> `NA...7260`
• `NA` -> `NA...7261`
• `NA` -> `NA...7263`
• `NA` -> `NA...7264`
• `NA` -> `NA...7265`
• `NA` -> `NA...7266`
• `NA` -> `NA...7267`
• `NA` -> `NA...7268`
• `NA` -> `NA...7269`
• `NA` -> `NA...7270`
• `NA` -> `NA...7271`
• `NA` -> `NA...7272`
• `NA` -> `NA...7273`
• `NA` -> `NA...7274`
• `NA` -> `NA...7275`
• `NA` -> `NA...7276`
• `NA` -> `NA...7277`
• `NA` -> `NA...7278`
• `NA` -> `NA...7279`
• `NA` -> `NA...7280`
• `NA` -> `NA...7281`
• `NA` -> `NA...7283`
• `NA` -> `NA...7284`
• `NA` -> `NA...7285`
• `NA` -> `NA...7286`
• `NA` -> `NA...7287`
• `NA` -> `NA...7288`
• `NA` -> `NA...7289`
• `NA` -> `NA...7290`
• `NA` -> `NA...7291`
• `NA` -> `NA...7292`
• `NA` -> `NA...7293`
• `NA` -> `NA...7294`
• `NA` -> `NA...7295`
• `NA` -> `NA...7296`
• `NA` -> `NA...7297`
• `NA` -> `NA...7298`
• `NA` -> `NA...7299`
• `NA` -> `NA...7300`
• `NA` -> `NA...7301`
• `NA` -> `NA...7303`
• `NA` -> `NA...7304`
• `NA` -> `NA...7305`
• `NA` -> `NA...7306`
• `NA` -> `NA...7307`
• `NA` -> `NA...7308`
• `NA` -> `NA...7309`
• `NA` -> `NA...7310`
• `NA` -> `NA...7311`
• `NA` -> `NA...7312`
• `NA` -> `NA...7313`
• `NA` -> `NA...7314`
• `NA` -> `NA...7315`
• `NA` -> `NA...7316`
• `NA` -> `NA...7317`
• `NA` -> `NA...7318`
• `NA` -> `NA...7319`
• `NA` -> `NA...7320`
• `NA` -> `NA...7321`
• `NA` -> `NA...7323`
• `NA` -> `NA...7324`
• `NA` -> `NA...7325`
• `NA` -> `NA...7326`
• `NA` -> `NA...7327`
• `NA` -> `NA...7328`
• `NA` -> `NA...7329`
• `NA` -> `NA...7330`
• `NA` -> `NA...7331`
• `NA` -> `NA...7332`
• `NA` -> `NA...7333`
• `NA` -> `NA...7334`
• `NA` -> `NA...7335`
• `NA` -> `NA...7336`
• `NA` -> `NA...7337`
• `NA` -> `NA...7338`
• `NA` -> `NA...7339`
• `NA` -> `NA...7340`
• `NA` -> `NA...7341`
• `NA` -> `NA...7343`
• `NA` -> `NA...7344`
• `NA` -> `NA...7345`
• `NA` -> `NA...7346`
• `NA` -> `NA...7347`
• `NA` -> `NA...7348`
• `NA` -> `NA...7349`
• `NA` -> `NA...7350`
• `NA` -> `NA...7351`
• `NA` -> `NA...7352`
• `NA` -> `NA...7353`
• `NA` -> `NA...7354`
• `NA` -> `NA...7355`
• `NA` -> `NA...7356`
• `NA` -> `NA...7357`
• `NA` -> `NA...7358`
• `NA` -> `NA...7359`
• `NA` -> `NA...7360`
• `NA` -> `NA...7361`
• `NA` -> `NA...7363`
• `NA` -> `NA...7364`
• `NA` -> `NA...7365`
• `NA` -> `NA...7366`
• `NA` -> `NA...7367`
• `NA` -> `NA...7368`
• `NA` -> `NA...7369`
• `NA` -> `NA...7370`
• `NA` -> `NA...7371`
• `NA` -> `NA...7372`
• `NA` -> `NA...7373`
• `NA` -> `NA...7374`
• `NA` -> `NA...7375`
• `NA` -> `NA...7376`
• `NA` -> `NA...7377`
• `NA` -> `NA...7378`
• `NA` -> `NA...7379`
• `NA` -> `NA...7380`
• `NA` -> `NA...7381`
• `NA` -> `NA...7383`
• `NA` -> `NA...7384`
• `NA` -> `NA...7385`
• `NA` -> `NA...7386`
• `NA` -> `NA...7387`
• `NA` -> `NA...7388`
• `NA` -> `NA...7389`
• `NA` -> `NA...7390`
• `NA` -> `NA...7391`
• `NA` -> `NA...7392`
• `NA` -> `NA...7393`
• `NA` -> `NA...7394`
• `NA` -> `NA...7395`
• `NA` -> `NA...7396`
• `NA` -> `NA...7397`
• `NA` -> `NA...7398`
• `NA` -> `NA...7399`
• `NA` -> `NA...7400`
• `NA` -> `NA...7401`
• `NA` -> `NA...7403`
• `NA` -> `NA...7404`
• `NA` -> `NA...7405`
• `NA` -> `NA...7406`
• `NA` -> `NA...7407`
• `NA` -> `NA...7408`
• `NA` -> `NA...7409`
• `NA` -> `NA...7410`
• `NA` -> `NA...7411`
• `NA` -> `NA...7412`
• `NA` -> `NA...7413`
• `NA` -> `NA...7414`
• `NA` -> `NA...7415`
• `NA` -> `NA...7416`
• `NA` -> `NA...7417`
• `NA` -> `NA...7418`
• `NA` -> `NA...7419`
• `NA` -> `NA...7420`
• `NA` -> `NA...7421`
• `NA` -> `NA...7423`
• `NA` -> `NA...7424`
• `NA` -> `NA...7425`
• `NA` -> `NA...7426`
• `NA` -> `NA...7427`
• `NA` -> `NA...7428`
• `NA` -> `NA...7429`
• `NA` -> `NA...7430`
• `NA` -> `NA...7431`
• `NA` -> `NA...7432`
• `NA` -> `NA...7433`
• `NA` -> `NA...7434`
• `NA` -> `NA...7435`
• `NA` -> `NA...7436`
• `NA` -> `NA...7437`
• `NA` -> `NA...7438`
• `NA` -> `NA...7439`
• `NA` -> `NA...7440`
• `NA` -> `NA...7441`
• `NA` -> `NA...7443`
• `NA` -> `NA...7444`
• `NA` -> `NA...7445`
• `NA` -> `NA...7446`
• `NA` -> `NA...7447`
• `NA` -> `NA...7448`
• `NA` -> `NA...7449`
• `NA` -> `NA...7450`
• `NA` -> `NA...7451`
• `NA` -> `NA...7452`
• `NA` -> `NA...7453`
• `NA` -> `NA...7454`
• `NA` -> `NA...7455`
• `NA` -> `NA...7456`
• `NA` -> `NA...7457`
• `NA` -> `NA...7458`
• `NA` -> `NA...7459`
• `NA` -> `NA...7460`
• `NA` -> `NA...7461`
• `NA` -> `NA...7463`
• `NA` -> `NA...7464`
• `NA` -> `NA...7465`
• `NA` -> `NA...7466`
• `NA` -> `NA...7467`
• `NA` -> `NA...7468`
• `NA` -> `NA...7469`
• `NA` -> `NA...7470`
• `NA` -> `NA...7471`
• `NA` -> `NA...7472`
• `NA` -> `NA...7473`
• `NA` -> `NA...7474`
• `NA` -> `NA...7475`
• `NA` -> `NA...7476`
• `NA` -> `NA...7477`
• `NA` -> `NA...7478`
• `NA` -> `NA...7479`
• `NA` -> `NA...7480`
• `NA` -> `NA...7481`
• `NA` -> `NA...7483`
• `NA` -> `NA...7484`
• `NA` -> `NA...7485`
• `NA` -> `NA...7486`
• `NA` -> `NA...7487`
• `NA` -> `NA...7488`
• `NA` -> `NA...7489`
• `NA` -> `NA...7490`
• `NA` -> `NA...7491`
• `NA` -> `NA...7492`
• `NA` -> `NA...7493`
• `NA` -> `NA...7494`
• `NA` -> `NA...7495`
• `NA` -> `NA...7496`
• `NA` -> `NA...7497`
• `NA` -> `NA...7498`
• `NA` -> `NA...7499`
• `NA` -> `NA...7500`
• `NA` -> `NA...7501`
• `NA` -> `NA...7503`
• `NA` -> `NA...7504`
• `NA` -> `NA...7505`
• `NA` -> `NA...7506`
• `NA` -> `NA...7507`
• `NA` -> `NA...7508`
• `NA` -> `NA...7509`
• `NA` -> `NA...7510`
• `NA` -> `NA...7511`
• `NA` -> `NA...7512`
• `NA` -> `NA...7513`
• `NA` -> `NA...7514`
• `NA` -> `NA...7515`
• `NA` -> `NA...7516`
• `NA` -> `NA...7517`
• `NA` -> `NA...7518`
• `NA` -> `NA...7519`
• `NA` -> `NA...7520`
• `NA` -> `NA...7521`
• `NA` -> `NA...7523`
• `NA` -> `NA...7524`
• `NA` -> `NA...7525`
• `NA` -> `NA...7526`
• `NA` -> `NA...7527`
• `NA` -> `NA...7528`
• `NA` -> `NA...7529`
• `NA` -> `NA...7530`
• `NA` -> `NA...7531`
• `NA` -> `NA...7532`
• `NA` -> `NA...7533`
• `NA` -> `NA...7534`
• `NA` -> `NA...7535`
• `NA` -> `NA...7536`
• `NA` -> `NA...7537`
• `NA` -> `NA...7538`
• `NA` -> `NA...7539`
• `NA` -> `NA...7540`
• `NA` -> `NA...7541`
• `NA` -> `NA...7543`
• `NA` -> `NA...7544`
• `NA` -> `NA...7545`
• `NA` -> `NA...7546`
• `NA` -> `NA...7547`
• `NA` -> `NA...7548`
• `NA` -> `NA...7549`
• `NA` -> `NA...7550`
• `NA` -> `NA...7551`
• `NA` -> `NA...7552`
• `NA` -> `NA...7553`
• `NA` -> `NA...7554`
• `NA` -> `NA...7555`
• `NA` -> `NA...7556`
• `NA` -> `NA...7557`
• `NA` -> `NA...7558`
• `NA` -> `NA...7559`
• `NA` -> `NA...7560`
• `NA` -> `NA...7561`
• `NA` -> `NA...7563`
• `NA` -> `NA...7564`
• `NA` -> `NA...7565`
• `NA` -> `NA...7566`
• `NA` -> `NA...7567`
• `NA` -> `NA...7568`
• `NA` -> `NA...7569`
• `NA` -> `NA...7570`
• `NA` -> `NA...7571`
• `NA` -> `NA...7572`
• `NA` -> `NA...7573`
• `NA` -> `NA...7574`
• `NA` -> `NA...7575`
• `NA` -> `NA...7576`
• `NA` -> `NA...7577`
• `NA` -> `NA...7578`
• `NA` -> `NA...7579`
• `NA` -> `NA...7580`
• `NA` -> `NA...7581`
• `NA` -> `NA...7583`
• `NA` -> `NA...7584`
• `NA` -> `NA...7585`
• `NA` -> `NA...7586`
• `NA` -> `NA...7587`
• `NA` -> `NA...7588`
• `NA` -> `NA...7589`
• `NA` -> `NA...7590`
• `NA` -> `NA...7591`
• `NA` -> `NA...7592`
• `NA` -> `NA...7593`
• `NA` -> `NA...7594`
• `NA` -> `NA...7595`
• `NA` -> `NA...7596`
• `NA` -> `NA...7597`
• `NA` -> `NA...7598`
• `NA` -> `NA...7599`
• `NA` -> `NA...7600`
• `NA` -> `NA...7601`
• `NA` -> `NA...7603`
• `NA` -> `NA...7604`
• `NA` -> `NA...7605`
• `NA` -> `NA...7606`
• `NA` -> `NA...7607`
• `NA` -> `NA...7608`
• `NA` -> `NA...7609`
• `NA` -> `NA...7610`
• `NA` -> `NA...7611`
• `NA` -> `NA...7612`
• `NA` -> `NA...7613`
• `NA` -> `NA...7614`
• `NA` -> `NA...7615`
• `NA` -> `NA...7616`
• `NA` -> `NA...7617`
• `NA` -> `NA...7618`
• `NA` -> `NA...7619`
• `NA` -> `NA...7620`
• `NA` -> `NA...7621`
• `NA` -> `NA...7623`
• `NA` -> `NA...7624`
• `NA` -> `NA...7625`
• `NA` -> `NA...7626`
• `NA` -> `NA...7627`
• `NA` -> `NA...7628`
• `NA` -> `NA...7629`
• `NA` -> `NA...7630`
• `NA` -> `NA...7631`
• `NA` -> `NA...7632`
• `NA` -> `NA...7633`
• `NA` -> `NA...7634`
• `NA` -> `NA...7635`
• `NA` -> `NA...7636`
• `NA` -> `NA...7637`
• `NA` -> `NA...7638`
• `NA` -> `NA...7639`
• `NA` -> `NA...7640`
• `NA` -> `NA...7641`
• `NA` -> `NA...7643`
• `NA` -> `NA...7644`
• `NA` -> `NA...7645`
• `NA` -> `NA...7646`
• `NA` -> `NA...7647`
• `NA` -> `NA...7648`
• `NA` -> `NA...7649`
• `NA` -> `NA...7650`
• `NA` -> `NA...7651`
• `NA` -> `NA...7652`
• `NA` -> `NA...7653`
• `NA` -> `NA...7654`
• `NA` -> `NA...7655`
• `NA` -> `NA...7656`
• `NA` -> `NA...7657`
• `NA` -> `NA...7658`
• `NA` -> `NA...7659`
• `NA` -> `NA...7660`
• `NA` -> `NA...7661`
• `NA` -> `NA...7663`
• `NA` -> `NA...7664`
• `NA` -> `NA...7665`
• `NA` -> `NA...7666`
• `NA` -> `NA...7667`
• `NA` -> `NA...7668`
• `NA` -> `NA...7669`
• `NA` -> `NA...7670`
• `NA` -> `NA...7671`
• `NA` -> `NA...7672`
• `NA` -> `NA...7673`
• `NA` -> `NA...7674`
• `NA` -> `NA...7675`
• `NA` -> `NA...7676`
• `NA` -> `NA...7677`
• `NA` -> `NA...7678`
• `NA` -> `NA...7679`
• `NA` -> `NA...7680`
• `NA` -> `NA...7681`
• `NA` -> `NA...7683`
• `NA` -> `NA...7684`
• `NA` -> `NA...7685`
• `NA` -> `NA...7686`
• `NA` -> `NA...7687`
• `NA` -> `NA...7688`
• `NA` -> `NA...7689`
• `NA` -> `NA...7690`
• `NA` -> `NA...7691`
• `NA` -> `NA...7692`
• `NA` -> `NA...7693`
• `NA` -> `NA...7694`
• `NA` -> `NA...7695`
• `NA` -> `NA...7696`
• `NA` -> `NA...7697`
• `NA` -> `NA...7698`
• `NA` -> `NA...7699`
• `NA` -> `NA...7700`
• `NA` -> `NA...7701`
• `NA` -> `NA...7703`
• `NA` -> `NA...7704`
• `NA` -> `NA...7705`
• `NA` -> `NA...7706`
• `NA` -> `NA...7707`
• `NA` -> `NA...7708`
• `NA` -> `NA...7709`
• `NA` -> `NA...7710`
• `NA` -> `NA...7711`
• `NA` -> `NA...7712`
• `NA` -> `NA...7713`
• `NA` -> `NA...7714`
• `NA` -> `NA...7715`
• `NA` -> `NA...7716`
• `NA` -> `NA...7717`
• `NA` -> `NA...7718`
• `NA` -> `NA...7719`
• `NA` -> `NA...7720`
• `NA` -> `NA...7721`
• `NA` -> `NA...7723`
• `NA` -> `NA...7724`
• `NA` -> `NA...7725`
• `NA` -> `NA...7726`
• `NA` -> `NA...7727`
• `NA` -> `NA...7728`
• `NA` -> `NA...7729`
• `NA` -> `NA...7730`
• `NA` -> `NA...7731`
• `NA` -> `NA...7732`
• `NA` -> `NA...7733`
• `NA` -> `NA...7734`
• `NA` -> `NA...7735`
• `NA` -> `NA...7736`
• `NA` -> `NA...7737`
• `NA` -> `NA...7738`
• `NA` -> `NA...7739`
• `NA` -> `NA...7740`
• `NA` -> `NA...7741`
• `NA` -> `NA...7743`
• `NA` -> `NA...7744`
• `NA` -> `NA...7745`
• `NA` -> `NA...7746`
• `NA` -> `NA...7747`
• `NA` -> `NA...7748`
• `NA` -> `NA...7749`
• `NA` -> `NA...7750`
• `NA` -> `NA...7751`
• `NA` -> `NA...7752`
• `NA` -> `NA...7753`
• `NA` -> `NA...7754`
• `NA` -> `NA...7755`
• `NA` -> `NA...7756`
• `NA` -> `NA...7757`
• `NA` -> `NA...7758`
• `NA` -> `NA...7759`
• `NA` -> `NA...7760`
• `NA` -> `NA...7761`
• `NA` -> `NA...7763`
• `NA` -> `NA...7764`
• `NA` -> `NA...7765`
• `NA` -> `NA...7766`
• `NA` -> `NA...7767`
• `NA` -> `NA...7768`
• `NA` -> `NA...7769`
• `NA` -> `NA...7770`
• `NA` -> `NA...7771`
• `NA` -> `NA...7772`
• `NA` -> `NA...7773`
• `NA` -> `NA...7774`
• `NA` -> `NA...7775`
• `NA` -> `NA...7776`
• `NA` -> `NA...7777`
• `NA` -> `NA...7778`
• `NA` -> `NA...7779`
• `NA` -> `NA...7780`
• `NA` -> `NA...7781`
• `NA` -> `NA...7783`
• `NA` -> `NA...7784`
• `NA` -> `NA...7785`
• `NA` -> `NA...7786`
• `NA` -> `NA...7787`
• `NA` -> `NA...7788`
• `NA` -> `NA...7789`
• `NA` -> `NA...7790`
• `NA` -> `NA...7791`
• `NA` -> `NA...7792`
• `NA` -> `NA...7793`
• `NA` -> `NA...7794`
• `NA` -> `NA...7795`
• `NA` -> `NA...7796`
• `NA` -> `NA...7797`
• `NA` -> `NA...7798`
• `NA` -> `NA...7799`
• `NA` -> `NA...7800`
• `NA` -> `NA...7801`
• `NA` -> `NA...7803`
• `NA` -> `NA...7804`
• `NA` -> `NA...7805`
• `NA` -> `NA...7806`
• `NA` -> `NA...7807`
• `NA` -> `NA...7808`
• `NA` -> `NA...7809`
• `NA` -> `NA...7810`
• `NA` -> `NA...7811`
• `NA` -> `NA...7812`
• `NA` -> `NA...7813`
• `NA` -> `NA...7814`
• `NA` -> `NA...7815`
• `NA` -> `NA...7816`
• `NA` -> `NA...7817`
• `NA` -> `NA...7818`
• `NA` -> `NA...7819`
• `NA` -> `NA...7820`
• `NA` -> `NA...7821`
• `NA` -> `NA...7823`
• `NA` -> `NA...7824`
• `NA` -> `NA...7825`
• `NA` -> `NA...7826`
• `NA` -> `NA...7827`
• `NA` -> `NA...7828`
• `NA` -> `NA...7829`
• `NA` -> `NA...7830`
• `NA` -> `NA...7831`
• `NA` -> `NA...7832`
• `NA` -> `NA...7833`
• `NA` -> `NA...7834`
• `NA` -> `NA...7835`
• `NA` -> `NA...7836`
• `NA` -> `NA...7837`
• `NA` -> `NA...7838`
• `NA` -> `NA...7839`
• `NA` -> `NA...7840`
• `NA` -> `NA...7841`
• `NA` -> `NA...7843`
• `NA` -> `NA...7844`
• `NA` -> `NA...7845`
• `NA` -> `NA...7846`
• `NA` -> `NA...7847`
• `NA` -> `NA...7848`
• `NA` -> `NA...7849`
• `NA` -> `NA...7850`
• `NA` -> `NA...7851`
• `NA` -> `NA...7852`
• `NA` -> `NA...7853`
• `NA` -> `NA...7854`
• `NA` -> `NA...7855`
• `NA` -> `NA...7856`
• `NA` -> `NA...7857`
• `NA` -> `NA...7858`
• `NA` -> `NA...7859`
• `NA` -> `NA...7860`
• `NA` -> `NA...7861`
• `NA` -> `NA...7863`
• `NA` -> `NA...7864`
• `NA` -> `NA...7865`
• `NA` -> `NA...7866`
• `NA` -> `NA...7867`
• `NA` -> `NA...7868`
• `NA` -> `NA...7869`
• `NA` -> `NA...7870`
• `NA` -> `NA...7871`
• `NA` -> `NA...7872`
• `NA` -> `NA...7873`
• `NA` -> `NA...7874`
• `NA` -> `NA...7875`
• `NA` -> `NA...7876`
• `NA` -> `NA...7877`
• `NA` -> `NA...7878`
• `NA` -> `NA...7879`
• `NA` -> `NA...7880`
• `NA` -> `NA...7881`
• `NA` -> `NA...7883`
• `NA` -> `NA...7884`
• `NA` -> `NA...7885`
• `NA` -> `NA...7886`
• `NA` -> `NA...7887`
• `NA` -> `NA...7888`
• `NA` -> `NA...7889`
• `NA` -> `NA...7890`
• `NA` -> `NA...7891`
• `NA` -> `NA...7892`
• `NA` -> `NA...7893`
• `NA` -> `NA...7894`
• `NA` -> `NA...7895`
• `NA` -> `NA...7896`
• `NA` -> `NA...7897`
• `NA` -> `NA...7898`
• `NA` -> `NA...7899`
• `NA` -> `NA...7900`
• `NA` -> `NA...7901`
• `NA` -> `NA...7903`
• `NA` -> `NA...7904`
• `NA` -> `NA...7905`
• `NA` -> `NA...7906`
• `NA` -> `NA...7907`
• `NA` -> `NA...7908`
• `NA` -> `NA...7909`
• `NA` -> `NA...7910`
• `NA` -> `NA...7911`
• `NA` -> `NA...7912`
• `NA` -> `NA...7913`
• `NA` -> `NA...7914`
• `NA` -> `NA...7915`
• `NA` -> `NA...7916`
• `NA` -> `NA...7917`
• `NA` -> `NA...7918`
• `NA` -> `NA...7919`
• `NA` -> `NA...7920`
• `NA` -> `NA...7921`
• `NA` -> `NA...7923`
• `NA` -> `NA...7924`
• `NA` -> `NA...7925`
• `NA` -> `NA...7926`
• `NA` -> `NA...7927`
• `NA` -> `NA...7928`
• `NA` -> `NA...7929`
• `NA` -> `NA...7930`
• `NA` -> `NA...7931`
• `NA` -> `NA...7932`
• `NA` -> `NA...7933`
• `NA` -> `NA...7934`
• `NA` -> `NA...7935`
• `NA` -> `NA...7936`
• `NA` -> `NA...7937`
• `NA` -> `NA...7938`
• `NA` -> `NA...7939`
• `NA` -> `NA...7940`
• `NA` -> `NA...7941`
• `NA` -> `NA...7943`
• `NA` -> `NA...7944`
• `NA` -> `NA...7945`
• `NA` -> `NA...7946`
• `NA` -> `NA...7947`
• `NA` -> `NA...7948`
• `NA` -> `NA...7949`
• `NA` -> `NA...7950`
• `NA` -> `NA...7951`
• `NA` -> `NA...7952`
• `NA` -> `NA...7953`
• `NA` -> `NA...7954`
• `NA` -> `NA...7955`
• `NA` -> `NA...7956`
• `NA` -> `NA...7957`
• `NA` -> `NA...7958`
• `NA` -> `NA...7959`
• `NA` -> `NA...7960`
• `NA` -> `NA...7961`
• `NA` -> `NA...7963`
• `NA` -> `NA...7964`
• `NA` -> `NA...7965`
• `NA` -> `NA...7966`
• `NA` -> `NA...7967`
• `NA` -> `NA...7968`
• `NA` -> `NA...7969`
• `NA` -> `NA...7970`
• `NA` -> `NA...7971`
• `NA` -> `NA...7972`
• `NA` -> `NA...7973`
• `NA` -> `NA...7974`
• `NA` -> `NA...7975`
• `NA` -> `NA...7976`
• `NA` -> `NA...7977`
• `NA` -> `NA...7978`
• `NA` -> `NA...7979`
• `NA` -> `NA...7980`
• `NA` -> `NA...7981`
• `NA` -> `NA...7983`
• `NA` -> `NA...7984`
• `NA` -> `NA...7985`
• `NA` -> `NA...7986`
• `NA` -> `NA...7987`
• `NA` -> `NA...7988`
• `NA` -> `NA...7989`
• `NA` -> `NA...7990`
• `NA` -> `NA...7991`
• `NA` -> `NA...7992`
• `NA` -> `NA...7993`
• `NA` -> `NA...7994`
• `NA` -> `NA...7995`
• `NA` -> `NA...7996`
• `NA` -> `NA...7997`
• `NA` -> `NA...7998`
• `NA` -> `NA...7999`
• `NA` -> `NA...8000`
• `NA` -> `NA...8001`
• `NA` -> `NA...8003`
• `NA` -> `NA...8004`
• `NA` -> `NA...8005`
• `NA` -> `NA...8006`
• `NA` -> `NA...8007`
• `NA` -> `NA...8008`
• `NA` -> `NA...8009`
• `NA` -> `NA...8010`
• `NA` -> `NA...8011`
• `NA` -> `NA...8012`
• `NA` -> `NA...8013`
• `NA` -> `NA...8014`
• `NA` -> `NA...8015`
• `NA` -> `NA...8016`
• `NA` -> `NA...8017`
• `NA` -> `NA...8018`
• `NA` -> `NA...8019`
• `NA` -> `NA...8020`
• `NA` -> `NA...8021`
• `NA` -> `NA...8023`
• `NA` -> `NA...8024`
• `NA` -> `NA...8025`
• `NA` -> `NA...8026`
• `NA` -> `NA...8027`
• `NA` -> `NA...8028`
• `NA` -> `NA...8029`
• `NA` -> `NA...8030`
• `NA` -> `NA...8031`
• `NA` -> `NA...8032`
• `NA` -> `NA...8033`
• `NA` -> `NA...8034`
• `NA` -> `NA...8035`
• `NA` -> `NA...8036`
• `NA` -> `NA...8037`
• `NA` -> `NA...8038`
• `NA` -> `NA...8039`
• `NA` -> `NA...8040`
• `NA` -> `NA...8041`
• `NA` -> `NA...8043`
• `NA` -> `NA...8044`
• `NA` -> `NA...8045`
• `NA` -> `NA...8046`
• `NA` -> `NA...8047`
• `NA` -> `NA...8048`
• `NA` -> `NA...8049`
• `NA` -> `NA...8050`
• `NA` -> `NA...8051`
• `NA` -> `NA...8052`
• `NA` -> `NA...8053`
• `NA` -> `NA...8054`
• `NA` -> `NA...8055`
• `NA` -> `NA...8056`
• `NA` -> `NA...8057`
• `NA` -> `NA...8058`
• `NA` -> `NA...8059`
• `NA` -> `NA...8060`
• `NA` -> `NA...8061`
• `NA` -> `NA...8063`
• `NA` -> `NA...8064`
• `NA` -> `NA...8065`
• `NA` -> `NA...8066`
• `NA` -> `NA...8067`
• `NA` -> `NA...8068`
• `NA` -> `NA...8069`
• `NA` -> `NA...8070`
• `NA` -> `NA...8071`
• `NA` -> `NA...8072`
• `NA` -> `NA...8073`
• `NA` -> `NA...8074`
• `NA` -> `NA...8075`
• `NA` -> `NA...8076`
• `NA` -> `NA...8077`
• `NA` -> `NA...8078`
• `NA` -> `NA...8079`
• `NA` -> `NA...8080`
• `NA` -> `NA...8081`
• `NA` -> `NA...8083`
• `NA` -> `NA...8084`
• `NA` -> `NA...8085`
• `NA` -> `NA...8086`
• `NA` -> `NA...8087`
• `NA` -> `NA...8088`
• `NA` -> `NA...8089`
• `NA` -> `NA...8090`
• `NA` -> `NA...8091`
• `NA` -> `NA...8092`
• `NA` -> `NA...8093`
• `NA` -> `NA...8094`
• `NA` -> `NA...8095`
• `NA` -> `NA...8096`
• `NA` -> `NA...8097`
• `NA` -> `NA...8098`
• `NA` -> `NA...8099`
• `NA` -> `NA...8100`
• `NA` -> `NA...8101`
• `NA` -> `NA...8103`
• `NA` -> `NA...8104`
• `NA` -> `NA...8105`
• `NA` -> `NA...8106`
• `NA` -> `NA...8107`
• `NA` -> `NA...8108`
• `NA` -> `NA...8109`
• `NA` -> `NA...8110`
• `NA` -> `NA...8111`
• `NA` -> `NA...8112`
• `NA` -> `NA...8113`
• `NA` -> `NA...8114`
• `NA` -> `NA...8115`
• `NA` -> `NA...8116`
• `NA` -> `NA...8117`
• `NA` -> `NA...8118`
• `NA` -> `NA...8119`
• `NA` -> `NA...8120`
• `NA` -> `NA...8121`
• `NA` -> `NA...8123`
• `NA` -> `NA...8124`
• `NA` -> `NA...8125`
• `NA` -> `NA...8126`
• `NA` -> `NA...8127`
• `NA` -> `NA...8128`
• `NA` -> `NA...8129`
• `NA` -> `NA...8130`
• `NA` -> `NA...8131`
• `NA` -> `NA...8132`
• `NA` -> `NA...8133`
• `NA` -> `NA...8134`
• `NA` -> `NA...8135`
• `NA` -> `NA...8136`
• `NA` -> `NA...8137`
• `NA` -> `NA...8138`
• `NA` -> `NA...8139`
• `NA` -> `NA...8140`
• `NA` -> `NA...8141`
• `NA` -> `NA...8143`
• `NA` -> `NA...8144`
• `NA` -> `NA...8145`
• `NA` -> `NA...8146`
• `NA` -> `NA...8147`
• `NA` -> `NA...8148`
• `NA` -> `NA...8149`
• `NA` -> `NA...8150`
• `NA` -> `NA...8151`
• `NA` -> `NA...8152`
• `NA` -> `NA...8153`
• `NA` -> `NA...8154`
• `NA` -> `NA...8155`
• `NA` -> `NA...8156`
• `NA` -> `NA...8157`
• `NA` -> `NA...8158`
• `NA` -> `NA...8159`
• `NA` -> `NA...8160`
• `NA` -> `NA...8161`
• `NA` -> `NA...8163`
• `NA` -> `NA...8164`
• `NA` -> `NA...8165`
• `NA` -> `NA...8166`
• `NA` -> `NA...8167`
• `NA` -> `NA...8168`
• `NA` -> `NA...8169`
• `NA` -> `NA...8170`
• `NA` -> `NA...8171`
• `NA` -> `NA...8172`
• `NA` -> `NA...8173`
• `NA` -> `NA...8174`
• `NA` -> `NA...8175`
• `NA` -> `NA...8176`
• `NA` -> `NA...8177`
• `NA` -> `NA...8178`
• `NA` -> `NA...8179`
• `NA` -> `NA...8180`
• `NA` -> `NA...8181`
• `NA` -> `NA...8183`
• `NA` -> `NA...8184`
• `NA` -> `NA...8185`
• `NA` -> `NA...8186`
• `NA` -> `NA...8187`
• `NA` -> `NA...8188`
• `NA` -> `NA...8189`
• `NA` -> `NA...8190`
• `NA` -> `NA...8191`
• `NA` -> `NA...8192`
• `NA` -> `NA...8193`
• `NA` -> `NA...8194`
• `NA` -> `NA...8195`
• `NA` -> `NA...8196`
• `NA` -> `NA...8197`
• `NA` -> `NA...8198`
• `NA` -> `NA...8199`
• `NA` -> `NA...8200`
• `NA` -> `NA...8201`
• `NA` -> `NA...8203`
• `NA` -> `NA...8204`
• `NA` -> `NA...8205`
• `NA` -> `NA...8206`
• `NA` -> `NA...8207`
• `NA` -> `NA...8208`
• `NA` -> `NA...8209`
• `NA` -> `NA...8210`
• `NA` -> `NA...8211`
• `NA` -> `NA...8212`
• `NA` -> `NA...8213`
• `NA` -> `NA...8214`
• `NA` -> `NA...8215`
• `NA` -> `NA...8216`
• `NA` -> `NA...8217`
• `NA` -> `NA...8218`
• `NA` -> `NA...8219`
• `NA` -> `NA...8220`
• `NA` -> `NA...8221`
• `NA` -> `NA...8223`
• `NA` -> `NA...8224`
• `NA` -> `NA...8225`
• `NA` -> `NA...8226`
• `NA` -> `NA...8227`
• `NA` -> `NA...8228`
• `NA` -> `NA...8229`
• `NA` -> `NA...8230`
• `NA` -> `NA...8231`
• `NA` -> `NA...8232`
• `NA` -> `NA...8233`
• `NA` -> `NA...8234`
• `NA` -> `NA...8235`
• `NA` -> `NA...8236`
• `NA` -> `NA...8237`
• `NA` -> `NA...8238`
• `NA` -> `NA...8239`
• `NA` -> `NA...8240`
• `NA` -> `NA...8241`
• `NA` -> `NA...8243`
• `NA` -> `NA...8244`
• `NA` -> `NA...8245`
• `NA` -> `NA...8246`
• `NA` -> `NA...8247`
• `NA` -> `NA...8248`
• `NA` -> `NA...8249`
• `NA` -> `NA...8250`
• `NA` -> `NA...8251`
• `NA` -> `NA...8252`
• `NA` -> `NA...8253`
• `NA` -> `NA...8254`
• `NA` -> `NA...8255`
• `NA` -> `NA...8256`
• `NA` -> `NA...8257`
• `NA` -> `NA...8258`
• `NA` -> `NA...8259`
• `NA` -> `NA...8260`
• `NA` -> `NA...8261`
• `NA` -> `NA...8263`
• `NA` -> `NA...8264`
• `NA` -> `NA...8265`
• `NA` -> `NA...8266`
• `NA` -> `NA...8267`
• `NA` -> `NA...8268`
• `NA` -> `NA...8269`
• `NA` -> `NA...8270`
• `NA` -> `NA...8271`
• `NA` -> `NA...8272`
• `NA` -> `NA...8273`
• `NA` -> `NA...8274`
• `NA` -> `NA...8275`
• `NA` -> `NA...8276`
• `NA` -> `NA...8277`
• `NA` -> `NA...8278`
• `NA` -> `NA...8279`
• `NA` -> `NA...8280`
• `NA` -> `NA...8281`
• `NA` -> `NA...8283`
• `NA` -> `NA...8284`
• `NA` -> `NA...8285`
• `NA` -> `NA...8286`
• `NA` -> `NA...8287`
• `NA` -> `NA...8288`
• `NA` -> `NA...8289`
• `NA` -> `NA...8290`
• `NA` -> `NA...8291`
• `NA` -> `NA...8292`
• `NA` -> `NA...8293`
• `NA` -> `NA...8294`
• `NA` -> `NA...8295`
• `NA` -> `NA...8296`
• `NA` -> `NA...8297`
• `NA` -> `NA...8298`
• `NA` -> `NA...8299`
• `NA` -> `NA...8300`
• `NA` -> `NA...8301`
• `NA` -> `NA...8303`
• `NA` -> `NA...8304`
• `NA` -> `NA...8305`
• `NA` -> `NA...8306`
• `NA` -> `NA...8307`
• `NA` -> `NA...8308`
• `NA` -> `NA...8309`
• `NA` -> `NA...8310`
• `NA` -> `NA...8311`
• `NA` -> `NA...8312`
• `NA` -> `NA...8313`
• `NA` -> `NA...8314`
• `NA` -> `NA...8315`
• `NA` -> `NA...8316`
• `NA` -> `NA...8317`
• `NA` -> `NA...8318`
• `NA` -> `NA...8319`
• `NA` -> `NA...8320`
• `NA` -> `NA...8321`
• `NA` -> `NA...8323`
• `NA` -> `NA...8324`
• `NA` -> `NA...8325`
• `NA` -> `NA...8326`
• `NA` -> `NA...8327`
• `NA` -> `NA...8328`
• `NA` -> `NA...8329`
• `NA` -> `NA...8330`
• `NA` -> `NA...8331`
• `NA` -> `NA...8332`
• `NA` -> `NA...8333`
• `NA` -> `NA...8334`
• `NA` -> `NA...8335`
• `NA` -> `NA...8336`
• `NA` -> `NA...8337`
• `NA` -> `NA...8338`
• `NA` -> `NA...8339`
• `NA` -> `NA...8340`
• `NA` -> `NA...8341`
• `NA` -> `NA...8343`
• `NA` -> `NA...8344`
• `NA` -> `NA...8345`
• `NA` -> `NA...8346`
• `NA` -> `NA...8347`
• `NA` -> `NA...8348`
• `NA` -> `NA...8349`
• `NA` -> `NA...8350`
• `NA` -> `NA...8351`
• `NA` -> `NA...8352`
• `NA` -> `NA...8353`
• `NA` -> `NA...8354`
• `NA` -> `NA...8355`
• `NA` -> `NA...8356`
• `NA` -> `NA...8357`
• `NA` -> `NA...8358`
• `NA` -> `NA...8359`
• `NA` -> `NA...8360`
• `NA` -> `NA...8361`
• `NA` -> `NA...8363`
• `NA` -> `NA...8364`
• `NA` -> `NA...8365`
• `NA` -> `NA...8366`
• `NA` -> `NA...8367`
• `NA` -> `NA...8368`
• `NA` -> `NA...8369`
• `NA` -> `NA...8370`
• `NA` -> `NA...8371`
• `NA` -> `NA...8372`
• `NA` -> `NA...8373`
• `NA` -> `NA...8374`
• `NA` -> `NA...8375`
• `NA` -> `NA...8376`
• `NA` -> `NA...8377`
• `NA` -> `NA...8378`
• `NA` -> `NA...8379`
• `NA` -> `NA...8380`
• `NA` -> `NA...8381`
• `NA` -> `NA...8383`
• `NA` -> `NA...8384`
• `NA` -> `NA...8385`
• `NA` -> `NA...8386`
• `NA` -> `NA...8387`
• `NA` -> `NA...8388`
• `NA` -> `NA...8389`
• `NA` -> `NA...8390`
• `NA` -> `NA...8391`
• `NA` -> `NA...8392`
• `NA` -> `NA...8393`
• `NA` -> `NA...8394`
• `NA` -> `NA...8395`
• `NA` -> `NA...8396`
• `NA` -> `NA...8397`
• `NA` -> `NA...8398`
• `NA` -> `NA...8399`
• `NA` -> `NA...8400`
• `NA` -> `NA...8401`
• `NA` -> `NA...8403`
• `NA` -> `NA...8404`
• `NA` -> `NA...8405`
• `NA` -> `NA...8406`
• `NA` -> `NA...8407`
• `NA` -> `NA...8408`
• `NA` -> `NA...8409`
• `NA` -> `NA...8410`
• `NA` -> `NA...8411`
• `NA` -> `NA...8412`
• `NA` -> `NA...8413`
• `NA` -> `NA...8414`
• `NA` -> `NA...8415`
• `NA` -> `NA...8416`
• `NA` -> `NA...8417`
• `NA` -> `NA...8418`
• `NA` -> `NA...8419`
• `NA` -> `NA...8420`
• `NA` -> `NA...8421`
• `NA` -> `NA...8423`
• `NA` -> `NA...8424`
• `NA` -> `NA...8425`
• `NA` -> `NA...8426`
• `NA` -> `NA...8427`
• `NA` -> `NA...8428`
• `NA` -> `NA...8429`
• `NA` -> `NA...8430`
• `NA` -> `NA...8431`
• `NA` -> `NA...8432`
• `NA` -> `NA...8433`
• `NA` -> `NA...8434`
• `NA` -> `NA...8435`
• `NA` -> `NA...8436`
• `NA` -> `NA...8437`
• `NA` -> `NA...8438`
• `NA` -> `NA...8439`
• `NA` -> `NA...8440`
• `NA` -> `NA...8441`
• `NA` -> `NA...8443`
• `NA` -> `NA...8444`
• `NA` -> `NA...8445`
• `NA` -> `NA...8446`
• `NA` -> `NA...8447`
• `NA` -> `NA...8448`
• `NA` -> `NA...8449`
• `NA` -> `NA...8450`
• `NA` -> `NA...8451`
• `NA` -> `NA...8452`
• `NA` -> `NA...8453`
• `NA` -> `NA...8454`
• `NA` -> `NA...8455`
• `NA` -> `NA...8456`
• `NA` -> `NA...8457`
• `NA` -> `NA...8458`
• `NA` -> `NA...8459`
• `NA` -> `NA...8460`
• `NA` -> `NA...8461`
• `NA` -> `NA...8463`
• `NA` -> `NA...8464`
• `NA` -> `NA...8465`
• `NA` -> `NA...8466`
• `NA` -> `NA...8467`
• `NA` -> `NA...8468`
• `NA` -> `NA...8469`
• `NA` -> `NA...8470`
• `NA` -> `NA...8471`
• `NA` -> `NA...8472`
• `NA` -> `NA...8473`
• `NA` -> `NA...8474`
• `NA` -> `NA...8475`
• `NA` -> `NA...8476`
• `NA` -> `NA...8477`
• `NA` -> `NA...8478`
• `NA` -> `NA...8479`
• `NA` -> `NA...8480`
• `NA` -> `NA...8481`
• `NA` -> `NA...8483`
• `NA` -> `NA...8484`
• `NA` -> `NA...8485`
• `NA` -> `NA...8486`
• `NA` -> `NA...8487`
• `NA` -> `NA...8488`
• `NA` -> `NA...8489`
• `NA` -> `NA...8490`
• `NA` -> `NA...8491`
• `NA` -> `NA...8492`
• `NA` -> `NA...8493`
• `NA` -> `NA...8494`
• `NA` -> `NA...8495`
• `NA` -> `NA...8496`
• `NA` -> `NA...8497`
• `NA` -> `NA...8498`
• `NA` -> `NA...8499`
• `NA` -> `NA...8500`
• `NA` -> `NA...8501`
• `NA` -> `NA...8503`
• `NA` -> `NA...8504`
• `NA` -> `NA...8505`
• `NA` -> `NA...8506`
• `NA` -> `NA...8507`
• `NA` -> `NA...8508`
• `NA` -> `NA...8509`
• `NA` -> `NA...8510`
• `NA` -> `NA...8511`
• `NA` -> `NA...8512`
• `NA` -> `NA...8513`
• `NA` -> `NA...8514`
• `NA` -> `NA...8515`
• `NA` -> `NA...8516`
• `NA` -> `NA...8517`
• `NA` -> `NA...8518`
• `NA` -> `NA...8519`
• `NA` -> `NA...8520`
• `NA` -> `NA...8521`
• `NA` -> `NA...8523`
• `NA` -> `NA...8524`
• `NA` -> `NA...8525`
• `NA` -> `NA...8526`
• `NA` -> `NA...8527`
• `NA` -> `NA...8528`
• `NA` -> `NA...8529`
• `NA` -> `NA...8530`
• `NA` -> `NA...8531`
• `NA` -> `NA...8532`
• `NA` -> `NA...8533`
• `NA` -> `NA...8534`
• `NA` -> `NA...8535`
• `NA` -> `NA...8536`
• `NA` -> `NA...8537`
• `NA` -> `NA...8538`
• `NA` -> `NA...8539`
• `NA` -> `NA...8540`
• `NA` -> `NA...8541`
• `NA` -> `NA...8543`
• `NA` -> `NA...8544`
• `NA` -> `NA...8545`
• `NA` -> `NA...8546`
• `NA` -> `NA...8547`
• `NA` -> `NA...8548`
• `NA` -> `NA...8549`
• `NA` -> `NA...8550`
• `NA` -> `NA...8551`
• `NA` -> `NA...8552`
• `NA` -> `NA...8553`
• `NA` -> `NA...8554`
• `NA` -> `NA...8555`
• `NA` -> `NA...8556`
• `NA` -> `NA...8557`
• `NA` -> `NA...8558`
• `NA` -> `NA...8559`
• `NA` -> `NA...8560`
• `NA` -> `NA...8561`
• `NA` -> `NA...8563`
• `NA` -> `NA...8564`
• `NA` -> `NA...8565`
• `NA` -> `NA...8566`
• `NA` -> `NA...8567`
• `NA` -> `NA...8568`
• `NA` -> `NA...8569`
• `NA` -> `NA...8570`
• `NA` -> `NA...8571`
• `NA` -> `NA...8572`
• `NA` -> `NA...8573`
• `NA` -> `NA...8574`
• `NA` -> `NA...8575`
• `NA` -> `NA...8576`
• `NA` -> `NA...8577`
• `NA` -> `NA...8578`
• `NA` -> `NA...8579`
• `NA` -> `NA...8580`
• `NA` -> `NA...8581`
• `NA` -> `NA...8583`
• `NA` -> `NA...8584`
• `NA` -> `NA...8585`
• `NA` -> `NA...8586`
• `NA` -> `NA...8587`
• `NA` -> `NA...8588`
• `NA` -> `NA...8589`
• `NA` -> `NA...8590`
• `NA` -> `NA...8591`
• `NA` -> `NA...8592`
• `NA` -> `NA...8593`
• `NA` -> `NA...8594`
• `NA` -> `NA...8595`
• `NA` -> `NA...8596`
• `NA` -> `NA...8597`
• `NA` -> `NA...8598`
• `NA` -> `NA...8599`
• `NA` -> `NA...8600`
• `NA` -> `NA...8601`
• `NA` -> `NA...8603`
• `NA` -> `NA...8604`
• `NA` -> `NA...8605`
• `NA` -> `NA...8606`
• `NA` -> `NA...8607`
• `NA` -> `NA...8608`
• `NA` -> `NA...8609`
• `NA` -> `NA...8610`
• `NA` -> `NA...8611`
• `NA` -> `NA...8612`
• `NA` -> `NA...8613`
• `NA` -> `NA...8614`
• `NA` -> `NA...8615`
• `NA` -> `NA...8616`
• `NA` -> `NA...8617`
• `NA` -> `NA...8618`
• `NA` -> `NA...8619`
• `NA` -> `NA...8620`
• `NA` -> `NA...8621`
• `NA` -> `NA...8623`
• `NA` -> `NA...8624`
• `NA` -> `NA...8625`
• `NA` -> `NA...8626`
• `NA` -> `NA...8627`
• `NA` -> `NA...8628`
• `NA` -> `NA...8629`
• `NA` -> `NA...8630`
• `NA` -> `NA...8631`
• `NA` -> `NA...8632`
• `NA` -> `NA...8633`
• `NA` -> `NA...8634`
• `NA` -> `NA...8635`
• `NA` -> `NA...8636`
• `NA` -> `NA...8637`
• `NA` -> `NA...8638`
• `NA` -> `NA...8639`
• `NA` -> `NA...8640`
• `NA` -> `NA...8641`
• `NA` -> `NA...8643`
• `NA` -> `NA...8644`
• `NA` -> `NA...8645`
• `NA` -> `NA...8646`
• `NA` -> `NA...8647`
• `NA` -> `NA...8648`
• `NA` -> `NA...8649`
• `NA` -> `NA...8650`
• `NA` -> `NA...8651`
• `NA` -> `NA...8652`
• `NA` -> `NA...8653`
• `NA` -> `NA...8654`
• `NA` -> `NA...8655`
• `NA` -> `NA...8656`
• `NA` -> `NA...8657`
• `NA` -> `NA...8658`
• `NA` -> `NA...8659`
• `NA` -> `NA...8660`
• `NA` -> `NA...8661`
• `NA` -> `NA...8663`
• `NA` -> `NA...8664`
• `NA` -> `NA...8665`
• `NA` -> `NA...8666`
• `NA` -> `NA...8667`
• `NA` -> `NA...8668`
• `NA` -> `NA...8669`
• `NA` -> `NA...8670`
• `NA` -> `NA...8671`
• `NA` -> `NA...8672`
• `NA` -> `NA...8673`
• `NA` -> `NA...8674`
• `NA` -> `NA...8675`
• `NA` -> `NA...8676`
• `NA` -> `NA...8677`
• `NA` -> `NA...8678`
• `NA` -> `NA...8679`
• `NA` -> `NA...8680`
• `NA` -> `NA...8681`
• `NA` -> `NA...8683`
• `NA` -> `NA...8684`
• `NA` -> `NA...8685`
• `NA` -> `NA...8686`
• `NA` -> `NA...8687`
• `NA` -> `NA...8688`
• `NA` -> `NA...8689`
• `NA` -> `NA...8690`
• `NA` -> `NA...8691`
• `NA` -> `NA...8692`
• `NA` -> `NA...8693`
• `NA` -> `NA...8694`
• `NA` -> `NA...8695`
• `NA` -> `NA...8696`
• `NA` -> `NA...8697`
• `NA` -> `NA...8698`
• `NA` -> `NA...8699`
• `NA` -> `NA...8700`
• `NA` -> `NA...8701`
• `NA` -> `NA...8703`
• `NA` -> `NA...8704`
• `NA` -> `NA...8705`
• `NA` -> `NA...8706`
• `NA` -> `NA...8707`
• `NA` -> `NA...8708`
• `NA` -> `NA...8709`
• `NA` -> `NA...8710`
• `NA` -> `NA...8711`
• `NA` -> `NA...8712`
• `NA` -> `NA...8713`
• `NA` -> `NA...8714`
• `NA` -> `NA...8715`
• `NA` -> `NA...8716`
• `NA` -> `NA...8717`
• `NA` -> `NA...8718`
• `NA` -> `NA...8719`
• `NA` -> `NA...8720`
• `NA` -> `NA...8721`
• `NA` -> `NA...8723`
• `NA` -> `NA...8724`
• `NA` -> `NA...8725`
• `NA` -> `NA...8726`
• `NA` -> `NA...8727`
• `NA` -> `NA...8728`
• `NA` -> `NA...8729`
• `NA` -> `NA...8730`
• `NA` -> `NA...8731`
• `NA` -> `NA...8732`
• `NA` -> `NA...8733`
• `NA` -> `NA...8734`
• `NA` -> `NA...8735`
• `NA` -> `NA...8736`
• `NA` -> `NA...8737`
• `NA` -> `NA...8738`
• `NA` -> `NA...8739`
• `NA` -> `NA...8740`
• `NA` -> `NA...8741`
• `NA` -> `NA...8743`
• `NA` -> `NA...8744`
• `NA` -> `NA...8745`
• `NA` -> `NA...8746`
• `NA` -> `NA...8747`
• `NA` -> `NA...8748`
• `NA` -> `NA...8749`
• `NA` -> `NA...8750`
• `NA` -> `NA...8751`
• `NA` -> `NA...8752`
• `NA` -> `NA...8753`
• `NA` -> `NA...8754`
• `NA` -> `NA...8755`
• `NA` -> `NA...8756`
• `NA` -> `NA...8757`
• `NA` -> `NA...8758`
• `NA` -> `NA...8759`
• `NA` -> `NA...8760`
• `NA` -> `NA...8761`
• `NA` -> `NA...8763`
• `NA` -> `NA...8764`
• `NA` -> `NA...8765`
• `NA` -> `NA...8766`
• `NA` -> `NA...8767`
• `NA` -> `NA...8768`
• `NA` -> `NA...8769`
• `NA` -> `NA...8770`
• `NA` -> `NA...8771`
• `NA` -> `NA...8772`
• `NA` -> `NA...8773`
• `NA` -> `NA...8774`
• `NA` -> `NA...8775`
• `NA` -> `NA...8776`
• `NA` -> `NA...8777`
• `NA` -> `NA...8778`
• `NA` -> `NA...8779`
• `NA` -> `NA...8780`
• `NA` -> `NA...8781`
• `NA` -> `NA...8783`
• `NA` -> `NA...8784`
• `NA` -> `NA...8785`
• `NA` -> `NA...8786`
• `NA` -> `NA...8787`
• `NA` -> `NA...8788`
• `NA` -> `NA...8789`
• `NA` -> `NA...8790`
• `NA` -> `NA...8791`
• `NA` -> `NA...8792`
• `NA` -> `NA...8793`
• `NA` -> `NA...8794`
• `NA` -> `NA...8795`
• `NA` -> `NA...8796`
• `NA` -> `NA...8797`
• `NA` -> `NA...8798`
• `NA` -> `NA...8799`
• `NA` -> `NA...8800`
• `NA` -> `NA...8801`
• `NA` -> `NA...8803`
• `NA` -> `NA...8804`
• `NA` -> `NA...8805`
• `NA` -> `NA...8806`
• `NA` -> `NA...8807`
• `NA` -> `NA...8808`
• `NA` -> `NA...8809`
• `NA` -> `NA...8810`
• `NA` -> `NA...8811`
• `NA` -> `NA...8812`
• `NA` -> `NA...8813`
• `NA` -> `NA...8814`
• `NA` -> `NA...8815`
• `NA` -> `NA...8816`
• `NA` -> `NA...8817`
• `NA` -> `NA...8818`
• `NA` -> `NA...8819`
• `NA` -> `NA...8820`
• `NA` -> `NA...8821`
• `NA` -> `NA...8823`
• `NA` -> `NA...8824`
• `NA` -> `NA...8825`
• `NA` -> `NA...8826`
• `NA` -> `NA...8827`
• `NA` -> `NA...8828`
• `NA` -> `NA...8829`
• `NA` -> `NA...8830`
• `NA` -> `NA...8831`
• `NA` -> `NA...8832`
• `NA` -> `NA...8833`
• `NA` -> `NA...8834`
• `NA` -> `NA...8835`
• `NA` -> `NA...8836`
• `NA` -> `NA...8837`
• `NA` -> `NA...8838`
• `NA` -> `NA...8839`
• `NA` -> `NA...8840`
• `NA` -> `NA...8841`
• `NA` -> `NA...8843`
• `NA` -> `NA...8844`
• `NA` -> `NA...8845`
• `NA` -> `NA...8846`
• `NA` -> `NA...8847`
• `NA` -> `NA...8848`
• `NA` -> `NA...8849`
• `NA` -> `NA...8850`
• `NA` -> `NA...8851`
• `NA` -> `NA...8852`
• `NA` -> `NA...8853`
• `NA` -> `NA...8854`
• `NA` -> `NA...8855`
• `NA` -> `NA...8856`
• `NA` -> `NA...8857`
• `NA` -> `NA...8858`
• `NA` -> `NA...8859`
• `NA` -> `NA...8860`
• `NA` -> `NA...8861`
• `NA` -> `NA...8863`
• `NA` -> `NA...8864`
• `NA` -> `NA...8865`
• `NA` -> `NA...8866`
• `NA` -> `NA...8867`
• `NA` -> `NA...8868`
• `NA` -> `NA...8869`
• `NA` -> `NA...8870`
• `NA` -> `NA...8871`
• `NA` -> `NA...8872`
• `NA` -> `NA...8873`
• `NA` -> `NA...8874`
• `NA` -> `NA...8875`
• `NA` -> `NA...8876`
• `NA` -> `NA...8877`
• `NA` -> `NA...8878`
• `NA` -> `NA...8879`
• `NA` -> `NA...8880`
• `NA` -> `NA...8881`
• `NA` -> `NA...8883`
• `NA` -> `NA...8884`
• `NA` -> `NA...8885`
• `NA` -> `NA...8886`
• `NA` -> `NA...8887`
• `NA` -> `NA...8888`
• `NA` -> `NA...8889`
• `NA` -> `NA...8890`
• `NA` -> `NA...8891`
• `NA` -> `NA...8892`
• `NA` -> `NA...8893`
• `NA` -> `NA...8894`
• `NA` -> `NA...8895`
• `NA` -> `NA...8896`
• `NA` -> `NA...8897`
• `NA` -> `NA...8898`
• `NA` -> `NA...8899`
• `NA` -> `NA...8900`
• `NA` -> `NA...8901`
• `NA` -> `NA...8903`
• `NA` -> `NA...8904`
• `NA` -> `NA...8905`
• `NA` -> `NA...8906`
• `NA` -> `NA...8907`
• `NA` -> `NA...8908`
• `NA` -> `NA...8909`
• `NA` -> `NA...8910`
• `NA` -> `NA...8911`
• `NA` -> `NA...8912`
• `NA` -> `NA...8913`
• `NA` -> `NA...8914`
• `NA` -> `NA...8915`
• `NA` -> `NA...8916`
• `NA` -> `NA...8917`
• `NA` -> `NA...8918`
• `NA` -> `NA...8919`
• `NA` -> `NA...8920`
• `NA` -> `NA...8921`
• `NA` -> `NA...8923`
• `NA` -> `NA...8924`
• `NA` -> `NA...8925`
• `NA` -> `NA...8926`
• `NA` -> `NA...8927`
• `NA` -> `NA...8928`
• `NA` -> `NA...8929`
• `NA` -> `NA...8930`
• `NA` -> `NA...8931`
• `NA` -> `NA...8932`
• `NA` -> `NA...8933`
• `NA` -> `NA...8934`
• `NA` -> `NA...8935`
• `NA` -> `NA...8936`
• `NA` -> `NA...8937`
• `NA` -> `NA...8938`
• `NA` -> `NA...8939`
• `NA` -> `NA...8940`
• `NA` -> `NA...8941`
• `NA` -> `NA...8943`
• `NA` -> `NA...8944`
• `NA` -> `NA...8945`
• `NA` -> `NA...8946`
• `NA` -> `NA...8947`
• `NA` -> `NA...8948`
• `NA` -> `NA...8949`
• `NA` -> `NA...8950`
• `NA` -> `NA...8951`
• `NA` -> `NA...8952`
• `NA` -> `NA...8953`
• `NA` -> `NA...8954`
• `NA` -> `NA...8955`
• `NA` -> `NA...8956`
• `NA` -> `NA...8957`
• `NA` -> `NA...8958`
• `NA` -> `NA...8959`
• `NA` -> `NA...8960`
• `NA` -> `NA...8961`
• `NA` -> `NA...8963`
• `NA` -> `NA...8964`
• `NA` -> `NA...8965`
• `NA` -> `NA...8966`
• `NA` -> `NA...8967`
• `NA` -> `NA...8968`
• `NA` -> `NA...8969`
• `NA` -> `NA...8970`
• `NA` -> `NA...8971`
• `NA` -> `NA...8972`
• `NA` -> `NA...8973`
• `NA` -> `NA...8974`
• `NA` -> `NA...8975`
• `NA` -> `NA...8976`
• `NA` -> `NA...8977`
• `NA` -> `NA...8978`
• `NA` -> `NA...8979`
• `NA` -> `NA...8980`
• `NA` -> `NA...8981`
• `NA` -> `NA...8983`
• `NA` -> `NA...8984`
• `NA` -> `NA...8985`
• `NA` -> `NA...8986`
• `NA` -> `NA...8987`
• `NA` -> `NA...8988`
• `NA` -> `NA...8989`
• `NA` -> `NA...8990`
• `NA` -> `NA...8991`
• `NA` -> `NA...8992`
• `NA` -> `NA...8993`
• `NA` -> `NA...8994`
• `NA` -> `NA...8995`
• `NA` -> `NA...8996`
• `NA` -> `NA...8997`
• `NA` -> `NA...8998`
• `NA` -> `NA...8999`
• `NA` -> `NA...9000`
• `NA` -> `NA...9001`
• `NA` -> `NA...9003`
• `NA` -> `NA...9004`
• `NA` -> `NA...9005`
• `NA` -> `NA...9006`
• `NA` -> `NA...9007`
• `NA` -> `NA...9008`
• `NA` -> `NA...9009`
• `NA` -> `NA...9010`
• `NA` -> `NA...9011`
• `NA` -> `NA...9012`
• `NA` -> `NA...9013`
• `NA` -> `NA...9014`
• `NA` -> `NA...9015`
• `NA` -> `NA...9016`
• `NA` -> `NA...9017`
• `NA` -> `NA...9018`
• `NA` -> `NA...9019`
• `NA` -> `NA...9020`
• `NA` -> `NA...9021`
• `NA` -> `NA...9023`
• `NA` -> `NA...9024`
• `NA` -> `NA...9025`
• `NA` -> `NA...9026`
• `NA` -> `NA...9027`
• `NA` -> `NA...9028`
• `NA` -> `NA...9029`
• `NA` -> `NA...9030`
• `NA` -> `NA...9031`
• `NA` -> `NA...9032`
• `NA` -> `NA...9033`
• `NA` -> `NA...9034`
• `NA` -> `NA...9035`
• `NA` -> `NA...9036`
• `NA` -> `NA...9037`
• `NA` -> `NA...9038`
• `NA` -> `NA...9039`
• `NA` -> `NA...9040`
• `NA` -> `NA...9041`
• `NA` -> `NA...9043`
• `NA` -> `NA...9044`
• `NA` -> `NA...9045`
• `NA` -> `NA...9046`
• `NA` -> `NA...9047`
• `NA` -> `NA...9048`
• `NA` -> `NA...9049`
• `NA` -> `NA...9050`
• `NA` -> `NA...9051`
• `NA` -> `NA...9052`
• `NA` -> `NA...9053`
• `NA` -> `NA...9054`
• `NA` -> `NA...9055`
• `NA` -> `NA...9056`
• `NA` -> `NA...9057`
• `NA` -> `NA...9058`
• `NA` -> `NA...9059`
• `NA` -> `NA...9060`
• `NA` -> `NA...9061`
• `NA` -> `NA...9063`
• `NA` -> `NA...9064`
• `NA` -> `NA...9065`
• `NA` -> `NA...9066`
• `NA` -> `NA...9067`
• `NA` -> `NA...9068`
• `NA` -> `NA...9069`
• `NA` -> `NA...9070`
• `NA` -> `NA...9071`
• `NA` -> `NA...9072`
• `NA` -> `NA...9073`
• `NA` -> `NA...9074`
• `NA` -> `NA...9075`
• `NA` -> `NA...9076`
• `NA` -> `NA...9077`
• `NA` -> `NA...9078`
• `NA` -> `NA...9079`
• `NA` -> `NA...9080`
• `NA` -> `NA...9081`
• `NA` -> `NA...9083`
• `NA` -> `NA...9084`
• `NA` -> `NA...9085`
• `NA` -> `NA...9086`
• `NA` -> `NA...9087`
• `NA` -> `NA...9088`
• `NA` -> `NA...9089`
• `NA` -> `NA...9090`
• `NA` -> `NA...9091`
• `NA` -> `NA...9092`
• `NA` -> `NA...9093`
• `NA` -> `NA...9094`
• `NA` -> `NA...9095`
• `NA` -> `NA...9096`
• `NA` -> `NA...9097`
• `NA` -> `NA...9098`
• `NA` -> `NA...9099`
• `NA` -> `NA...9100`
• `NA` -> `NA...9101`
• `NA` -> `NA...9103`
• `NA` -> `NA...9104`
• `NA` -> `NA...9105`
• `NA` -> `NA...9106`
• `NA` -> `NA...9107`
• `NA` -> `NA...9108`
• `NA` -> `NA...9109`
• `NA` -> `NA...9110`
• `NA` -> `NA...9111`
• `NA` -> `NA...9112`
• `NA` -> `NA...9113`
• `NA` -> `NA...9114`
• `NA` -> `NA...9115`
• `NA` -> `NA...9116`
• `NA` -> `NA...9117`
• `NA` -> `NA...9118`
• `NA` -> `NA...9119`
• `NA` -> `NA...9120`
• `NA` -> `NA...9121`
• `NA` -> `NA...9123`
• `NA` -> `NA...9124`
• `NA` -> `NA...9125`
• `NA` -> `NA...9126`
• `NA` -> `NA...9127`
• `NA` -> `NA...9128`
• `NA` -> `NA...9129`
• `NA` -> `NA...9130`
• `NA` -> `NA...9131`
• `NA` -> `NA...9132`
• `NA` -> `NA...9133`
• `NA` -> `NA...9134`
• `NA` -> `NA...9135`
• `NA` -> `NA...9136`
• `NA` -> `NA...9137`
• `NA` -> `NA...9138`
• `NA` -> `NA...9139`
• `NA` -> `NA...9140`
• `NA` -> `NA...9141`
• `NA` -> `NA...9143`
• `NA` -> `NA...9144`
• `NA` -> `NA...9145`
• `NA` -> `NA...9146`
• `NA` -> `NA...9147`
• `NA` -> `NA...9148`
• `NA` -> `NA...9149`
• `NA` -> `NA...9150`
• `NA` -> `NA...9151`
• `NA` -> `NA...9152`
• `NA` -> `NA...9153`
• `NA` -> `NA...9154`
• `NA` -> `NA...9155`
• `NA` -> `NA...9156`
• `NA` -> `NA...9157`
• `NA` -> `NA...9158`
• `NA` -> `NA...9159`
• `NA` -> `NA...9160`
• `NA` -> `NA...9161`
• `NA` -> `NA...9163`
• `NA` -> `NA...9164`
• `NA` -> `NA...9165`
• `NA` -> `NA...9166`
• `NA` -> `NA...9167`
• `NA` -> `NA...9168`
• `NA` -> `NA...9169`
• `NA` -> `NA...9170`
• `NA` -> `NA...9171`
• `NA` -> `NA...9172`
• `NA` -> `NA...9173`
• `NA` -> `NA...9174`
• `NA` -> `NA...9175`
• `NA` -> `NA...9176`
• `NA` -> `NA...9177`
• `NA` -> `NA...9178`
• `NA` -> `NA...9179`
• `NA` -> `NA...9180`
• `NA` -> `NA...9181`
• `NA` -> `NA...9183`
• `NA` -> `NA...9184`
• `NA` -> `NA...9185`
• `NA` -> `NA...9186`
• `NA` -> `NA...9187`
• `NA` -> `NA...9188`
• `NA` -> `NA...9189`
• `NA` -> `NA...9190`
• `NA` -> `NA...9191`
• `NA` -> `NA...9192`
• `NA` -> `NA...9193`
• `NA` -> `NA...9194`
• `NA` -> `NA...9195`
• `NA` -> `NA...9196`
• `NA` -> `NA...9197`
• `NA` -> `NA...9198`
• `NA` -> `NA...9199`
• `NA` -> `NA...9200`
• `NA` -> `NA...9201`
• `NA` -> `NA...9203`
• `NA` -> `NA...9204`
• `NA` -> `NA...9205`
• `NA` -> `NA...9206`
• `NA` -> `NA...9207`
• `NA` -> `NA...9208`
• `NA` -> `NA...9209`
• `NA` -> `NA...9210`
• `NA` -> `NA...9211`
• `NA` -> `NA...9212`
• `NA` -> `NA...9213`
• `NA` -> `NA...9214`
• `NA` -> `NA...9215`
• `NA` -> `NA...9216`
• `NA` -> `NA...9217`
• `NA` -> `NA...9218`
• `NA` -> `NA...9219`
• `NA` -> `NA...9220`
• `NA` -> `NA...9221`
• `NA` -> `NA...9223`
• `NA` -> `NA...9224`
• `NA` -> `NA...9225`
• `NA` -> `NA...9226`
• `NA` -> `NA...9227`
• `NA` -> `NA...9228`
• `NA` -> `NA...9229`
• `NA` -> `NA...9230`
• `NA` -> `NA...9231`
• `NA` -> `NA...9232`
• `NA` -> `NA...9233`
• `NA` -> `NA...9234`
• `NA` -> `NA...9235`
• `NA` -> `NA...9236`
• `NA` -> `NA...9237`
• `NA` -> `NA...9238`
• `NA` -> `NA...9239`
• `NA` -> `NA...9240`
• `NA` -> `NA...9241`
• `NA` -> `NA...9243`
• `NA` -> `NA...9244`
• `NA` -> `NA...9245`
• `NA` -> `NA...9246`
• `NA` -> `NA...9247`
• `NA` -> `NA...9248`
• `NA` -> `NA...9249`
• `NA` -> `NA...9250`
• `NA` -> `NA...9251`
• `NA` -> `NA...9252`
• `NA` -> `NA...9253`
• `NA` -> `NA...9254`
• `NA` -> `NA...9255`
• `NA` -> `NA...9256`
• `NA` -> `NA...9257`
• `NA` -> `NA...9258`
• `NA` -> `NA...9259`
• `NA` -> `NA...9260`
• `NA` -> `NA...9261`
• `NA` -> `NA...9263`
• `NA` -> `NA...9264`
• `NA` -> `NA...9265`
• `NA` -> `NA...9266`
• `NA` -> `NA...9267`
• `NA` -> `NA...9268`
• `NA` -> `NA...9269`
• `NA` -> `NA...9270`
• `NA` -> `NA...9271`
• `NA` -> `NA...9272`
• `NA` -> `NA...9273`
• `NA` -> `NA...9274`
• `NA` -> `NA...9275`
• `NA` -> `NA...9276`
• `NA` -> `NA...9277`
• `NA` -> `NA...9278`
• `NA` -> `NA...9279`
• `NA` -> `NA...9280`
• `NA` -> `NA...9281`
• `NA` -> `NA...9283`
• `NA` -> `NA...9284`
• `NA` -> `NA...9285`
• `NA` -> `NA...9286`
• `NA` -> `NA...9287`
• `NA` -> `NA...9288`
• `NA` -> `NA...9289`
• `NA` -> `NA...9290`
• `NA` -> `NA...9291`
• `NA` -> `NA...9292`
• `NA` -> `NA...9293`
• `NA` -> `NA...9294`
• `NA` -> `NA...9295`
• `NA` -> `NA...9296`
• `NA` -> `NA...9297`
• `NA` -> `NA...9298`
• `NA` -> `NA...9299`
• `NA` -> `NA...9300`
• `NA` -> `NA...9301`
• `NA` -> `NA...9303`
• `NA` -> `NA...9304`
• `NA` -> `NA...9305`
• `NA` -> `NA...9306`
• `NA` -> `NA...9307`
• `NA` -> `NA...9308`
• `NA` -> `NA...9309`
• `NA` -> `NA...9310`
• `NA` -> `NA...9311`
• `NA` -> `NA...9312`
• `NA` -> `NA...9313`
• `NA` -> `NA...9314`
• `NA` -> `NA...9315`
• `NA` -> `NA...9316`
• `NA` -> `NA...9317`
• `NA` -> `NA...9318`
• `NA` -> `NA...9319`
• `NA` -> `NA...9320`
• `NA` -> `NA...9321`
• `NA` -> `NA...9323`
• `NA` -> `NA...9324`
• `NA` -> `NA...9325`
• `NA` -> `NA...9326`
• `NA` -> `NA...9327`
• `NA` -> `NA...9328`
• `NA` -> `NA...9329`
• `NA` -> `NA...9330`
• `NA` -> `NA...9331`
• `NA` -> `NA...9332`
• `NA` -> `NA...9333`
• `NA` -> `NA...9334`
• `NA` -> `NA...9335`
• `NA` -> `NA...9336`
• `NA` -> `NA...9337`
• `NA` -> `NA...9338`
• `NA` -> `NA...9339`
• `NA` -> `NA...9340`
• `NA` -> `NA...9341`
• `NA` -> `NA...9343`
• `NA` -> `NA...9344`
• `NA` -> `NA...9345`
• `NA` -> `NA...9346`
• `NA` -> `NA...9347`
• `NA` -> `NA...9348`
• `NA` -> `NA...9349`
• `NA` -> `NA...9350`
• `NA` -> `NA...9351`
• `NA` -> `NA...9352`
• `NA` -> `NA...9353`
• `NA` -> `NA...9354`
• `NA` -> `NA...9355`
• `NA` -> `NA...9356`
• `NA` -> `NA...9357`
• `NA` -> `NA...9358`
• `NA` -> `NA...9359`
• `NA` -> `NA...9360`
• `NA` -> `NA...9361`
• `NA` -> `NA...9363`
• `NA` -> `NA...9364`
• `NA` -> `NA...9365`
• `NA` -> `NA...9366`
• `NA` -> `NA...9367`
• `NA` -> `NA...9368`
• `NA` -> `NA...9369`
• `NA` -> `NA...9370`
• `NA` -> `NA...9371`
• `NA` -> `NA...9372`
• `NA` -> `NA...9373`
• `NA` -> `NA...9374`
• `NA` -> `NA...9375`
• `NA` -> `NA...9376`
• `NA` -> `NA...9377`
• `NA` -> `NA...9378`
• `NA` -> `NA...9379`
• `NA` -> `NA...9380`
• `NA` -> `NA...9381`
• `NA` -> `NA...9383`
• `NA` -> `NA...9384`
• `NA` -> `NA...9385`
• `NA` -> `NA...9386`
• `NA` -> `NA...9387`
• `NA` -> `NA...9388`
• `NA` -> `NA...9389`
• `NA` -> `NA...9390`
• `NA` -> `NA...9391`
• `NA` -> `NA...9392`
• `NA` -> `NA...9393`
• `NA` -> `NA...9394`
• `NA` -> `NA...9395`
• `NA` -> `NA...9396`
• `NA` -> `NA...9397`
• `NA` -> `NA...9398`
• `NA` -> `NA...9399`
• `NA` -> `NA...9400`
• `NA` -> `NA...9401`
• `NA` -> `NA...9403`
• `NA` -> `NA...9404`
• `NA` -> `NA...9405`
• `NA` -> `NA...9406`
• `NA` -> `NA...9407`
• `NA` -> `NA...9408`
• `NA` -> `NA...9409`
• `NA` -> `NA...9410`
• `NA` -> `NA...9411`
• `NA` -> `NA...9412`
• `NA` -> `NA...9413`
• `NA` -> `NA...9414`
• `NA` -> `NA...9415`
• `NA` -> `NA...9416`
• `NA` -> `NA...9417`
• `NA` -> `NA...9418`
• `NA` -> `NA...9419`
• `NA` -> `NA...9420`
• `NA` -> `NA...9421`
• `NA` -> `NA...9423`
• `NA` -> `NA...9424`
• `NA` -> `NA...9425`
• `NA` -> `NA...9426`
• `NA` -> `NA...9427`
• `NA` -> `NA...9428`
• `NA` -> `NA...9429`
• `NA` -> `NA...9430`
• `NA` -> `NA...9431`
• `NA` -> `NA...9432`
• `NA` -> `NA...9433`
• `NA` -> `NA...9434`
• `NA` -> `NA...9435`
• `NA` -> `NA...9436`
• `NA` -> `NA...9437`
• `NA` -> `NA...9438`
• `NA` -> `NA...9439`
• `NA` -> `NA...9440`
• `NA` -> `NA...9441`
• `NA` -> `NA...9443`
• `NA` -> `NA...9444`
• `NA` -> `NA...9445`
• `NA` -> `NA...9446`
• `NA` -> `NA...9447`
• `NA` -> `NA...9448`
• `NA` -> `NA...9449`
• `NA` -> `NA...9450`
• `NA` -> `NA...9451`
• `NA` -> `NA...9452`
• `NA` -> `NA...9453`
• `NA` -> `NA...9454`
• `NA` -> `NA...9455`
• `NA` -> `NA...9456`
• `NA` -> `NA...9457`
• `NA` -> `NA...9458`
• `NA` -> `NA...9459`
• `NA` -> `NA...9460`
• `NA` -> `NA...9461`
• `NA` -> `NA...9463`
• `NA` -> `NA...9464`
• `NA` -> `NA...9465`
• `NA` -> `NA...9466`
• `NA` -> `NA...9467`
• `NA` -> `NA...9468`
• `NA` -> `NA...9469`
• `NA` -> `NA...9470`
• `NA` -> `NA...9471`
• `NA` -> `NA...9472`
• `NA` -> `NA...9473`
• `NA` -> `NA...9474`
• `NA` -> `NA...9475`
• `NA` -> `NA...9476`
• `NA` -> `NA...9477`
• `NA` -> `NA...9478`
• `NA` -> `NA...9479`
• `NA` -> `NA...9480`
• `NA` -> `NA...9481`
• `NA` -> `NA...9483`
• `NA` -> `NA...9484`
• `NA` -> `NA...9485`
• `NA` -> `NA...9486`
• `NA` -> `NA...9487`
• `NA` -> `NA...9488`
• `NA` -> `NA...9489`
• `NA` -> `NA...9490`
• `NA` -> `NA...9491`
• `NA` -> `NA...9492`
• `NA` -> `NA...9493`
• `NA` -> `NA...9494`
• `NA` -> `NA...9495`
• `NA` -> `NA...9496`
• `NA` -> `NA...9497`
• `NA` -> `NA...9498`
• `NA` -> `NA...9499`
• `NA` -> `NA...9500`
• `NA` -> `NA...9501`
• `NA` -> `NA...9503`
• `NA` -> `NA...9504`
• `NA` -> `NA...9505`
• `NA` -> `NA...9506`
• `NA` -> `NA...9507`
• `NA` -> `NA...9508`
• `NA` -> `NA...9509`
• `NA` -> `NA...9510`
• `NA` -> `NA...9511`
• `NA` -> `NA...9512`
• `NA` -> `NA...9513`
• `NA` -> `NA...9514`
• `NA` -> `NA...9515`
• `NA` -> `NA...9516`
• `NA` -> `NA...9517`
• `NA` -> `NA...9518`
• `NA` -> `NA...9519`
• `NA` -> `NA...9520`
• `NA` -> `NA...9521`
• `NA` -> `NA...9523`
• `NA` -> `NA...9524`
• `NA` -> `NA...9525`
• `NA` -> `NA...9526`
• `NA` -> `NA...9527`
• `NA` -> `NA...9528`
• `NA` -> `NA...9529`
• `NA` -> `NA...9530`
• `NA` -> `NA...9531`
• `NA` -> `NA...9532`
• `NA` -> `NA...9533`
• `NA` -> `NA...9534`
• `NA` -> `NA...9535`
• `NA` -> `NA...9536`
• `NA` -> `NA...9537`
• `NA` -> `NA...9538`
• `NA` -> `NA...9539`
• `NA` -> `NA...9540`
• `NA` -> `NA...9541`
• `NA` -> `NA...9543`
• `NA` -> `NA...9544`
• `NA` -> `NA...9545`
• `NA` -> `NA...9546`
• `NA` -> `NA...9547`
• `NA` -> `NA...9548`
• `NA` -> `NA...9549`
• `NA` -> `NA...9550`
• `NA` -> `NA...9551`
• `NA` -> `NA...9552`
• `NA` -> `NA...9553`
• `NA` -> `NA...9554`
• `NA` -> `NA...9555`
• `NA` -> `NA...9556`
• `NA` -> `NA...9557`
• `NA` -> `NA...9558`
• `NA` -> `NA...9559`
• `NA` -> `NA...9560`
• `NA` -> `NA...9561`
• `NA` -> `NA...9563`
• `NA` -> `NA...9564`
• `NA` -> `NA...9565`
• `NA` -> `NA...9566`
• `NA` -> `NA...9567`
• `NA` -> `NA...9568`
• `NA` -> `NA...9569`
• `NA` -> `NA...9570`
• `NA` -> `NA...9571`
• `NA` -> `NA...9572`
• `NA` -> `NA...9573`
• `NA` -> `NA...9574`
• `NA` -> `NA...9575`
• `NA` -> `NA...9576`
• `NA` -> `NA...9577`
• `NA` -> `NA...9578`
• `NA` -> `NA...9579`
• `NA` -> `NA...9580`
• `NA` -> `NA...9581`
• `NA` -> `NA...9583`
• `NA` -> `NA...9584`
• `NA` -> `NA...9585`
• `NA` -> `NA...9586`
• `NA` -> `NA...9587`
• `NA` -> `NA...9588`
• `NA` -> `NA...9589`
• `NA` -> `NA...9590`
• `NA` -> `NA...9591`
• `NA` -> `NA...9592`
• `NA` -> `NA...9593`
• `NA` -> `NA...9594`
• `NA` -> `NA...9595`
• `NA` -> `NA...9596`
• `NA` -> `NA...9597`
• `NA` -> `NA...9598`
• `NA` -> `NA...9599`
• `NA` -> `NA...9600`
• `NA` -> `NA...9601`
• `NA` -> `NA...9603`
• `NA` -> `NA...9604`
• `NA` -> `NA...9605`
• `NA` -> `NA...9606`
• `NA` -> `NA...9607`
• `NA` -> `NA...9608`
• `NA` -> `NA...9609`
• `NA` -> `NA...9610`
• `NA` -> `NA...9611`
• `NA` -> `NA...9612`
• `NA` -> `NA...9613`
• `NA` -> `NA...9614`
• `NA` -> `NA...9615`
• `NA` -> `NA...9616`
• `NA` -> `NA...9617`
• `NA` -> `NA...9618`
• `NA` -> `NA...9619`
• `NA` -> `NA...9620`
• `NA` -> `NA...9621`
• `NA` -> `NA...9623`
• `NA` -> `NA...9624`
• `NA` -> `NA...9625`
• `NA` -> `NA...9626`
• `NA` -> `NA...9627`
• `NA` -> `NA...9628`
• `NA` -> `NA...9629`
• `NA` -> `NA...9630`
• `NA` -> `NA...9631`
• `NA` -> `NA...9632`
• `NA` -> `NA...9633`
• `NA` -> `NA...9634`
• `NA` -> `NA...9635`
• `NA` -> `NA...9636`
• `NA` -> `NA...9637`
• `NA` -> `NA...9638`
• `NA` -> `NA...9639`
• `NA` -> `NA...9640`
• `NA` -> `NA...9641`
• `NA` -> `NA...9643`
• `NA` -> `NA...9644`
• `NA` -> `NA...9645`
• `NA` -> `NA...9646`
• `NA` -> `NA...9647`
• `NA` -> `NA...9648`
• `NA` -> `NA...9649`
• `NA` -> `NA...9650`
• `NA` -> `NA...9651`
• `NA` -> `NA...9652`
• `NA` -> `NA...9653`
• `NA` -> `NA...9654`
• `NA` -> `NA...9655`
• `NA` -> `NA...9656`
• `NA` -> `NA...9657`
• `NA` -> `NA...9658`
• `NA` -> `NA...9659`
• `NA` -> `NA...9660`
• `NA` -> `NA...9661`
• `NA` -> `NA...9663`
• `NA` -> `NA...9664`
• `NA` -> `NA...9665`
• `NA` -> `NA...9666`
• `NA` -> `NA...9667`
• `NA` -> `NA...9668`
• `NA` -> `NA...9669`
• `NA` -> `NA...9670`
• `NA` -> `NA...9671`
• `NA` -> `NA...9672`
• `NA` -> `NA...9673`
• `NA` -> `NA...9674`
• `NA` -> `NA...9675`
• `NA` -> `NA...9676`
• `NA` -> `NA...9677`
• `NA` -> `NA...9678`
• `NA` -> `NA...9679`
• `NA` -> `NA...9680`
• `NA` -> `NA...9681`
• `NA` -> `NA...9683`
• `NA` -> `NA...9684`
• `NA` -> `NA...9685`
• `NA` -> `NA...9686`
• `NA` -> `NA...9687`
• `NA` -> `NA...9688`
• `NA` -> `NA...9689`
• `NA` -> `NA...9690`
• `NA` -> `NA...9691`
• `NA` -> `NA...9692`
• `NA` -> `NA...9693`
• `NA` -> `NA...9694`
• `NA` -> `NA...9695`
• `NA` -> `NA...9696`
• `NA` -> `NA...9697`
• `NA` -> `NA...9698`
• `NA` -> `NA...9699`
• `NA` -> `NA...9700`
• `NA` -> `NA...9701`
• `NA` -> `NA...9703`
• `NA` -> `NA...9704`
• `NA` -> `NA...9705`
• `NA` -> `NA...9706`
• `NA` -> `NA...9707`
• `NA` -> `NA...9708`
• `NA` -> `NA...9709`
• `NA` -> `NA...9710`
• `NA` -> `NA...9711`
• `NA` -> `NA...9712`
• `NA` -> `NA...9713`
• `NA` -> `NA...9714`
• `NA` -> `NA...9715`
• `NA` -> `NA...9716`
• `NA` -> `NA...9717`
• `NA` -> `NA...9718`
• `NA` -> `NA...9719`
• `NA` -> `NA...9720`
• `NA` -> `NA...9721`
• `NA` -> `NA...9723`
• `NA` -> `NA...9724`
• `NA` -> `NA...9725`
• `NA` -> `NA...9726`
• `NA` -> `NA...9727`
• `NA` -> `NA...9728`
• `NA` -> `NA...9729`
• `NA` -> `NA...9730`
• `NA` -> `NA...9731`
• `NA` -> `NA...9732`
• `NA` -> `NA...9733`
• `NA` -> `NA...9734`
• `NA` -> `NA...9735`
• `NA` -> `NA...9736`
• `NA` -> `NA...9737`
• `NA` -> `NA...9738`
• `NA` -> `NA...9739`
• `NA` -> `NA...9740`
• `NA` -> `NA...9741`
• `NA` -> `NA...9743`
• `NA` -> `NA...9744`
• `NA` -> `NA...9745`
• `NA` -> `NA...9746`
• `NA` -> `NA...9747`
• `NA` -> `NA...9748`
• `NA` -> `NA...9749`
• `NA` -> `NA...9750`
• `NA` -> `NA...9751`
• `NA` -> `NA...9752`
• `NA` -> `NA...9753`
• `NA` -> `NA...9754`
• `NA` -> `NA...9755`
• `NA` -> `NA...9756`
• `NA` -> `NA...9757`
• `NA` -> `NA...9758`
• `NA` -> `NA...9759`
• `NA` -> `NA...9760`
• `NA` -> `NA...9761`
• `NA` -> `NA...9763`
• `NA` -> `NA...9764`
• `NA` -> `NA...9765`
• `NA` -> `NA...9766`
• `NA` -> `NA...9767`
• `NA` -> `NA...9768`
• `NA` -> `NA...9769`
• `NA` -> `NA...9770`
• `NA` -> `NA...9771`
• `NA` -> `NA...9772`
• `NA` -> `NA...9773`
• `NA` -> `NA...9774`
• `NA` -> `NA...9775`
• `NA` -> `NA...9776`
• `NA` -> `NA...9777`
• `NA` -> `NA...9778`
• `NA` -> `NA...9779`
• `NA` -> `NA...9780`
• `NA` -> `NA...9781`
• `NA` -> `NA...9783`
• `NA` -> `NA...9784`
• `NA` -> `NA...9785`
• `NA` -> `NA...9786`
• `NA` -> `NA...9787`
• `NA` -> `NA...9788`
• `NA` -> `NA...9789`
• `NA` -> `NA...9790`
• `NA` -> `NA...9791`
• `NA` -> `NA...9792`
• `NA` -> `NA...9793`
• `NA` -> `NA...9794`
• `NA` -> `NA...9795`
• `NA` -> `NA...9796`
• `NA` -> `NA...9797`
• `NA` -> `NA...9798`
• `NA` -> `NA...9799`
• `NA` -> `NA...9800`
• `NA` -> `NA...9801`
• `NA` -> `NA...9803`
• `NA` -> `NA...9804`
• `NA` -> `NA...9805`
• `NA` -> `NA...9806`
• `NA` -> `NA...9807`
• `NA` -> `NA...9808`
• `NA` -> `NA...9809`
• `NA` -> `NA...9810`
• `NA` -> `NA...9811`
• `NA` -> `NA...9812`
• `NA` -> `NA...9813`
• `NA` -> `NA...9814`
• `NA` -> `NA...9815`
• `NA` -> `NA...9816`
• `NA` -> `NA...9817`
• `NA` -> `NA...9818`
• `NA` -> `NA...9819`
• `NA` -> `NA...9820`
• `NA` -> `NA...9821`
• `NA` -> `NA...9823`
• `NA` -> `NA...9824`
• `NA` -> `NA...9825`
• `NA` -> `NA...9826`
• `NA` -> `NA...9827`
• `NA` -> `NA...9828`
• `NA` -> `NA...9829`
• `NA` -> `NA...9830`
• `NA` -> `NA...9831`
• `NA` -> `NA...9832`
• `NA` -> `NA...9833`
• `NA` -> `NA...9834`
• `NA` -> `NA...9835`
• `NA` -> `NA...9836`
• `NA` -> `NA...9837`
• `NA` -> `NA...9838`
• `NA` -> `NA...9839`
• `NA` -> `NA...9840`
• `NA` -> `NA...9841`
• `NA` -> `NA...9843`
• `NA` -> `NA...9844`
• `NA` -> `NA...9845`
• `NA` -> `NA...9846`
• `NA` -> `NA...9847`
• `NA` -> `NA...9848`
• `NA` -> `NA...9849`
• `NA` -> `NA...9850`
• `NA` -> `NA...9851`
• `NA` -> `NA...9852`
• `NA` -> `NA...9853`
• `NA` -> `NA...9854`
• `NA` -> `NA...9855`
• `NA` -> `NA...9856`
• `NA` -> `NA...9857`
• `NA` -> `NA...9858`
• `NA` -> `NA...9859`
• `NA` -> `NA...9860`
• `NA` -> `NA...9861`
• `NA` -> `NA...9863`
• `NA` -> `NA...9864`
• `NA` -> `NA...9865`
• `NA` -> `NA...9866`
• `NA` -> `NA...9867`
• `NA` -> `NA...9868`
• `NA` -> `NA...9869`
• `NA` -> `NA...9870`
• `NA` -> `NA...9871`
• `NA` -> `NA...9872`
• `NA` -> `NA...9873`
• `NA` -> `NA...9874`
• `NA` -> `NA...9875`
• `NA` -> `NA...9876`
• `NA` -> `NA...9877`
• `NA` -> `NA...9878`
• `NA` -> `NA...9879`
• `NA` -> `NA...9880`
• `NA` -> `NA...9881`
• `NA` -> `NA...9883`
• `NA` -> `NA...9884`
• `NA` -> `NA...9885`
• `NA` -> `NA...9886`
• `NA` -> `NA...9887`
• `NA` -> `NA...9888`
• `NA` -> `NA...9889`
• `NA` -> `NA...9890`
• `NA` -> `NA...9891`
• `NA` -> `NA...9892`
• `NA` -> `NA...9893`
• `NA` -> `NA...9894`
• `NA` -> `NA...9895`
• `NA` -> `NA...9896`
• `NA` -> `NA...9897`
• `NA` -> `NA...9898`
• `NA` -> `NA...9899`
• `NA` -> `NA...9900`
• `NA` -> `NA...9901`
• `NA` -> `NA...9903`
• `NA` -> `NA...9904`
• `NA` -> `NA...9905`
• `NA` -> `NA...9906`
• `NA` -> `NA...9907`
• `NA` -> `NA...9908`
• `NA` -> `NA...9909`
• `NA` -> `NA...9910`
• `NA` -> `NA...9911`
• `NA` -> `NA...9912`
• `NA` -> `NA...9913`
• `NA` -> `NA...9914`
• `NA` -> `NA...9915`
• `NA` -> `NA...9916`
• `NA` -> `NA...9917`
• `NA` -> `NA...9918`
• `NA` -> `NA...9919`
• `NA` -> `NA...9920`
• `NA` -> `NA...9921`
• `NA` -> `NA...9923`
• `NA` -> `NA...9924`
• `NA` -> `NA...9925`
• `NA` -> `NA...9926`
• `NA` -> `NA...9927`
• `NA` -> `NA...9928`
• `NA` -> `NA...9929`
• `NA` -> `NA...9930`
• `NA` -> `NA...9931`
• `NA` -> `NA...9932`
• `NA` -> `NA...9933`
• `NA` -> `NA...9934`
• `NA` -> `NA...9935`
• `NA` -> `NA...9936`
• `NA` -> `NA...9937`
• `NA` -> `NA...9938`
• `NA` -> `NA...9939`
• `NA` -> `NA...9940`
• `NA` -> `NA...9941`
• `NA` -> `NA...9943`
• `NA` -> `NA...9944`
• `NA` -> `NA...9945`
• `NA` -> `NA...9946`
• `NA` -> `NA...9947`
• `NA` -> `NA...9948`
• `NA` -> `NA...9949`
• `NA` -> `NA...9950`
• `NA` -> `NA...9951`
• `NA` -> `NA...9952`
• `NA` -> `NA...9953`
• `NA` -> `NA...9954`
• `NA` -> `NA...9955`
• `NA` -> `NA...9956`
• `NA` -> `NA...9957`
• `NA` -> `NA...9958`
• `NA` -> `NA...9959`
• `NA` -> `NA...9960`
• `NA` -> `NA...9961`
• `NA` -> `NA...9963`
• `NA` -> `NA...9964`
• `NA` -> `NA...9965`
• `NA` -> `NA...9966`
• `NA` -> `NA...9967`
• `NA` -> `NA...9968`
• `NA` -> `NA...9969`
• `NA` -> `NA...9970`
• `NA` -> `NA...9971`
• `NA` -> `NA...9972`
• `NA` -> `NA...9973`
• `NA` -> `NA...9974`
• `NA` -> `NA...9975`
• `NA` -> `NA...9976`
• `NA` -> `NA...9977`
• `NA` -> `NA...9978`
• `NA` -> `NA...9979`
• `NA` -> `NA...9980`
• `NA` -> `NA...9981`
• `NA` -> `NA...9983`
• `NA` -> `NA...9984`
• `NA` -> `NA...9985`
• `NA` -> `NA...9986`
• `NA` -> `NA...9987`
• `NA` -> `NA...9988`
• `NA` -> `NA...9989`
• `NA` -> `NA...9990`
• `NA` -> `NA...9991`
• `NA` -> `NA...9992`
• `NA` -> `NA...9993`
• `NA` -> `NA...9994`
• `NA` -> `NA...9995`
• `NA` -> `NA...9996`
• `NA` -> `NA...9997`
• `NA` -> `NA...9998`
• `NA` -> `NA...9999`
• `NA` -> `NA...10000`
• `NA` -> `NA...10001`
• `NA` -> `NA...10003`
• `NA` -> `NA...10004`
• `NA` -> `NA...10005`
• `NA` -> `NA...10006`
• `NA` -> `NA...10007`
• `NA` -> `NA...10008`
• `NA` -> `NA...10009`
• `NA` -> `NA...10010`
• `NA` -> `NA...10011`
• `NA` -> `NA...10012`
• `NA` -> `NA...10013`
• `NA` -> `NA...10014`
• `NA` -> `NA...10015`
• `NA` -> `NA...10016`
• `NA` -> `NA...10017`
• `NA` -> `NA...10018`
• `NA` -> `NA...10019`
• `NA` -> `NA...10020`
• `NA` -> `NA...10021`
• `NA` -> `NA...10023`
• `NA` -> `NA...10024`
• `NA` -> `NA...10025`
• `NA` -> `NA...10026`
• `NA` -> `NA...10027`
• `NA` -> `NA...10028`
• `NA` -> `NA...10029`
• `NA` -> `NA...10030`
• `NA` -> `NA...10031`
• `NA` -> `NA...10032`
• `NA` -> `NA...10033`
• `NA` -> `NA...10034`
• `NA` -> `NA...10035`
• `NA` -> `NA...10036`
• `NA` -> `NA...10037`
• `NA` -> `NA...10038`
• `NA` -> `NA...10039`
• `NA` -> `NA...10040`
• `NA` -> `NA...10041`
• `NA` -> `NA...10043`
• `NA` -> `NA...10044`
• `NA` -> `NA...10045`
• `NA` -> `NA...10046`
• `NA` -> `NA...10047`
• `NA` -> `NA...10048`
• `NA` -> `NA...10049`
• `NA` -> `NA...10050`
• `NA` -> `NA...10051`
• `NA` -> `NA...10052`
• `NA` -> `NA...10053`
• `NA` -> `NA...10054`
• `NA` -> `NA...10055`
• `NA` -> `NA...10056`
• `NA` -> `NA...10057`
• `NA` -> `NA...10058`
• `NA` -> `NA...10059`
• `NA` -> `NA...10060`
• `NA` -> `NA...10061`
• `NA` -> `NA...10063`
• `NA` -> `NA...10064`
• `NA` -> `NA...10065`
• `NA` -> `NA...10066`
• `NA` -> `NA...10067`
• `NA` -> `NA...10068`
• `NA` -> `NA...10069`
• `NA` -> `NA...10070`
• `NA` -> `NA...10071`
• `NA` -> `NA...10072`
• `NA` -> `NA...10073`
• `NA` -> `NA...10074`
• `NA` -> `NA...10075`
• `NA` -> `NA...10076`
• `NA` -> `NA...10077`
• `NA` -> `NA...10078`
• `NA` -> `NA...10079`
• `NA` -> `NA...10080`
• `NA` -> `NA...10081`
• `NA` -> `NA...10083`
• `NA` -> `NA...10084`
• `NA` -> `NA...10085`
• `NA` -> `NA...10086`
• `NA` -> `NA...10087`
• `NA` -> `NA...10088`
• `NA` -> `NA...10089`
• `NA` -> `NA...10090`
• `NA` -> `NA...10091`
• `NA` -> `NA...10092`
• `NA` -> `NA...10093`
• `NA` -> `NA...10094`
• `NA` -> `NA...10095`
• `NA` -> `NA...10096`
• `NA` -> `NA...10097`
• `NA` -> `NA...10098`
• `NA` -> `NA...10099`
• `NA` -> `NA...10100`
• `NA` -> `NA...10101`
• `NA` -> `NA...10103`
• `NA` -> `NA...10104`
• `NA` -> `NA...10105`
• `NA` -> `NA...10106`
• `NA` -> `NA...10107`
• `NA` -> `NA...10108`
• `NA` -> `NA...10109`
• `NA` -> `NA...10110`
• `NA` -> `NA...10111`
• `NA` -> `NA...10112`
• `NA` -> `NA...10113`
• `NA` -> `NA...10114`
• `NA` -> `NA...10115`
• `NA` -> `NA...10116`
• `NA` -> `NA...10117`
• `NA` -> `NA...10118`
• `NA` -> `NA...10119`
• `NA` -> `NA...10120`
• `NA` -> `NA...10121`
• `NA` -> `NA...10123`
• `NA` -> `NA...10124`
• `NA` -> `NA...10125`
• `NA` -> `NA...10126`
• `NA` -> `NA...10127`
• `NA` -> `NA...10128`
• `NA` -> `NA...10129`
• `NA` -> `NA...10130`
• `NA` -> `NA...10131`
• `NA` -> `NA...10132`
• `NA` -> `NA...10133`
• `NA` -> `NA...10134`
• `NA` -> `NA...10135`
• `NA` -> `NA...10136`
• `NA` -> `NA...10137`
• `NA` -> `NA...10138`
• `NA` -> `NA...10139`
• `NA` -> `NA...10140`
• `NA` -> `NA...10141`
• `NA` -> `NA...10143`
• `NA` -> `NA...10144`
• `NA` -> `NA...10145`
• `NA` -> `NA...10146`
• `NA` -> `NA...10147`
• `NA` -> `NA...10148`
• `NA` -> `NA...10149`
• `NA` -> `NA...10150`
• `NA` -> `NA...10151`
• `NA` -> `NA...10152`
• `NA` -> `NA...10153`
• `NA` -> `NA...10154`
• `NA` -> `NA...10155`
• `NA` -> `NA...10156`
• `NA` -> `NA...10157`
• `NA` -> `NA...10158`
• `NA` -> `NA...10159`
• `NA` -> `NA...10160`
• `NA` -> `NA...10161`
• `NA` -> `NA...10163`
• `NA` -> `NA...10164`
• `NA` -> `NA...10165`
• `NA` -> `NA...10166`
• `NA` -> `NA...10167`
• `NA` -> `NA...10168`
• `NA` -> `NA...10169`
• `NA` -> `NA...10170`
• `NA` -> `NA...10171`
• `NA` -> `NA...10172`
• `NA` -> `NA...10173`
• `NA` -> `NA...10174`
• `NA` -> `NA...10175`
• `NA` -> `NA...10176`
• `NA` -> `NA...10177`
• `NA` -> `NA...10178`
• `NA` -> `NA...10179`
• `NA` -> `NA...10180`
• `NA` -> `NA...10181`
• `NA` -> `NA...10183`
• `NA` -> `NA...10184`
• `NA` -> `NA...10185`
• `NA` -> `NA...10186`
• `NA` -> `NA...10187`
• `NA` -> `NA...10188`
• `NA` -> `NA...10189`
• `NA` -> `NA...10190`
• `NA` -> `NA...10191`
• `NA` -> `NA...10192`
• `NA` -> `NA...10193`
• `NA` -> `NA...10194`
• `NA` -> `NA...10195`
• `NA` -> `NA...10196`
• `NA` -> `NA...10197`
• `NA` -> `NA...10198`
• `NA` -> `NA...10199`
• `NA` -> `NA...10200`
• `NA` -> `NA...10201`
• `NA` -> `NA...10203`
• `NA` -> `NA...10204`
• `NA` -> `NA...10205`
• `NA` -> `NA...10206`
• `NA` -> `NA...10207`
• `NA` -> `NA...10208`
• `NA` -> `NA...10209`
• `NA` -> `NA...10210`
• `NA` -> `NA...10211`
• `NA` -> `NA...10212`
• `NA` -> `NA...10213`
• `NA` -> `NA...10214`
• `NA` -> `NA...10215`
• `NA` -> `NA...10216`
• `NA` -> `NA...10217`
• `NA` -> `NA...10218`
• `NA` -> `NA...10219`
• `NA` -> `NA...10220`
• `NA` -> `NA...10221`
• `NA` -> `NA...10223`
• `NA` -> `NA...10224`
• `NA` -> `NA...10225`
• `NA` -> `NA...10226`
• `NA` -> `NA...10227`
• `NA` -> `NA...10228`
• `NA` -> `NA...10229`
• `NA` -> `NA...10230`
• `NA` -> `NA...10231`
• `NA` -> `NA...10232`
• `NA` -> `NA...10233`
• `NA` -> `NA...10234`
• `NA` -> `NA...10235`
• `NA` -> `NA...10236`
• `NA` -> `NA...10237`
• `NA` -> `NA...10238`
• `NA` -> `NA...10239`
• `NA` -> `NA...10240`
• `NA` -> `NA...10241`
New names:
• `NA` -> `NA...7683`
• `NA` -> `NA...7684`
• `NA` -> `NA...7685`
• `NA` -> `NA...7686`
• `NA` -> `NA...7687`
• `NA` -> `NA...7688`
• `NA` -> `NA...7689`
• `NA` -> `NA...7690`
• `NA` -> `NA...7691`
• `NA` -> `NA...7692`
• `NA` -> `NA...7693`
• `NA` -> `NA...7694`
• `NA` -> `NA...7695`
• `NA` -> `NA...7696`
• `NA` -> `NA...7697`
• `NA` -> `NA...7698`
• `NA` -> `NA...7699`
• `NA` -> `NA...7700`
• `NA` -> `NA...7701`
• `NA` -> `NA...7703`
• `NA` -> `NA...7704`
• `NA` -> `NA...7705`
• `NA` -> `NA...7706`
• `NA` -> `NA...7707`
• `NA` -> `NA...7708`
• `NA` -> `NA...7709`
• `NA` -> `NA...7710`
• `NA` -> `NA...7711`
• `NA` -> `NA...7712`
• `NA` -> `NA...7713`
• `NA` -> `NA...7714`
• `NA` -> `NA...7715`
• `NA` -> `NA...7716`
• `NA` -> `NA...7717`
• `NA` -> `NA...7718`
• `NA` -> `NA...7719`
• `NA` -> `NA...7720`
• `NA` -> `NA...7721`
• `NA` -> `NA...7723`
• `NA` -> `NA...7724`
• `NA` -> `NA...7725`
• `NA` -> `NA...7726`
• `NA` -> `NA...7727`
• `NA` -> `NA...7728`
• `NA` -> `NA...7729`
• `NA` -> `NA...7730`
• `NA` -> `NA...7731`
• `NA` -> `NA...7732`
• `NA` -> `NA...7733`
• `NA` -> `NA...7734`
• `NA` -> `NA...7735`
• `NA` -> `NA...7736`
• `NA` -> `NA...7737`
• `NA` -> `NA...7738`
• `NA` -> `NA...7739`
• `NA` -> `NA...7740`
• `NA` -> `NA...7741`
• `NA` -> `NA...7743`
• `NA` -> `NA...7744`
• `NA` -> `NA...7745`
• `NA` -> `NA...7746`
• `NA` -> `NA...7747`
• `NA` -> `NA...7748`
• `NA` -> `NA...7749`
• `NA` -> `NA...7750`
• `NA` -> `NA...7751`
• `NA` -> `NA...7752`
• `NA` -> `NA...7753`
• `NA` -> `NA...7754`
• `NA` -> `NA...7755`
• `NA` -> `NA...7756`
• `NA` -> `NA...7757`
• `NA` -> `NA...7758`
• `NA` -> `NA...7759`
• `NA` -> `NA...7760`
• `NA` -> `NA...7761`
• `NA` -> `NA...7763`
• `NA` -> `NA...7764`
• `NA` -> `NA...7765`
• `NA` -> `NA...7766`
• `NA` -> `NA...7767`
• `NA` -> `NA...7768`
• `NA` -> `NA...7769`
• `NA` -> `NA...7770`
• `NA` -> `NA...7771`
• `NA` -> `NA...7772`
• `NA` -> `NA...7773`
• `NA` -> `NA...7774`
• `NA` -> `NA...7775`
• `NA` -> `NA...7776`
• `NA` -> `NA...7777`
• `NA` -> `NA...7778`
• `NA` -> `NA...7779`
• `NA` -> `NA...7780`
• `NA` -> `NA...7781`
• `NA` -> `NA...7783`
• `NA` -> `NA...7784`
• `NA` -> `NA...7785`
• `NA` -> `NA...7786`
• `NA` -> `NA...7787`
• `NA` -> `NA...7788`
• `NA` -> `NA...7789`
• `NA` -> `NA...7790`
• `NA` -> `NA...7791`
• `NA` -> `NA...7792`
• `NA` -> `NA...7793`
• `NA` -> `NA...7794`
• `NA` -> `NA...7795`
• `NA` -> `NA...7796`
• `NA` -> `NA...7797`
• `NA` -> `NA...7798`
• `NA` -> `NA...7799`
• `NA` -> `NA...7800`
• `NA` -> `NA...7801`
• `NA` -> `NA...7803`
• `NA` -> `NA...7804`
• `NA` -> `NA...7805`
• `NA` -> `NA...7806`
• `NA` -> `NA...7807`
• `NA` -> `NA...7808`
• `NA` -> `NA...7809`
• `NA` -> `NA...7810`
• `NA` -> `NA...7811`
• `NA` -> `NA...7812`
• `NA` -> `NA...7813`
• `NA` -> `NA...7814`
• `NA` -> `NA...7815`
• `NA` -> `NA...7816`
• `NA` -> `NA...7817`
• `NA` -> `NA...7818`
• `NA` -> `NA...7819`
• `NA` -> `NA...7820`
• `NA` -> `NA...7821`
• `NA` -> `NA...7823`
• `NA` -> `NA...7824`
• `NA` -> `NA...7825`
• `NA` -> `NA...7826`
• `NA` -> `NA...7827`
• `NA` -> `NA...7828`
• `NA` -> `NA...7829`
• `NA` -> `NA...7830`
• `NA` -> `NA...7831`
• `NA` -> `NA...7832`
• `NA` -> `NA...7833`
• `NA` -> `NA...7834`
• `NA` -> `NA...7835`
• `NA` -> `NA...7836`
• `NA` -> `NA...7837`
• `NA` -> `NA...7838`
• `NA` -> `NA...7839`
• `NA` -> `NA...7840`
• `NA` -> `NA...7841`
• `NA` -> `NA...7843`
• `NA` -> `NA...7844`
• `NA` -> `NA...7845`
• `NA` -> `NA...7846`
• `NA` -> `NA...7847`
• `NA` -> `NA...7848`
• `NA` -> `NA...7849`
• `NA` -> `NA...7850`
• `NA` -> `NA...7851`
• `NA` -> `NA...7852`
• `NA` -> `NA...7853`
• `NA` -> `NA...7854`
• `NA` -> `NA...7855`
• `NA` -> `NA...7856`
• `NA` -> `NA...7857`
• `NA` -> `NA...7858`
• `NA` -> `NA...7859`
• `NA` -> `NA...7860`
• `NA` -> `NA...7861`
• `NA` -> `NA...7863`
• `NA` -> `NA...7864`
• `NA` -> `NA...7865`
• `NA` -> `NA...7866`
• `NA` -> `NA...7867`
• `NA` -> `NA...7868`
• `NA` -> `NA...7869`
• `NA` -> `NA...7870`
• `NA` -> `NA...7871`
• `NA` -> `NA...7872`
• `NA` -> `NA...7873`
• `NA` -> `NA...7874`
• `NA` -> `NA...7875`
• `NA` -> `NA...7876`
• `NA` -> `NA...7877`
• `NA` -> `NA...7878`
• `NA` -> `NA...7879`
• `NA` -> `NA...7880`
• `NA` -> `NA...7881`
• `NA` -> `NA...7883`
• `NA` -> `NA...7884`
• `NA` -> `NA...7885`
• `NA` -> `NA...7886`
• `NA` -> `NA...7887`
• `NA` -> `NA...7888`
• `NA` -> `NA...7889`
• `NA` -> `NA...7890`
• `NA` -> `NA...7891`
• `NA` -> `NA...7892`
• `NA` -> `NA...7893`
• `NA` -> `NA...7894`
• `NA` -> `NA...7895`
• `NA` -> `NA...7896`
• `NA` -> `NA...7897`
• `NA` -> `NA...7898`
• `NA` -> `NA...7899`
• `NA` -> `NA...7900`
• `NA` -> `NA...7901`
• `NA` -> `NA...7903`
• `NA` -> `NA...7904`
• `NA` -> `NA...7905`
• `NA` -> `NA...7906`
• `NA` -> `NA...7907`
• `NA` -> `NA...7908`
• `NA` -> `NA...7909`
• `NA` -> `NA...7910`
• `NA` -> `NA...7911`
• `NA` -> `NA...7912`
• `NA` -> `NA...7913`
• `NA` -> `NA...7914`
• `NA` -> `NA...7915`
• `NA` -> `NA...7916`
• `NA` -> `NA...7917`
• `NA` -> `NA...7918`
• `NA` -> `NA...7919`
• `NA` -> `NA...7920`
• `NA` -> `NA...7921`
• `NA` -> `NA...7923`
• `NA` -> `NA...7924`
• `NA` -> `NA...7925`
• `NA` -> `NA...7926`
• `NA` -> `NA...7927`
• `NA` -> `NA...7928`
• `NA` -> `NA...7929`
• `NA` -> `NA...7930`
• `NA` -> `NA...7931`
• `NA` -> `NA...7932`
• `NA` -> `NA...7933`
• `NA` -> `NA...7934`
• `NA` -> `NA...7935`
• `NA` -> `NA...7936`
• `NA` -> `NA...7937`
• `NA` -> `NA...7938`
• `NA` -> `NA...7939`
• `NA` -> `NA...7940`
• `NA` -> `NA...7941`
• `NA` -> `NA...7943`
• `NA` -> `NA...7944`
• `NA` -> `NA...7945`
• `NA` -> `NA...7946`
• `NA` -> `NA...7947`
• `NA` -> `NA...7948`
• `NA` -> `NA...7949`
• `NA` -> `NA...7950`
• `NA` -> `NA...7951`
• `NA` -> `NA...7952`
• `NA` -> `NA...7953`
• `NA` -> `NA...7954`
• `NA` -> `NA...7955`
• `NA` -> `NA...7956`
• `NA` -> `NA...7957`
• `NA` -> `NA...7958`
• `NA` -> `NA...7959`
• `NA` -> `NA...7960`
• `NA` -> `NA...7961`
• `NA` -> `NA...7963`
• `NA` -> `NA...7964`
• `NA` -> `NA...7965`
• `NA` -> `NA...7966`
• `NA` -> `NA...7967`
• `NA` -> `NA...7968`
• `NA` -> `NA...7969`
• `NA` -> `NA...7970`
• `NA` -> `NA...7971`
• `NA` -> `NA...7972`
• `NA` -> `NA...7973`
• `NA` -> `NA...7974`
• `NA` -> `NA...7975`
• `NA` -> `NA...7976`
• `NA` -> `NA...7977`
• `NA` -> `NA...7978`
• `NA` -> `NA...7979`
• `NA` -> `NA...7980`
• `NA` -> `NA...7981`
• `NA` -> `NA...7983`
• `NA` -> `NA...7984`
• `NA` -> `NA...7985`
• `NA` -> `NA...7986`
• `NA` -> `NA...7987`
• `NA` -> `NA...7988`
• `NA` -> `NA...7989`
• `NA` -> `NA...7990`
• `NA` -> `NA...7991`
• `NA` -> `NA...7992`
• `NA` -> `NA...7993`
• `NA` -> `NA...7994`
• `NA` -> `NA...7995`
• `NA` -> `NA...7996`
• `NA` -> `NA...7997`
• `NA` -> `NA...7998`
• `NA` -> `NA...7999`
• `NA` -> `NA...8000`
• `NA` -> `NA...8001`
• `NA` -> `NA...8003`
• `NA` -> `NA...8004`
• `NA` -> `NA...8005`
• `NA` -> `NA...8006`
• `NA` -> `NA...8007`
• `NA` -> `NA...8008`
• `NA` -> `NA...8009`
• `NA` -> `NA...8010`
• `NA` -> `NA...8011`
• `NA` -> `NA...8012`
• `NA` -> `NA...8013`
• `NA` -> `NA...8014`
• `NA` -> `NA...8015`
• `NA` -> `NA...8016`
• `NA` -> `NA...8017`
• `NA` -> `NA...8018`
• `NA` -> `NA...8019`
• `NA` -> `NA...8020`
• `NA` -> `NA...8021`
• `NA` -> `NA...8023`
• `NA` -> `NA...8024`
• `NA` -> `NA...8025`
• `NA` -> `NA...8026`
• `NA` -> `NA...8027`
• `NA` -> `NA...8028`
• `NA` -> `NA...8029`
• `NA` -> `NA...8030`
• `NA` -> `NA...8031`
• `NA` -> `NA...8032`
• `NA` -> `NA...8033`
• `NA` -> `NA...8034`
• `NA` -> `NA...8035`
• `NA` -> `NA...8036`
• `NA` -> `NA...8037`
• `NA` -> `NA...8038`
• `NA` -> `NA...8039`
• `NA` -> `NA...8040`
• `NA` -> `NA...8041`
• `NA` -> `NA...8043`
• `NA` -> `NA...8044`
• `NA` -> `NA...8045`
• `NA` -> `NA...8046`
• `NA` -> `NA...8047`
• `NA` -> `NA...8048`
• `NA` -> `NA...8049`
• `NA` -> `NA...8050`
• `NA` -> `NA...8051`
• `NA` -> `NA...8052`
• `NA` -> `NA...8053`
• `NA` -> `NA...8054`
• `NA` -> `NA...8055`
• `NA` -> `NA...8056`
• `NA` -> `NA...8057`
• `NA` -> `NA...8058`
• `NA` -> `NA...8059`
• `NA` -> `NA...8060`
• `NA` -> `NA...8061`
• `NA` -> `NA...8063`
• `NA` -> `NA...8064`
• `NA` -> `NA...8065`
• `NA` -> `NA...8066`
• `NA` -> `NA...8067`
• `NA` -> `NA...8068`
• `NA` -> `NA...8069`
• `NA` -> `NA...8070`
• `NA` -> `NA...8071`
• `NA` -> `NA...8072`
• `NA` -> `NA...8073`
• `NA` -> `NA...8074`
• `NA` -> `NA...8075`
• `NA` -> `NA...8076`
• `NA` -> `NA...8077`
• `NA` -> `NA...8078`
• `NA` -> `NA...8079`
• `NA` -> `NA...8080`
• `NA` -> `NA...8081`
• `NA` -> `NA...8083`
• `NA` -> `NA...8084`
• `NA` -> `NA...8085`
• `NA` -> `NA...8086`
• `NA` -> `NA...8087`
• `NA` -> `NA...8088`
• `NA` -> `NA...8089`
• `NA` -> `NA...8090`
• `NA` -> `NA...8091`
• `NA` -> `NA...8092`
• `NA` -> `NA...8093`
• `NA` -> `NA...8094`
• `NA` -> `NA...8095`
• `NA` -> `NA...8096`
• `NA` -> `NA...8097`
• `NA` -> `NA...8098`
• `NA` -> `NA...8099`
• `NA` -> `NA...8100`
• `NA` -> `NA...8101`
• `NA` -> `NA...8103`
• `NA` -> `NA...8104`
• `NA` -> `NA...8105`
• `NA` -> `NA...8106`
• `NA` -> `NA...8107`
• `NA` -> `NA...8108`
• `NA` -> `NA...8109`
• `NA` -> `NA...8110`
• `NA` -> `NA...8111`
• `NA` -> `NA...8112`
• `NA` -> `NA...8113`
• `NA` -> `NA...8114`
• `NA` -> `NA...8115`
• `NA` -> `NA...8116`
• `NA` -> `NA...8117`
• `NA` -> `NA...8118`
• `NA` -> `NA...8119`
• `NA` -> `NA...8120`
• `NA` -> `NA...8121`
• `NA` -> `NA...8123`
• `NA` -> `NA...8124`
• `NA` -> `NA...8125`
• `NA` -> `NA...8126`
• `NA` -> `NA...8127`
• `NA` -> `NA...8128`
• `NA` -> `NA...8129`
• `NA` -> `NA...8130`
• `NA` -> `NA...8131`
• `NA` -> `NA...8132`
• `NA` -> `NA...8133`
• `NA` -> `NA...8134`
• `NA` -> `NA...8135`
• `NA` -> `NA...8136`
• `NA` -> `NA...8137`
• `NA` -> `NA...8138`
• `NA` -> `NA...8139`
• `NA` -> `NA...8140`
• `NA` -> `NA...8141`
• `NA` -> `NA...8143`
• `NA` -> `NA...8144`
• `NA` -> `NA...8145`
• `NA` -> `NA...8146`
• `NA` -> `NA...8147`
• `NA` -> `NA...8148`
• `NA` -> `NA...8149`
• `NA` -> `NA...8150`
• `NA` -> `NA...8151`
• `NA` -> `NA...8152`
• `NA` -> `NA...8153`
• `NA` -> `NA...8154`
• `NA` -> `NA...8155`
• `NA` -> `NA...8156`
• `NA` -> `NA...8157`
• `NA` -> `NA...8158`
• `NA` -> `NA...8159`
• `NA` -> `NA...8160`
• `NA` -> `NA...8161`
• `NA` -> `NA...8163`
• `NA` -> `NA...8164`
• `NA` -> `NA...8165`
• `NA` -> `NA...8166`
• `NA` -> `NA...8167`
• `NA` -> `NA...8168`
• `NA` -> `NA...8169`
• `NA` -> `NA...8170`
• `NA` -> `NA...8171`
• `NA` -> `NA...8172`
• `NA` -> `NA...8173`
• `NA` -> `NA...8174`
• `NA` -> `NA...8175`
• `NA` -> `NA...8176`
• `NA` -> `NA...8177`
• `NA` -> `NA...8178`
• `NA` -> `NA...8179`
• `NA` -> `NA...8180`
• `NA` -> `NA...8181`
• `NA` -> `NA...8183`
• `NA` -> `NA...8184`
• `NA` -> `NA...8185`
• `NA` -> `NA...8186`
• `NA` -> `NA...8187`
• `NA` -> `NA...8188`
• `NA` -> `NA...8189`
• `NA` -> `NA...8190`
• `NA` -> `NA...8191`
• `NA` -> `NA...8192`
• `NA` -> `NA...8193`
• `NA` -> `NA...8194`
• `NA` -> `NA...8195`
• `NA` -> `NA...8196`
• `NA` -> `NA...8197`
• `NA` -> `NA...8198`
• `NA` -> `NA...8199`
• `NA` -> `NA...8200`
• `NA` -> `NA...8201`
• `NA` -> `NA...8203`
• `NA` -> `NA...8204`
• `NA` -> `NA...8205`
• `NA` -> `NA...8206`
• `NA` -> `NA...8207`
• `NA` -> `NA...8208`
• `NA` -> `NA...8209`
• `NA` -> `NA...8210`
• `NA` -> `NA...8211`
• `NA` -> `NA...8212`
• `NA` -> `NA...8213`
• `NA` -> `NA...8214`
• `NA` -> `NA...8215`
• `NA` -> `NA...8216`
• `NA` -> `NA...8217`
• `NA` -> `NA...8218`
• `NA` -> `NA...8219`
• `NA` -> `NA...8220`
• `NA` -> `NA...8221`
• `NA` -> `NA...8223`
• `NA` -> `NA...8224`
• `NA` -> `NA...8225`
• `NA` -> `NA...8226`
• `NA` -> `NA...8227`
• `NA` -> `NA...8228`
• `NA` -> `NA...8229`
• `NA` -> `NA...8230`
• `NA` -> `NA...8231`
• `NA` -> `NA...8232`
• `NA` -> `NA...8233`
• `NA` -> `NA...8234`
• `NA` -> `NA...8235`
• `NA` -> `NA...8236`
• `NA` -> `NA...8237`
• `NA` -> `NA...8238`
• `NA` -> `NA...8239`
• `NA` -> `NA...8240`
• `NA` -> `NA...8241`
• `NA` -> `NA...8243`
• `NA` -> `NA...8244`
• `NA` -> `NA...8245`
• `NA` -> `NA...8246`
• `NA` -> `NA...8247`
• `NA` -> `NA...8248`
• `NA` -> `NA...8249`
• `NA` -> `NA...8250`
• `NA` -> `NA...8251`
• `NA` -> `NA...8252`
• `NA` -> `NA...8253`
• `NA` -> `NA...8254`
• `NA` -> `NA...8255`
• `NA` -> `NA...8256`
• `NA` -> `NA...8257`
• `NA` -> `NA...8258`
• `NA` -> `NA...8259`
• `NA` -> `NA...8260`
• `NA` -> `NA...8261`
• `NA` -> `NA...8263`
• `NA` -> `NA...8264`
• `NA` -> `NA...8265`
• `NA` -> `NA...8266`
• `NA` -> `NA...8267`
• `NA` -> `NA...8268`
• `NA` -> `NA...8269`
• `NA` -> `NA...8270`
• `NA` -> `NA...8271`
• `NA` -> `NA...8272`
• `NA` -> `NA...8273`
• `NA` -> `NA...8274`
• `NA` -> `NA...8275`
• `NA` -> `NA...8276`
• `NA` -> `NA...8277`
• `NA` -> `NA...8278`
• `NA` -> `NA...8279`
• `NA` -> `NA...8280`
• `NA` -> `NA...8281`
• `NA` -> `NA...8283`
• `NA` -> `NA...8284`
• `NA` -> `NA...8285`
• `NA` -> `NA...8286`
• `NA` -> `NA...8287`
• `NA` -> `NA...8288`
• `NA` -> `NA...8289`
• `NA` -> `NA...8290`
• `NA` -> `NA...8291`
• `NA` -> `NA...8292`
• `NA` -> `NA...8293`
• `NA` -> `NA...8294`
• `NA` -> `NA...8295`
• `NA` -> `NA...8296`
• `NA` -> `NA...8297`
• `NA` -> `NA...8298`
• `NA` -> `NA...8299`
• `NA` -> `NA...8300`
• `NA` -> `NA...8301`
• `NA` -> `NA...8303`
• `NA` -> `NA...8304`
• `NA` -> `NA...8305`
• `NA` -> `NA...8306`
• `NA` -> `NA...8307`
• `NA` -> `NA...8308`
• `NA` -> `NA...8309`
• `NA` -> `NA...8310`
• `NA` -> `NA...8311`
• `NA` -> `NA...8312`
• `NA` -> `NA...8313`
• `NA` -> `NA...8314`
• `NA` -> `NA...8315`
• `NA` -> `NA...8316`
• `NA` -> `NA...8317`
• `NA` -> `NA...8318`
• `NA` -> `NA...8319`
• `NA` -> `NA...8320`
• `NA` -> `NA...8321`
• `NA` -> `NA...8323`
• `NA` -> `NA...8324`
• `NA` -> `NA...8325`
• `NA` -> `NA...8326`
• `NA` -> `NA...8327`
• `NA` -> `NA...8328`
• `NA` -> `NA...8329`
• `NA` -> `NA...8330`
• `NA` -> `NA...8331`
• `NA` -> `NA...8332`
• `NA` -> `NA...8333`
• `NA` -> `NA...8334`
• `NA` -> `NA...8335`
• `NA` -> `NA...8336`
• `NA` -> `NA...8337`
• `NA` -> `NA...8338`
• `NA` -> `NA...8339`
• `NA` -> `NA...8340`
• `NA` -> `NA...8341`
• `NA` -> `NA...8343`
• `NA` -> `NA...8344`
• `NA` -> `NA...8345`
• `NA` -> `NA...8346`
• `NA` -> `NA...8347`
• `NA` -> `NA...8348`
• `NA` -> `NA...8349`
• `NA` -> `NA...8350`
• `NA` -> `NA...8351`
• `NA` -> `NA...8352`
• `NA` -> `NA...8353`
• `NA` -> `NA...8354`
• `NA` -> `NA...8355`
• `NA` -> `NA...8356`
• `NA` -> `NA...8357`
• `NA` -> `NA...8358`
• `NA` -> `NA...8359`
• `NA` -> `NA...8360`
• `NA` -> `NA...8361`
• `NA` -> `NA...8363`
• `NA` -> `NA...8364`
• `NA` -> `NA...8365`
• `NA` -> `NA...8366`
• `NA` -> `NA...8367`
• `NA` -> `NA...8368`
• `NA` -> `NA...8369`
• `NA` -> `NA...8370`
• `NA` -> `NA...8371`
• `NA` -> `NA...8372`
• `NA` -> `NA...8373`
• `NA` -> `NA...8374`
• `NA` -> `NA...8375`
• `NA` -> `NA...8376`
• `NA` -> `NA...8377`
• `NA` -> `NA...8378`
• `NA` -> `NA...8379`
• `NA` -> `NA...8380`
• `NA` -> `NA...8381`
• `NA` -> `NA...8383`
• `NA` -> `NA...8384`
• `NA` -> `NA...8385`
• `NA` -> `NA...8386`
• `NA` -> `NA...8387`
• `NA` -> `NA...8388`
• `NA` -> `NA...8389`
• `NA` -> `NA...8390`
• `NA` -> `NA...8391`
• `NA` -> `NA...8392`
• `NA` -> `NA...8393`
• `NA` -> `NA...8394`
• `NA` -> `NA...8395`
• `NA` -> `NA...8396`
• `NA` -> `NA...8397`
• `NA` -> `NA...8398`
• `NA` -> `NA...8399`
• `NA` -> `NA...8400`
• `NA` -> `NA...8401`
• `NA` -> `NA...8403`
• `NA` -> `NA...8404`
• `NA` -> `NA...8405`
• `NA` -> `NA...8406`
• `NA` -> `NA...8407`
• `NA` -> `NA...8408`
• `NA` -> `NA...8409`
• `NA` -> `NA...8410`
• `NA` -> `NA...8411`
• `NA` -> `NA...8412`
• `NA` -> `NA...8413`
• `NA` -> `NA...8414`
• `NA` -> `NA...8415`
• `NA` -> `NA...8416`
• `NA` -> `NA...8417`
• `NA` -> `NA...8418`
• `NA` -> `NA...8419`
• `NA` -> `NA...8420`
• `NA` -> `NA...8421`
• `NA` -> `NA...8423`
• `NA` -> `NA...8424`
• `NA` -> `NA...8425`
• `NA` -> `NA...8426`
• `NA` -> `NA...8427`
• `NA` -> `NA...8428`
• `NA` -> `NA...8429`
• `NA` -> `NA...8430`
• `NA` -> `NA...8431`
• `NA` -> `NA...8432`
• `NA` -> `NA...8433`
• `NA` -> `NA...8434`
• `NA` -> `NA...8435`
• `NA` -> `NA...8436`
• `NA` -> `NA...8437`
• `NA` -> `NA...8438`
• `NA` -> `NA...8439`
• `NA` -> `NA...8440`
• `NA` -> `NA...8441`
• `NA` -> `NA...8443`
• `NA` -> `NA...8444`
• `NA` -> `NA...8445`
• `NA` -> `NA...8446`
• `NA` -> `NA...8447`
• `NA` -> `NA...8448`
• `NA` -> `NA...8449`
• `NA` -> `NA...8450`
• `NA` -> `NA...8451`
• `NA` -> `NA...8452`
• `NA` -> `NA...8453`
• `NA` -> `NA...8454`
• `NA` -> `NA...8455`
• `NA` -> `NA...8456`
• `NA` -> `NA...8457`
• `NA` -> `NA...8458`
• `NA` -> `NA...8459`
• `NA` -> `NA...8460`
• `NA` -> `NA...8461`
• `NA` -> `NA...8463`
• `NA` -> `NA...8464`
• `NA` -> `NA...8465`
• `NA` -> `NA...8466`
• `NA` -> `NA...8467`
• `NA` -> `NA...8468`
• `NA` -> `NA...8469`
• `NA` -> `NA...8470`
• `NA` -> `NA...8471`
• `NA` -> `NA...8472`
• `NA` -> `NA...8473`
• `NA` -> `NA...8474`
• `NA` -> `NA...8475`
• `NA` -> `NA...8476`
• `NA` -> `NA...8477`
• `NA` -> `NA...8478`
• `NA` -> `NA...8479`
• `NA` -> `NA...8480`
• `NA` -> `NA...8481`
• `NA` -> `NA...8483`
• `NA` -> `NA...8484`
• `NA` -> `NA...8485`
• `NA` -> `NA...8486`
• `NA` -> `NA...8487`
• `NA` -> `NA...8488`
• `NA` -> `NA...8489`
• `NA` -> `NA...8490`
• `NA` -> `NA...8491`
• `NA` -> `NA...8492`
• `NA` -> `NA...8493`
• `NA` -> `NA...8494`
• `NA` -> `NA...8495`
• `NA` -> `NA...8496`
• `NA` -> `NA...8497`
• `NA` -> `NA...8498`
• `NA` -> `NA...8499`
• `NA` -> `NA...8500`
• `NA` -> `NA...8501`
• `NA` -> `NA...8503`
• `NA` -> `NA...8504`
• `NA` -> `NA...8505`
• `NA` -> `NA...8506`
• `NA` -> `NA...8507`
• `NA` -> `NA...8508`
• `NA` -> `NA...8509`
• `NA` -> `NA...8510`
• `NA` -> `NA...8511`
• `NA` -> `NA...8512`
• `NA` -> `NA...8513`
• `NA` -> `NA...8514`
• `NA` -> `NA...8515`
• `NA` -> `NA...8516`
• `NA` -> `NA...8517`
• `NA` -> `NA...8518`
• `NA` -> `NA...8519`
• `NA` -> `NA...8520`
• `NA` -> `NA...8521`
• `NA` -> `NA...8523`
• `NA` -> `NA...8524`
• `NA` -> `NA...8525`
• `NA` -> `NA...8526`
• `NA` -> `NA...8527`
• `NA` -> `NA...8528`
• `NA` -> `NA...8529`
• `NA` -> `NA...8530`
• `NA` -> `NA...8531`
• `NA` -> `NA...8532`
• `NA` -> `NA...8533`
• `NA` -> `NA...8534`
• `NA` -> `NA...8535`
• `NA` -> `NA...8536`
• `NA` -> `NA...8537`
• `NA` -> `NA...8538`
• `NA` -> `NA...8539`
• `NA` -> `NA...8540`
• `NA` -> `NA...8541`
• `NA` -> `NA...8543`
• `NA` -> `NA...8544`
• `NA` -> `NA...8545`
• `NA` -> `NA...8546`
• `NA` -> `NA...8547`
• `NA` -> `NA...8548`
• `NA` -> `NA...8549`
• `NA` -> `NA...8550`
• `NA` -> `NA...8551`
• `NA` -> `NA...8552`
• `NA` -> `NA...8553`
• `NA` -> `NA...8554`
• `NA` -> `NA...8555`
• `NA` -> `NA...8556`
• `NA` -> `NA...8557`
• `NA` -> `NA...8558`
• `NA` -> `NA...8559`
• `NA` -> `NA...8560`
• `NA` -> `NA...8561`
• `NA` -> `NA...8563`
• `NA` -> `NA...8564`
• `NA` -> `NA...8565`
• `NA` -> `NA...8566`
• `NA` -> `NA...8567`
• `NA` -> `NA...8568`
• `NA` -> `NA...8569`
• `NA` -> `NA...8570`
• `NA` -> `NA...8571`
• `NA` -> `NA...8572`
• `NA` -> `NA...8573`
• `NA` -> `NA...8574`
• `NA` -> `NA...8575`
• `NA` -> `NA...8576`
• `NA` -> `NA...8577`
• `NA` -> `NA...8578`
• `NA` -> `NA...8579`
• `NA` -> `NA...8580`
• `NA` -> `NA...8581`
• `NA` -> `NA...8583`
• `NA` -> `NA...8584`
• `NA` -> `NA...8585`
• `NA` -> `NA...8586`
• `NA` -> `NA...8587`
• `NA` -> `NA...8588`
• `NA` -> `NA...8589`
• `NA` -> `NA...8590`
• `NA` -> `NA...8591`
• `NA` -> `NA...8592`
• `NA` -> `NA...8593`
• `NA` -> `NA...8594`
• `NA` -> `NA...8595`
• `NA` -> `NA...8596`
• `NA` -> `NA...8597`
• `NA` -> `NA...8598`
• `NA` -> `NA...8599`
• `NA` -> `NA...8600`
• `NA` -> `NA...8601`
• `NA` -> `NA...8603`
• `NA` -> `NA...8604`
• `NA` -> `NA...8605`
• `NA` -> `NA...8606`
• `NA` -> `NA...8607`
• `NA` -> `NA...8608`
• `NA` -> `NA...8609`
• `NA` -> `NA...8610`
• `NA` -> `NA...8611`
• `NA` -> `NA...8612`
• `NA` -> `NA...8613`
• `NA` -> `NA...8614`
• `NA` -> `NA...8615`
• `NA` -> `NA...8616`
• `NA` -> `NA...8617`
• `NA` -> `NA...8618`
• `NA` -> `NA...8619`
• `NA` -> `NA...8620`
• `NA` -> `NA...8621`
• `NA` -> `NA...8623`
• `NA` -> `NA...8624`
• `NA` -> `NA...8625`
• `NA` -> `NA...8626`
• `NA` -> `NA...8627`
• `NA` -> `NA...8628`
• `NA` -> `NA...8629`
• `NA` -> `NA...8630`
• `NA` -> `NA...8631`
• `NA` -> `NA...8632`
• `NA` -> `NA...8633`
• `NA` -> `NA...8634`
• `NA` -> `NA...8635`
• `NA` -> `NA...8636`
• `NA` -> `NA...8637`
• `NA` -> `NA...8638`
• `NA` -> `NA...8639`
• `NA` -> `NA...8640`
• `NA` -> `NA...8641`
• `NA` -> `NA...8643`
• `NA` -> `NA...8644`
• `NA` -> `NA...8645`
• `NA` -> `NA...8646`
• `NA` -> `NA...8647`
• `NA` -> `NA...8648`
• `NA` -> `NA...8649`
• `NA` -> `NA...8650`
• `NA` -> `NA...8651`
• `NA` -> `NA...8652`
• `NA` -> `NA...8653`
• `NA` -> `NA...8654`
• `NA` -> `NA...8655`
• `NA` -> `NA...8656`
• `NA` -> `NA...8657`
• `NA` -> `NA...8658`
• `NA` -> `NA...8659`
• `NA` -> `NA...8660`
• `NA` -> `NA...8661`
• `NA` -> `NA...8663`
• `NA` -> `NA...8664`
• `NA` -> `NA...8665`
• `NA` -> `NA...8666`
• `NA` -> `NA...8667`
• `NA` -> `NA...8668`
• `NA` -> `NA...8669`
• `NA` -> `NA...8670`
• `NA` -> `NA...8671`
• `NA` -> `NA...8672`
• `NA` -> `NA...8673`
• `NA` -> `NA...8674`
• `NA` -> `NA...8675`
• `NA` -> `NA...8676`
• `NA` -> `NA...8677`
• `NA` -> `NA...8678`
• `NA` -> `NA...8679`
• `NA` -> `NA...8680`
• `NA` -> `NA...8681`
• `NA` -> `NA...8683`
• `NA` -> `NA...8684`
• `NA` -> `NA...8685`
• `NA` -> `NA...8686`
• `NA` -> `NA...8687`
• `NA` -> `NA...8688`
• `NA` -> `NA...8689`
• `NA` -> `NA...8690`
• `NA` -> `NA...8691`
• `NA` -> `NA...8692`
• `NA` -> `NA...8693`
• `NA` -> `NA...8694`
• `NA` -> `NA...8695`
• `NA` -> `NA...8696`
• `NA` -> `NA...8697`
• `NA` -> `NA...8698`
• `NA` -> `NA...8699`
• `NA` -> `NA...8700`
• `NA` -> `NA...8701`
• `NA` -> `NA...8703`
• `NA` -> `NA...8704`
• `NA` -> `NA...8705`
• `NA` -> `NA...8706`
• `NA` -> `NA...8707`
• `NA` -> `NA...8708`
• `NA` -> `NA...8709`
• `NA` -> `NA...8710`
• `NA` -> `NA...8711`
• `NA` -> `NA...8712`
• `NA` -> `NA...8713`
• `NA` -> `NA...8714`
• `NA` -> `NA...8715`
• `NA` -> `NA...8716`
• `NA` -> `NA...8717`
• `NA` -> `NA...8718`
• `NA` -> `NA...8719`
• `NA` -> `NA...8720`
• `NA` -> `NA...8721`
• `NA` -> `NA...8723`
• `NA` -> `NA...8724`
• `NA` -> `NA...8725`
• `NA` -> `NA...8726`
• `NA` -> `NA...8727`
• `NA` -> `NA...8728`
• `NA` -> `NA...8729`
• `NA` -> `NA...8730`
• `NA` -> `NA...8731`
• `NA` -> `NA...8732`
• `NA` -> `NA...8733`
• `NA` -> `NA...8734`
• `NA` -> `NA...8735`
• `NA` -> `NA...8736`
• `NA` -> `NA...8737`
• `NA` -> `NA...8738`
• `NA` -> `NA...8739`
• `NA` -> `NA...8740`
• `NA` -> `NA...8741`
• `NA` -> `NA...8743`
• `NA` -> `NA...8744`
• `NA` -> `NA...8745`
• `NA` -> `NA...8746`
• `NA` -> `NA...8747`
• `NA` -> `NA...8748`
• `NA` -> `NA...8749`
• `NA` -> `NA...8750`
• `NA` -> `NA...8751`
• `NA` -> `NA...8752`
• `NA` -> `NA...8753`
• `NA` -> `NA...8754`
• `NA` -> `NA...8755`
• `NA` -> `NA...8756`
• `NA` -> `NA...8757`
• `NA` -> `NA...8758`
• `NA` -> `NA...8759`
• `NA` -> `NA...8760`
• `NA` -> `NA...8761`
• `NA` -> `NA...8763`
• `NA` -> `NA...8764`
• `NA` -> `NA...8765`
• `NA` -> `NA...8766`
• `NA` -> `NA...8767`
• `NA` -> `NA...8768`
• `NA` -> `NA...8769`
• `NA` -> `NA...8770`
• `NA` -> `NA...8771`
• `NA` -> `NA...8772`
• `NA` -> `NA...8773`
• `NA` -> `NA...8774`
• `NA` -> `NA...8775`
• `NA` -> `NA...8776`
• `NA` -> `NA...8777`
• `NA` -> `NA...8778`
• `NA` -> `NA...8779`
• `NA` -> `NA...8780`
• `NA` -> `NA...8781`
• `NA` -> `NA...8783`
• `NA` -> `NA...8784`
• `NA` -> `NA...8785`
• `NA` -> `NA...8786`
• `NA` -> `NA...8787`
• `NA` -> `NA...8788`
• `NA` -> `NA...8789`
• `NA` -> `NA...8790`
• `NA` -> `NA...8791`
• `NA` -> `NA...8792`
• `NA` -> `NA...8793`
• `NA` -> `NA...8794`
• `NA` -> `NA...8795`
• `NA` -> `NA...8796`
• `NA` -> `NA...8797`
• `NA` -> `NA...8798`
• `NA` -> `NA...8799`
• `NA` -> `NA...8800`
• `NA` -> `NA...8801`
• `NA` -> `NA...8803`
• `NA` -> `NA...8804`
• `NA` -> `NA...8805`
• `NA` -> `NA...8806`
• `NA` -> `NA...8807`
• `NA` -> `NA...8808`
• `NA` -> `NA...8809`
• `NA` -> `NA...8810`
• `NA` -> `NA...8811`
• `NA` -> `NA...8812`
• `NA` -> `NA...8813`
• `NA` -> `NA...8814`
• `NA` -> `NA...8815`
• `NA` -> `NA...8816`
• `NA` -> `NA...8817`
• `NA` -> `NA...8818`
• `NA` -> `NA...8819`
• `NA` -> `NA...8820`
• `NA` -> `NA...8821`
• `NA` -> `NA...8823`
• `NA` -> `NA...8824`
• `NA` -> `NA...8825`
• `NA` -> `NA...8826`
• `NA` -> `NA...8827`
• `NA` -> `NA...8828`
• `NA` -> `NA...8829`
• `NA` -> `NA...8830`
• `NA` -> `NA...8831`
• `NA` -> `NA...8832`
• `NA` -> `NA...8833`
• `NA` -> `NA...8834`
• `NA` -> `NA...8835`
• `NA` -> `NA...8836`
• `NA` -> `NA...8837`
• `NA` -> `NA...8838`
• `NA` -> `NA...8839`
• `NA` -> `NA...8840`
• `NA` -> `NA...8841`
• `NA` -> `NA...8843`
• `NA` -> `NA...8844`
• `NA` -> `NA...8845`
• `NA` -> `NA...8846`
• `NA` -> `NA...8847`
• `NA` -> `NA...8848`
• `NA` -> `NA...8849`
• `NA` -> `NA...8850`
• `NA` -> `NA...8851`
• `NA` -> `NA...8852`
• `NA` -> `NA...8853`
• `NA` -> `NA...8854`
• `NA` -> `NA...8855`
• `NA` -> `NA...8856`
• `NA` -> `NA...8857`
• `NA` -> `NA...8858`
• `NA` -> `NA...8859`
• `NA` -> `NA...8860`
• `NA` -> `NA...8861`
• `NA` -> `NA...8863`
• `NA` -> `NA...8864`
• `NA` -> `NA...8865`
• `NA` -> `NA...8866`
• `NA` -> `NA...8867`
• `NA` -> `NA...8868`
• `NA` -> `NA...8869`
• `NA` -> `NA...8870`
• `NA` -> `NA...8871`
• `NA` -> `NA...8872`
• `NA` -> `NA...8873`
• `NA` -> `NA...8874`
• `NA` -> `NA...8875`
• `NA` -> `NA...8876`
• `NA` -> `NA...8877`
• `NA` -> `NA...8878`
• `NA` -> `NA...8879`
• `NA` -> `NA...8880`
• `NA` -> `NA...8881`
• `NA` -> `NA...8883`
• `NA` -> `NA...8884`
• `NA` -> `NA...8885`
• `NA` -> `NA...8886`
• `NA` -> `NA...8887`
• `NA` -> `NA...8888`
• `NA` -> `NA...8889`
• `NA` -> `NA...8890`
• `NA` -> `NA...8891`
• `NA` -> `NA...8892`
• `NA` -> `NA...8893`
• `NA` -> `NA...8894`
• `NA` -> `NA...8895`
• `NA` -> `NA...8896`
• `NA` -> `NA...8897`
• `NA` -> `NA...8898`
• `NA` -> `NA...8899`
• `NA` -> `NA...8900`
• `NA` -> `NA...8901`
• `NA` -> `NA...8903`
• `NA` -> `NA...8904`
• `NA` -> `NA...8905`
• `NA` -> `NA...8906`
• `NA` -> `NA...8907`
• `NA` -> `NA...8908`
• `NA` -> `NA...8909`
• `NA` -> `NA...8910`
• `NA` -> `NA...8911`
• `NA` -> `NA...8912`
• `NA` -> `NA...8913`
• `NA` -> `NA...8914`
• `NA` -> `NA...8915`
• `NA` -> `NA...8916`
• `NA` -> `NA...8917`
• `NA` -> `NA...8918`
• `NA` -> `NA...8919`
• `NA` -> `NA...8920`
• `NA` -> `NA...8921`
• `NA` -> `NA...8923`
• `NA` -> `NA...8924`
• `NA` -> `NA...8925`
• `NA` -> `NA...8926`
• `NA` -> `NA...8927`
• `NA` -> `NA...8928`
• `NA` -> `NA...8929`
• `NA` -> `NA...8930`
• `NA` -> `NA...8931`
• `NA` -> `NA...8932`
• `NA` -> `NA...8933`
• `NA` -> `NA...8934`
• `NA` -> `NA...8935`
• `NA` -> `NA...8936`
• `NA` -> `NA...8937`
• `NA` -> `NA...8938`
• `NA` -> `NA...8939`
• `NA` -> `NA...8940`
• `NA` -> `NA...8941`
• `NA` -> `NA...8943`
• `NA` -> `NA...8944`
• `NA` -> `NA...8945`
• `NA` -> `NA...8946`
• `NA` -> `NA...8947`
• `NA` -> `NA...8948`
• `NA` -> `NA...8949`
• `NA` -> `NA...8950`
• `NA` -> `NA...8951`
• `NA` -> `NA...8952`
• `NA` -> `NA...8953`
• `NA` -> `NA...8954`
• `NA` -> `NA...8955`
• `NA` -> `NA...8956`
• `NA` -> `NA...8957`
• `NA` -> `NA...8958`
• `NA` -> `NA...8959`
• `NA` -> `NA...8960`
• `NA` -> `NA...8961`
• `NA` -> `NA...8963`
• `NA` -> `NA...8964`
• `NA` -> `NA...8965`
• `NA` -> `NA...8966`
• `NA` -> `NA...8967`
• `NA` -> `NA...8968`
• `NA` -> `NA...8969`
• `NA` -> `NA...8970`
• `NA` -> `NA...8971`
• `NA` -> `NA...8972`
• `NA` -> `NA...8973`
• `NA` -> `NA...8974`
• `NA` -> `NA...8975`
• `NA` -> `NA...8976`
• `NA` -> `NA...8977`
• `NA` -> `NA...8978`
• `NA` -> `NA...8979`
• `NA` -> `NA...8980`
• `NA` -> `NA...8981`
• `NA` -> `NA...8983`
• `NA` -> `NA...8984`
• `NA` -> `NA...8985`
• `NA` -> `NA...8986`
• `NA` -> `NA...8987`
• `NA` -> `NA...8988`
• `NA` -> `NA...8989`
• `NA` -> `NA...8990`
• `NA` -> `NA...8991`
• `NA` -> `NA...8992`
• `NA` -> `NA...8993`
• `NA` -> `NA...8994`
• `NA` -> `NA...8995`
• `NA` -> `NA...8996`
• `NA` -> `NA...8997`
• `NA` -> `NA...8998`
• `NA` -> `NA...8999`
• `NA` -> `NA...9000`
• `NA` -> `NA...9001`
• `NA` -> `NA...9003`
• `NA` -> `NA...9004`
• `NA` -> `NA...9005`
• `NA` -> `NA...9006`
• `NA` -> `NA...9007`
• `NA` -> `NA...9008`
• `NA` -> `NA...9009`
• `NA` -> `NA...9010`
• `NA` -> `NA...9011`
• `NA` -> `NA...9012`
• `NA` -> `NA...9013`
• `NA` -> `NA...9014`
• `NA` -> `NA...9015`
• `NA` -> `NA...9016`
• `NA` -> `NA...9017`
• `NA` -> `NA...9018`
• `NA` -> `NA...9019`
• `NA` -> `NA...9020`
• `NA` -> `NA...9021`
• `NA` -> `NA...9023`
• `NA` -> `NA...9024`
• `NA` -> `NA...9025`
• `NA` -> `NA...9026`
• `NA` -> `NA...9027`
• `NA` -> `NA...9028`
• `NA` -> `NA...9029`
• `NA` -> `NA...9030`
• `NA` -> `NA...9031`
• `NA` -> `NA...9032`
• `NA` -> `NA...9033`
• `NA` -> `NA...9034`
• `NA` -> `NA...9035`
• `NA` -> `NA...9036`
• `NA` -> `NA...9037`
• `NA` -> `NA...9038`
• `NA` -> `NA...9039`
• `NA` -> `NA...9040`
• `NA` -> `NA...9041`
• `NA` -> `NA...9043`
• `NA` -> `NA...9044`
• `NA` -> `NA...9045`
• `NA` -> `NA...9046`
• `NA` -> `NA...9047`
• `NA` -> `NA...9048`
• `NA` -> `NA...9049`
• `NA` -> `NA...9050`
• `NA` -> `NA...9051`
• `NA` -> `NA...9052`
• `NA` -> `NA...9053`
• `NA` -> `NA...9054`
• `NA` -> `NA...9055`
• `NA` -> `NA...9056`
• `NA` -> `NA...9057`
• `NA` -> `NA...9058`
• `NA` -> `NA...9059`
• `NA` -> `NA...9060`
• `NA` -> `NA...9061`
• `NA` -> `NA...9063`
• `NA` -> `NA...9064`
• `NA` -> `NA...9065`
• `NA` -> `NA...9066`
• `NA` -> `NA...9067`
• `NA` -> `NA...9068`
• `NA` -> `NA...9069`
• `NA` -> `NA...9070`
• `NA` -> `NA...9071`
• `NA` -> `NA...9072`
• `NA` -> `NA...9073`
• `NA` -> `NA...9074`
• `NA` -> `NA...9075`
• `NA` -> `NA...9076`
• `NA` -> `NA...9077`
• `NA` -> `NA...9078`
• `NA` -> `NA...9079`
• `NA` -> `NA...9080`
• `NA` -> `NA...9081`
• `NA` -> `NA...9083`
• `NA` -> `NA...9084`
• `NA` -> `NA...9085`
• `NA` -> `NA...9086`
• `NA` -> `NA...9087`
• `NA` -> `NA...9088`
• `NA` -> `NA...9089`
• `NA` -> `NA...9090`
• `NA` -> `NA...9091`
• `NA` -> `NA...9092`
• `NA` -> `NA...9093`
• `NA` -> `NA...9094`
• `NA` -> `NA...9095`
• `NA` -> `NA...9096`
• `NA` -> `NA...9097`
• `NA` -> `NA...9098`
• `NA` -> `NA...9099`
• `NA` -> `NA...9100`
• `NA` -> `NA...9101`
• `NA` -> `NA...9103`
• `NA` -> `NA...9104`
• `NA` -> `NA...9105`
• `NA` -> `NA...9106`
• `NA` -> `NA...9107`
• `NA` -> `NA...9108`
• `NA` -> `NA...9109`
• `NA` -> `NA...9110`
• `NA` -> `NA...9111`
• `NA` -> `NA...9112`
• `NA` -> `NA...9113`
• `NA` -> `NA...9114`
• `NA` -> `NA...9115`
• `NA` -> `NA...9116`
• `NA` -> `NA...9117`
• `NA` -> `NA...9118`
• `NA` -> `NA...9119`
• `NA` -> `NA...9120`
• `NA` -> `NA...9121`
• `NA` -> `NA...9123`
• `NA` -> `NA...9124`
• `NA` -> `NA...9125`
• `NA` -> `NA...9126`
• `NA` -> `NA...9127`
• `NA` -> `NA...9128`
• `NA` -> `NA...9129`
• `NA` -> `NA...9130`
• `NA` -> `NA...9131`
• `NA` -> `NA...9132`
• `NA` -> `NA...9133`
• `NA` -> `NA...9134`
• `NA` -> `NA...9135`
• `NA` -> `NA...9136`
• `NA` -> `NA...9137`
• `NA` -> `NA...9138`
• `NA` -> `NA...9139`
• `NA` -> `NA...9140`
• `NA` -> `NA...9141`
• `NA` -> `NA...9143`
• `NA` -> `NA...9144`
• `NA` -> `NA...9145`
• `NA` -> `NA...9146`
• `NA` -> `NA...9147`
• `NA` -> `NA...9148`
• `NA` -> `NA...9149`
• `NA` -> `NA...9150`
• `NA` -> `NA...9151`
• `NA` -> `NA...9152`
• `NA` -> `NA...9153`
• `NA` -> `NA...9154`
• `NA` -> `NA...9155`
• `NA` -> `NA...9156`
• `NA` -> `NA...9157`
• `NA` -> `NA...9158`
• `NA` -> `NA...9159`
• `NA` -> `NA...9160`
• `NA` -> `NA...9161`
• `NA` -> `NA...9163`
• `NA` -> `NA...9164`
• `NA` -> `NA...9165`
• `NA` -> `NA...9166`
• `NA` -> `NA...9167`
• `NA` -> `NA...9168`
• `NA` -> `NA...9169`
• `NA` -> `NA...9170`
• `NA` -> `NA...9171`
• `NA` -> `NA...9172`
• `NA` -> `NA...9173`
• `NA` -> `NA...9174`
• `NA` -> `NA...9175`
• `NA` -> `NA...9176`
• `NA` -> `NA...9177`
• `NA` -> `NA...9178`
• `NA` -> `NA...9179`
• `NA` -> `NA...9180`
• `NA` -> `NA...9181`
• `NA` -> `NA...9183`
• `NA` -> `NA...9184`
• `NA` -> `NA...9185`
• `NA` -> `NA...9186`
• `NA` -> `NA...9187`
• `NA` -> `NA...9188`
• `NA` -> `NA...9189`
• `NA` -> `NA...9190`
• `NA` -> `NA...9191`
• `NA` -> `NA...9192`
• `NA` -> `NA...9193`
• `NA` -> `NA...9194`
• `NA` -> `NA...9195`
• `NA` -> `NA...9196`
• `NA` -> `NA...9197`
• `NA` -> `NA...9198`
• `NA` -> `NA...9199`
• `NA` -> `NA...9200`
• `NA` -> `NA...9201`
• `NA` -> `NA...9203`
• `NA` -> `NA...9204`
• `NA` -> `NA...9205`
• `NA` -> `NA...9206`
• `NA` -> `NA...9207`
• `NA` -> `NA...9208`
• `NA` -> `NA...9209`
• `NA` -> `NA...9210`
• `NA` -> `NA...9211`
• `NA` -> `NA...9212`
• `NA` -> `NA...9213`
• `NA` -> `NA...9214`
• `NA` -> `NA...9215`
• `NA` -> `NA...9216`
• `NA` -> `NA...9217`
• `NA` -> `NA...9218`
• `NA` -> `NA...9219`
• `NA` -> `NA...9220`
• `NA` -> `NA...9221`
• `NA` -> `NA...9223`
• `NA` -> `NA...9224`
• `NA` -> `NA...9225`
• `NA` -> `NA...9226`
• `NA` -> `NA...9227`
• `NA` -> `NA...9228`
• `NA` -> `NA...9229`
• `NA` -> `NA...9230`
• `NA` -> `NA...9231`
• `NA` -> `NA...9232`
• `NA` -> `NA...9233`
• `NA` -> `NA...9234`
• `NA` -> `NA...9235`
• `NA` -> `NA...9236`
• `NA` -> `NA...9237`
• `NA` -> `NA...9238`
• `NA` -> `NA...9239`
• `NA` -> `NA...9240`
• `NA` -> `NA...9241`
• `NA` -> `NA...9243`
• `NA` -> `NA...9244`
• `NA` -> `NA...9245`
• `NA` -> `NA...9246`
• `NA` -> `NA...9247`
• `NA` -> `NA...9248`
• `NA` -> `NA...9249`
• `NA` -> `NA...9250`
• `NA` -> `NA...9251`
• `NA` -> `NA...9252`
• `NA` -> `NA...9253`
• `NA` -> `NA...9254`
• `NA` -> `NA...9255`
• `NA` -> `NA...9256`
• `NA` -> `NA...9257`
• `NA` -> `NA...9258`
• `NA` -> `NA...9259`
• `NA` -> `NA...9260`
• `NA` -> `NA...9261`
• `NA` -> `NA...9263`
• `NA` -> `NA...9264`
• `NA` -> `NA...9265`
• `NA` -> `NA...9266`
• `NA` -> `NA...9267`
• `NA` -> `NA...9268`
• `NA` -> `NA...9269`
• `NA` -> `NA...9270`
• `NA` -> `NA...9271`
• `NA` -> `NA...9272`
• `NA` -> `NA...9273`
• `NA` -> `NA...9274`
• `NA` -> `NA...9275`
• `NA` -> `NA...9276`
• `NA` -> `NA...9277`
• `NA` -> `NA...9278`
• `NA` -> `NA...9279`
• `NA` -> `NA...9280`
• `NA` -> `NA...9281`
• `NA` -> `NA...9283`
• `NA` -> `NA...9284`
• `NA` -> `NA...9285`
• `NA` -> `NA...9286`
• `NA` -> `NA...9287`
• `NA` -> `NA...9288`
• `NA` -> `NA...9289`
• `NA` -> `NA...9290`
• `NA` -> `NA...9291`
• `NA` -> `NA...9292`
• `NA` -> `NA...9293`
• `NA` -> `NA...9294`
• `NA` -> `NA...9295`
• `NA` -> `NA...9296`
• `NA` -> `NA...9297`
• `NA` -> `NA...9298`
• `NA` -> `NA...9299`
• `NA` -> `NA...9300`
• `NA` -> `NA...9301`
• `NA` -> `NA...9303`
• `NA` -> `NA...9304`
• `NA` -> `NA...9305`
• `NA` -> `NA...9306`
• `NA` -> `NA...9307`
• `NA` -> `NA...9308`
• `NA` -> `NA...9309`
• `NA` -> `NA...9310`
• `NA` -> `NA...9311`
• `NA` -> `NA...9312`
• `NA` -> `NA...9313`
• `NA` -> `NA...9314`
• `NA` -> `NA...9315`
• `NA` -> `NA...9316`
• `NA` -> `NA...9317`
• `NA` -> `NA...9318`
• `NA` -> `NA...9319`
• `NA` -> `NA...9320`
• `NA` -> `NA...9321`
• `NA` -> `NA...9323`
• `NA` -> `NA...9324`
• `NA` -> `NA...9325`
• `NA` -> `NA...9326`
• `NA` -> `NA...9327`
• `NA` -> `NA...9328`
• `NA` -> `NA...9329`
• `NA` -> `NA...9330`
• `NA` -> `NA...9331`
• `NA` -> `NA...9332`
• `NA` -> `NA...9333`
• `NA` -> `NA...9334`
• `NA` -> `NA...9335`
• `NA` -> `NA...9336`
• `NA` -> `NA...9337`
• `NA` -> `NA...9338`
• `NA` -> `NA...9339`
• `NA` -> `NA...9340`
• `NA` -> `NA...9341`
• `NA` -> `NA...9343`
• `NA` -> `NA...9344`
• `NA` -> `NA...9345`
• `NA` -> `NA...9346`
• `NA` -> `NA...9347`
• `NA` -> `NA...9348`
• `NA` -> `NA...9349`
• `NA` -> `NA...9350`
• `NA` -> `NA...9351`
• `NA` -> `NA...9352`
• `NA` -> `NA...9353`
• `NA` -> `NA...9354`
• `NA` -> `NA...9355`
• `NA` -> `NA...9356`
• `NA` -> `NA...9357`
• `NA` -> `NA...9358`
• `NA` -> `NA...9359`
• `NA` -> `NA...9360`
• `NA` -> `NA...9361`
• `NA` -> `NA...9363`
• `NA` -> `NA...9364`
• `NA` -> `NA...9365`
• `NA` -> `NA...9366`
• `NA` -> `NA...9367`
• `NA` -> `NA...9368`
• `NA` -> `NA...9369`
• `NA` -> `NA...9370`
• `NA` -> `NA...9371`
• `NA` -> `NA...9372`
• `NA` -> `NA...9373`
• `NA` -> `NA...9374`
• `NA` -> `NA...9375`
• `NA` -> `NA...9376`
• `NA` -> `NA...9377`
• `NA` -> `NA...9378`
• `NA` -> `NA...9379`
• `NA` -> `NA...9380`
• `NA` -> `NA...9381`
• `NA` -> `NA...9383`
• `NA` -> `NA...9384`
• `NA` -> `NA...9385`
• `NA` -> `NA...9386`
• `NA` -> `NA...9387`
• `NA` -> `NA...9388`
• `NA` -> `NA...9389`
• `NA` -> `NA...9390`
• `NA` -> `NA...9391`
• `NA` -> `NA...9392`
• `NA` -> `NA...9393`
• `NA` -> `NA...9394`
• `NA` -> `NA...9395`
• `NA` -> `NA...9396`
• `NA` -> `NA...9397`
• `NA` -> `NA...9398`
• `NA` -> `NA...9399`
• `NA` -> `NA...9400`
• `NA` -> `NA...9401`
• `NA` -> `NA...9403`
• `NA` -> `NA...9404`
• `NA` -> `NA...9405`
• `NA` -> `NA...9406`
• `NA` -> `NA...9407`
• `NA` -> `NA...9408`
• `NA` -> `NA...9409`
• `NA` -> `NA...9410`
• `NA` -> `NA...9411`
• `NA` -> `NA...9412`
• `NA` -> `NA...9413`
• `NA` -> `NA...9414`
• `NA` -> `NA...9415`
• `NA` -> `NA...9416`
• `NA` -> `NA...9417`
• `NA` -> `NA...9418`
• `NA` -> `NA...9419`
• `NA` -> `NA...9420`
• `NA` -> `NA...9421`
• `NA` -> `NA...9423`
• `NA` -> `NA...9424`
• `NA` -> `NA...9425`
• `NA` -> `NA...9426`
• `NA` -> `NA...9427`
• `NA` -> `NA...9428`
• `NA` -> `NA...9429`
• `NA` -> `NA...9430`
• `NA` -> `NA...9431`
• `NA` -> `NA...9432`
• `NA` -> `NA...9433`
• `NA` -> `NA...9434`
• `NA` -> `NA...9435`
• `NA` -> `NA...9436`
• `NA` -> `NA...9437`
• `NA` -> `NA...9438`
• `NA` -> `NA...9439`
• `NA` -> `NA...9440`
• `NA` -> `NA...9441`
• `NA` -> `NA...9443`
• `NA` -> `NA...9444`
• `NA` -> `NA...9445`
• `NA` -> `NA...9446`
• `NA` -> `NA...9447`
• `NA` -> `NA...9448`
• `NA` -> `NA...9449`
• `NA` -> `NA...9450`
• `NA` -> `NA...9451`
• `NA` -> `NA...9452`
• `NA` -> `NA...9453`
• `NA` -> `NA...9454`
• `NA` -> `NA...9455`
• `NA` -> `NA...9456`
• `NA` -> `NA...9457`
• `NA` -> `NA...9458`
• `NA` -> `NA...9459`
• `NA` -> `NA...9460`
• `NA` -> `NA...9461`
• `NA` -> `NA...9463`
• `NA` -> `NA...9464`
• `NA` -> `NA...9465`
• `NA` -> `NA...9466`
• `NA` -> `NA...9467`
• `NA` -> `NA...9468`
• `NA` -> `NA...9469`
• `NA` -> `NA...9470`
• `NA` -> `NA...9471`
• `NA` -> `NA...9472`
• `NA` -> `NA...9473`
• `NA` -> `NA...9474`
• `NA` -> `NA...9475`
• `NA` -> `NA...9476`
• `NA` -> `NA...9477`
• `NA` -> `NA...9478`
• `NA` -> `NA...9479`
• `NA` -> `NA...9480`
• `NA` -> `NA...9481`
• `NA` -> `NA...9483`
• `NA` -> `NA...9484`
• `NA` -> `NA...9485`
• `NA` -> `NA...9486`
• `NA` -> `NA...9487`
• `NA` -> `NA...9488`
• `NA` -> `NA...9489`
• `NA` -> `NA...9490`
• `NA` -> `NA...9491`
• `NA` -> `NA...9492`
• `NA` -> `NA...9493`
• `NA` -> `NA...9494`
• `NA` -> `NA...9495`
• `NA` -> `NA...9496`
• `NA` -> `NA...9497`
• `NA` -> `NA...9498`
• `NA` -> `NA...9499`
• `NA` -> `NA...9500`
• `NA` -> `NA...9501`
• `NA` -> `NA...9503`
• `NA` -> `NA...9504`
• `NA` -> `NA...9505`
• `NA` -> `NA...9506`
• `NA` -> `NA...9507`
• `NA` -> `NA...9508`
• `NA` -> `NA...9509`
• `NA` -> `NA...9510`
• `NA` -> `NA...9511`
• `NA` -> `NA...9512`
• `NA` -> `NA...9513`
• `NA` -> `NA...9514`
• `NA` -> `NA...9515`
• `NA` -> `NA...9516`
• `NA` -> `NA...9517`
• `NA` -> `NA...9518`
• `NA` -> `NA...9519`
• `NA` -> `NA...9520`
• `NA` -> `NA...9521`
• `NA` -> `NA...9523`
• `NA` -> `NA...9524`
• `NA` -> `NA...9525`
• `NA` -> `NA...9526`
• `NA` -> `NA...9527`
• `NA` -> `NA...9528`
• `NA` -> `NA...9529`
• `NA` -> `NA...9530`
• `NA` -> `NA...9531`
• `NA` -> `NA...9532`
• `NA` -> `NA...9533`
• `NA` -> `NA...9534`
• `NA` -> `NA...9535`
• `NA` -> `NA...9536`
• `NA` -> `NA...9537`
• `NA` -> `NA...9538`
• `NA` -> `NA...9539`
• `NA` -> `NA...9540`
• `NA` -> `NA...9541`
• `NA` -> `NA...9543`
• `NA` -> `NA...9544`
• `NA` -> `NA...9545`
• `NA` -> `NA...9546`
• `NA` -> `NA...9547`
• `NA` -> `NA...9548`
• `NA` -> `NA...9549`
• `NA` -> `NA...9550`
• `NA` -> `NA...9551`
• `NA` -> `NA...9552`
• `NA` -> `NA...9553`
• `NA` -> `NA...9554`
• `NA` -> `NA...9555`
• `NA` -> `NA...9556`
• `NA` -> `NA...9557`
• `NA` -> `NA...9558`
• `NA` -> `NA...9559`
• `NA` -> `NA...9560`
• `NA` -> `NA...9561`
• `NA` -> `NA...9563`
• `NA` -> `NA...9564`
• `NA` -> `NA...9565`
• `NA` -> `NA...9566`
• `NA` -> `NA...9567`
• `NA` -> `NA...9568`
• `NA` -> `NA...9569`
• `NA` -> `NA...9570`
• `NA` -> `NA...9571`
• `NA` -> `NA...9572`
• `NA` -> `NA...9573`
• `NA` -> `NA...9574`
• `NA` -> `NA...9575`
• `NA` -> `NA...9576`
• `NA` -> `NA...9577`
• `NA` -> `NA...9578`
• `NA` -> `NA...9579`
• `NA` -> `NA...9580`
• `NA` -> `NA...9581`
• `NA` -> `NA...9583`
• `NA` -> `NA...9584`
• `NA` -> `NA...9585`
• `NA` -> `NA...9586`
• `NA` -> `NA...9587`
• `NA` -> `NA...9588`
• `NA` -> `NA...9589`
• `NA` -> `NA...9590`
• `NA` -> `NA...9591`
• `NA` -> `NA...9592`
• `NA` -> `NA...9593`
• `NA` -> `NA...9594`
• `NA` -> `NA...9595`
• `NA` -> `NA...9596`
• `NA` -> `NA...9597`
• `NA` -> `NA...9598`
• `NA` -> `NA...9599`
• `NA` -> `NA...9600`
• `NA` -> `NA...9601`
• `NA` -> `NA...9603`
• `NA` -> `NA...9604`
• `NA` -> `NA...9605`
• `NA` -> `NA...9606`
• `NA` -> `NA...9607`
• `NA` -> `NA...9608`
• `NA` -> `NA...9609`
• `NA` -> `NA...9610`
• `NA` -> `NA...9611`
• `NA` -> `NA...9612`
• `NA` -> `NA...9613`
• `NA` -> `NA...9614`
• `NA` -> `NA...9615`
• `NA` -> `NA...9616`
• `NA` -> `NA...9617`
• `NA` -> `NA...9618`
• `NA` -> `NA...9619`
• `NA` -> `NA...9620`
• `NA` -> `NA...9621`
• `NA` -> `NA...9623`
• `NA` -> `NA...9624`
• `NA` -> `NA...9625`
• `NA` -> `NA...9626`
• `NA` -> `NA...9627`
• `NA` -> `NA...9628`
• `NA` -> `NA...9629`
• `NA` -> `NA...9630`
• `NA` -> `NA...9631`
• `NA` -> `NA...9632`
• `NA` -> `NA...9633`
• `NA` -> `NA...9634`
• `NA` -> `NA...9635`
• `NA` -> `NA...9636`
• `NA` -> `NA...9637`
• `NA` -> `NA...9638`
• `NA` -> `NA...9639`
• `NA` -> `NA...9640`
• `NA` -> `NA...9641`
• `NA` -> `NA...9643`
• `NA` -> `NA...9644`
• `NA` -> `NA...9645`
• `NA` -> `NA...9646`
• `NA` -> `NA...9647`
• `NA` -> `NA...9648`
• `NA` -> `NA...9649`
• `NA` -> `NA...9650`
• `NA` -> `NA...9651`
• `NA` -> `NA...9652`
• `NA` -> `NA...9653`
• `NA` -> `NA...9654`
• `NA` -> `NA...9655`
• `NA` -> `NA...9656`
• `NA` -> `NA...9657`
• `NA` -> `NA...9658`
• `NA` -> `NA...9659`
• `NA` -> `NA...9660`
• `NA` -> `NA...9661`
• `NA` -> `NA...9663`
• `NA` -> `NA...9664`
• `NA` -> `NA...9665`
• `NA` -> `NA...9666`
• `NA` -> `NA...9667`
• `NA` -> `NA...9668`
• `NA` -> `NA...9669`
• `NA` -> `NA...9670`
• `NA` -> `NA...9671`
• `NA` -> `NA...9672`
• `NA` -> `NA...9673`
• `NA` -> `NA...9674`
• `NA` -> `NA...9675`
• `NA` -> `NA...9676`
• `NA` -> `NA...9677`
• `NA` -> `NA...9678`
• `NA` -> `NA...9679`
• `NA` -> `NA...9680`
• `NA` -> `NA...9681`
• `NA` -> `NA...9683`
• `NA` -> `NA...9684`
• `NA` -> `NA...9685`
• `NA` -> `NA...9686`
• `NA` -> `NA...9687`
• `NA` -> `NA...9688`
• `NA` -> `NA...9689`
• `NA` -> `NA...9690`
• `NA` -> `NA...9691`
• `NA` -> `NA...9692`
• `NA` -> `NA...9693`
• `NA` -> `NA...9694`
• `NA` -> `NA...9695`
• `NA` -> `NA...9696`
• `NA` -> `NA...9697`
• `NA` -> `NA...9698`
• `NA` -> `NA...9699`
• `NA` -> `NA...9700`
• `NA` -> `NA...9701`
• `NA` -> `NA...9703`
• `NA` -> `NA...9704`
• `NA` -> `NA...9705`
• `NA` -> `NA...9706`
• `NA` -> `NA...9707`
• `NA` -> `NA...9708`
• `NA` -> `NA...9709`
• `NA` -> `NA...9710`
• `NA` -> `NA...9711`
• `NA` -> `NA...9712`
• `NA` -> `NA...9713`
• `NA` -> `NA...9714`
• `NA` -> `NA...9715`
• `NA` -> `NA...9716`
• `NA` -> `NA...9717`
• `NA` -> `NA...9718`
• `NA` -> `NA...9719`
• `NA` -> `NA...9720`
• `NA` -> `NA...9721`
• `NA` -> `NA...9723`
• `NA` -> `NA...9724`
• `NA` -> `NA...9725`
• `NA` -> `NA...9726`
• `NA` -> `NA...9727`
• `NA` -> `NA...9728`
• `NA` -> `NA...9729`
• `NA` -> `NA...9730`
• `NA` -> `NA...9731`
• `NA` -> `NA...9732`
• `NA` -> `NA...9733`
• `NA` -> `NA...9734`
• `NA` -> `NA...9735`
• `NA` -> `NA...9736`
• `NA` -> `NA...9737`
• `NA` -> `NA...9738`
• `NA` -> `NA...9739`
• `NA` -> `NA...9740`
• `NA` -> `NA...9741`
• `NA` -> `NA...9743`
• `NA` -> `NA...9744`
• `NA` -> `NA...9745`
• `NA` -> `NA...9746`
• `NA` -> `NA...9747`
• `NA` -> `NA...9748`
• `NA` -> `NA...9749`
• `NA` -> `NA...9750`
• `NA` -> `NA...9751`
• `NA` -> `NA...9752`
• `NA` -> `NA...9753`
• `NA` -> `NA...9754`
• `NA` -> `NA...9755`
• `NA` -> `NA...9756`
• `NA` -> `NA...9757`
• `NA` -> `NA...9758`
• `NA` -> `NA...9759`
• `NA` -> `NA...9760`
• `NA` -> `NA...9761`
• `NA` -> `NA...9763`
• `NA` -> `NA...9764`
• `NA` -> `NA...9765`
• `NA` -> `NA...9766`
• `NA` -> `NA...9767`
• `NA` -> `NA...9768`
• `NA` -> `NA...9769`
• `NA` -> `NA...9770`
• `NA` -> `NA...9771`
• `NA` -> `NA...9772`
• `NA` -> `NA...9773`
• `NA` -> `NA...9774`
• `NA` -> `NA...9775`
• `NA` -> `NA...9776`
• `NA` -> `NA...9777`
• `NA` -> `NA...9778`
• `NA` -> `NA...9779`
• `NA` -> `NA...9780`
• `NA` -> `NA...9781`
• `NA` -> `NA...9783`
• `NA` -> `NA...9784`
• `NA` -> `NA...9785`
• `NA` -> `NA...9786`
• `NA` -> `NA...9787`
• `NA` -> `NA...9788`
• `NA` -> `NA...9789`
• `NA` -> `NA...9790`
• `NA` -> `NA...9791`
• `NA` -> `NA...9792`
• `NA` -> `NA...9793`
• `NA` -> `NA...9794`
• `NA` -> `NA...9795`
• `NA` -> `NA...9796`
• `NA` -> `NA...9797`
• `NA` -> `NA...9798`
• `NA` -> `NA...9799`
• `NA` -> `NA...9800`
• `NA` -> `NA...9801`
• `NA` -> `NA...9803`
• `NA` -> `NA...9804`
• `NA` -> `NA...9805`
• `NA` -> `NA...9806`
• `NA` -> `NA...9807`
• `NA` -> `NA...9808`
• `NA` -> `NA...9809`
• `NA` -> `NA...9810`
• `NA` -> `NA...9811`
• `NA` -> `NA...9812`
• `NA` -> `NA...9813`
• `NA` -> `NA...9814`
• `NA` -> `NA...9815`
• `NA` -> `NA...9816`
• `NA` -> `NA...9817`
• `NA` -> `NA...9818`
• `NA` -> `NA...9819`
• `NA` -> `NA...9820`
• `NA` -> `NA...9821`
• `NA` -> `NA...9823`
• `NA` -> `NA...9824`
• `NA` -> `NA...9825`
• `NA` -> `NA...9826`
• `NA` -> `NA...9827`
• `NA` -> `NA...9828`
• `NA` -> `NA...9829`
• `NA` -> `NA...9830`
• `NA` -> `NA...9831`
• `NA` -> `NA...9832`
• `NA` -> `NA...9833`
• `NA` -> `NA...9834`
• `NA` -> `NA...9835`
• `NA` -> `NA...9836`
• `NA` -> `NA...9837`
• `NA` -> `NA...9838`
• `NA` -> `NA...9839`
• `NA` -> `NA...9840`
• `NA` -> `NA...9841`
• `NA` -> `NA...9843`
• `NA` -> `NA...9844`
• `NA` -> `NA...9845`
• `NA` -> `NA...9846`
• `NA` -> `NA...9847`
• `NA` -> `NA...9848`
• `NA` -> `NA...9849`
• `NA` -> `NA...9850`
• `NA` -> `NA...9851`
• `NA` -> `NA...9852`
• `NA` -> `NA...9853`
• `NA` -> `NA...9854`
• `NA` -> `NA...9855`
• `NA` -> `NA...9856`
• `NA` -> `NA...9857`
• `NA` -> `NA...9858`
• `NA` -> `NA...9859`
• `NA` -> `NA...9860`
• `NA` -> `NA...9861`
• `NA` -> `NA...9863`
• `NA` -> `NA...9864`
• `NA` -> `NA...9865`
• `NA` -> `NA...9866`
• `NA` -> `NA...9867`
• `NA` -> `NA...9868`
• `NA` -> `NA...9869`
• `NA` -> `NA...9870`
• `NA` -> `NA...9871`
• `NA` -> `NA...9872`
• `NA` -> `NA...9873`
• `NA` -> `NA...9874`
• `NA` -> `NA...9875`
• `NA` -> `NA...9876`
• `NA` -> `NA...9877`
• `NA` -> `NA...9878`
• `NA` -> `NA...9879`
• `NA` -> `NA...9880`
• `NA` -> `NA...9881`
• `NA` -> `NA...9883`
• `NA` -> `NA...9884`
• `NA` -> `NA...9885`
• `NA` -> `NA...9886`
• `NA` -> `NA...9887`
• `NA` -> `NA...9888`
• `NA` -> `NA...9889`
• `NA` -> `NA...9890`
• `NA` -> `NA...9891`
• `NA` -> `NA...9892`
• `NA` -> `NA...9893`
• `NA` -> `NA...9894`
• `NA` -> `NA...9895`
• `NA` -> `NA...9896`
• `NA` -> `NA...9897`
• `NA` -> `NA...9898`
• `NA` -> `NA...9899`
• `NA` -> `NA...9900`
• `NA` -> `NA...9901`
• `NA` -> `NA...9903`
• `NA` -> `NA...9904`
• `NA` -> `NA...9905`
• `NA` -> `NA...9906`
• `NA` -> `NA...9907`
• `NA` -> `NA...9908`
• `NA` -> `NA...9909`
• `NA` -> `NA...9910`
• `NA` -> `NA...9911`
• `NA` -> `NA...9912`
• `NA` -> `NA...9913`
• `NA` -> `NA...9914`
• `NA` -> `NA...9915`
• `NA` -> `NA...9916`
• `NA` -> `NA...9917`
• `NA` -> `NA...9918`
• `NA` -> `NA...9919`
• `NA` -> `NA...9920`
• `NA` -> `NA...9921`
• `NA` -> `NA...9923`
• `NA` -> `NA...9924`
• `NA` -> `NA...9925`
• `NA` -> `NA...9926`
• `NA` -> `NA...9927`
• `NA` -> `NA...9928`
• `NA` -> `NA...9929`
• `NA` -> `NA...9930`
• `NA` -> `NA...9931`
• `NA` -> `NA...9932`
• `NA` -> `NA...9933`
• `NA` -> `NA...9934`
• `NA` -> `NA...9935`
• `NA` -> `NA...9936`
• `NA` -> `NA...9937`
• `NA` -> `NA...9938`
• `NA` -> `NA...9939`
• `NA` -> `NA...9940`
• `NA` -> `NA...9941`
• `NA` -> `NA...9943`
• `NA` -> `NA...9944`
• `NA` -> `NA...9945`
• `NA` -> `NA...9946`
• `NA` -> `NA...9947`
• `NA` -> `NA...9948`
• `NA` -> `NA...9949`
• `NA` -> `NA...9950`
• `NA` -> `NA...9951`
• `NA` -> `NA...9952`
• `NA` -> `NA...9953`
• `NA` -> `NA...9954`
• `NA` -> `NA...9955`
• `NA` -> `NA...9956`
• `NA` -> `NA...9957`
• `NA` -> `NA...9958`
• `NA` -> `NA...9959`
• `NA` -> `NA...9960`
• `NA` -> `NA...9961`
• `NA` -> `NA...9963`
• `NA` -> `NA...9964`
• `NA` -> `NA...9965`
• `NA` -> `NA...9966`
• `NA` -> `NA...9967`
• `NA` -> `NA...9968`
• `NA` -> `NA...9969`
• `NA` -> `NA...9970`
• `NA` -> `NA...9971`
• `NA` -> `NA...9972`
• `NA` -> `NA...9973`
• `NA` -> `NA...9974`
• `NA` -> `NA...9975`
• `NA` -> `NA...9976`
• `NA` -> `NA...9977`
• `NA` -> `NA...9978`
• `NA` -> `NA...9979`
• `NA` -> `NA...9980`
• `NA` -> `NA...9981`
• `NA` -> `NA...9983`
• `NA` -> `NA...9984`
• `NA` -> `NA...9985`
• `NA` -> `NA...9986`
• `NA` -> `NA...9987`
• `NA` -> `NA...9988`
• `NA` -> `NA...9989`
• `NA` -> `NA...9990`
• `NA` -> `NA...9991`
• `NA` -> `NA...9992`
• `NA` -> `NA...9993`
• `NA` -> `NA...9994`
• `NA` -> `NA...9995`
• `NA` -> `NA...9996`
• `NA` -> `NA...9997`
• `NA` -> `NA...9998`
• `NA` -> `NA...9999`
• `NA` -> `NA...10000`
• `NA` -> `NA...10001`
• `NA` -> `NA...10003`
• `NA` -> `NA...10004`
• `NA` -> `NA...10005`
• `NA` -> `NA...10006`
• `NA` -> `NA...10007`
• `NA` -> `NA...10008`
• `NA` -> `NA...10009`
• `NA` -> `NA...10010`
• `NA` -> `NA...10011`
• `NA` -> `NA...10012`
• `NA` -> `NA...10013`
• `NA` -> `NA...10014`
• `NA` -> `NA...10015`
• `NA` -> `NA...10016`
• `NA` -> `NA...10017`
• `NA` -> `NA...10018`
• `NA` -> `NA...10019`
• `NA` -> `NA...10020`
• `NA` -> `NA...10021`
• `NA` -> `NA...10023`
• `NA` -> `NA...10024`
• `NA` -> `NA...10025`
• `NA` -> `NA...10026`
• `NA` -> `NA...10027`
• `NA` -> `NA...10028`
• `NA` -> `NA...10029`
• `NA` -> `NA...10030`
• `NA` -> `NA...10031`
• `NA` -> `NA...10032`
• `NA` -> `NA...10033`
• `NA` -> `NA...10034`
• `NA` -> `NA...10035`
• `NA` -> `NA...10036`
• `NA` -> `NA...10037`
• `NA` -> `NA...10038`
• `NA` -> `NA...10039`
• `NA` -> `NA...10040`
• `NA` -> `NA...10041`
• `NA` -> `NA...10043`
• `NA` -> `NA...10044`
• `NA` -> `NA...10045`
• `NA` -> `NA...10046`
• `NA` -> `NA...10047`
• `NA` -> `NA...10048`
• `NA` -> `NA...10049`
• `NA` -> `NA...10050`
• `NA` -> `NA...10051`
• `NA` -> `NA...10052`
• `NA` -> `NA...10053`
• `NA` -> `NA...10054`
• `NA` -> `NA...10055`
• `NA` -> `NA...10056`
• `NA` -> `NA...10057`
• `NA` -> `NA...10058`
• `NA` -> `NA...10059`
• `NA` -> `NA...10060`
• `NA` -> `NA...10061`
• `NA` -> `NA...10063`
• `NA` -> `NA...10064`
• `NA` -> `NA...10065`
• `NA` -> `NA...10066`
• `NA` -> `NA...10067`
• `NA` -> `NA...10068`
• `NA` -> `NA...10069`
• `NA` -> `NA...10070`
• `NA` -> `NA...10071`
• `NA` -> `NA...10072`
• `NA` -> `NA...10073`
• `NA` -> `NA...10074`
• `NA` -> `NA...10075`
• `NA` -> `NA...10076`
• `NA` -> `NA...10077`
• `NA` -> `NA...10078`
• `NA` -> `NA...10079`
• `NA` -> `NA...10080`
• `NA` -> `NA...10081`
• `NA` -> `NA...10083`
• `NA` -> `NA...10084`
• `NA` -> `NA...10085`
• `NA` -> `NA...10086`
• `NA` -> `NA...10087`
• `NA` -> `NA...10088`
• `NA` -> `NA...10089`
• `NA` -> `NA...10090`
• `NA` -> `NA...10091`
• `NA` -> `NA...10092`
• `NA` -> `NA...10093`
• `NA` -> `NA...10094`
• `NA` -> `NA...10095`
• `NA` -> `NA...10096`
• `NA` -> `NA...10097`
• `NA` -> `NA...10098`
• `NA` -> `NA...10099`
• `NA` -> `NA...10100`
• `NA` -> `NA...10101`
• `NA` -> `NA...10103`
• `NA` -> `NA...10104`
• `NA` -> `NA...10105`
• `NA` -> `NA...10106`
• `NA` -> `NA...10107`
• `NA` -> `NA...10108`
• `NA` -> `NA...10109`
• `NA` -> `NA...10110`
• `NA` -> `NA...10111`
• `NA` -> `NA...10112`
• `NA` -> `NA...10113`
• `NA` -> `NA...10114`
• `NA` -> `NA...10115`
• `NA` -> `NA...10116`
• `NA` -> `NA...10117`
• `NA` -> `NA...10118`
• `NA` -> `NA...10119`
• `NA` -> `NA...10120`
• `NA` -> `NA...10121`
• `NA` -> `NA...10123`
• `NA` -> `NA...10124`
• `NA` -> `NA...10125`
• `NA` -> `NA...10126`
• `NA` -> `NA...10127`
• `NA` -> `NA...10128`
• `NA` -> `NA...10129`
• `NA` -> `NA...10130`
• `NA` -> `NA...10131`
• `NA` -> `NA...10132`
• `NA` -> `NA...10133`
• `NA` -> `NA...10134`
• `NA` -> `NA...10135`
• `NA` -> `NA...10136`
• `NA` -> `NA...10137`
• `NA` -> `NA...10138`
• `NA` -> `NA...10139`
• `NA` -> `NA...10140`
• `NA` -> `NA...10141`
• `NA` -> `NA...10143`
• `NA` -> `NA...10144`
• `NA` -> `NA...10145`
• `NA` -> `NA...10146`
• `NA` -> `NA...10147`
• `NA` -> `NA...10148`
• `NA` -> `NA...10149`
• `NA` -> `NA...10150`
• `NA` -> `NA...10151`
• `NA` -> `NA...10152`
• `NA` -> `NA...10153`
• `NA` -> `NA...10154`
• `NA` -> `NA...10155`
• `NA` -> `NA...10156`
• `NA` -> `NA...10157`
• `NA` -> `NA...10158`
• `NA` -> `NA...10159`
• `NA` -> `NA...10160`
• `NA` -> `NA...10161`
• `NA` -> `NA...10163`
• `NA` -> `NA...10164`
• `NA` -> `NA...10165`
• `NA` -> `NA...10166`
• `NA` -> `NA...10167`
• `NA` -> `NA...10168`
• `NA` -> `NA...10169`
• `NA` -> `NA...10170`
• `NA` -> `NA...10171`
• `NA` -> `NA...10172`
• `NA` -> `NA...10173`
• `NA` -> `NA...10174`
• `NA` -> `NA...10175`
• `NA` -> `NA...10176`
• `NA` -> `NA...10177`
• `NA` -> `NA...10178`
• `NA` -> `NA...10179`
• `NA` -> `NA...10180`
• `NA` -> `NA...10181`
• `NA` -> `NA...10183`
• `NA` -> `NA...10184`
• `NA` -> `NA...10185`
• `NA` -> `NA...10186`
• `NA` -> `NA...10187`
• `NA` -> `NA...10188`
• `NA` -> `NA...10189`
• `NA` -> `NA...10190`
• `NA` -> `NA...10191`
• `NA` -> `NA...10192`
• `NA` -> `NA...10193`
• `NA` -> `NA...10194`
• `NA` -> `NA...10195`
• `NA` -> `NA...10196`
• `NA` -> `NA...10197`
• `NA` -> `NA...10198`
• `NA` -> `NA...10199`
• `NA` -> `NA...10200`
• `NA` -> `NA...10201`
• `NA` -> `NA...10203`
• `NA` -> `NA...10204`
• `NA` -> `NA...10205`
• `NA` -> `NA...10206`
• `NA` -> `NA...10207`
• `NA` -> `NA...10208`
• `NA` -> `NA...10209`
• `NA` -> `NA...10210`
• `NA` -> `NA...10211`
• `NA` -> `NA...10212`
• `NA` -> `NA...10213`
• `NA` -> `NA...10214`
• `NA` -> `NA...10215`
• `NA` -> `NA...10216`
• `NA` -> `NA...10217`
• `NA` -> `NA...10218`
• `NA` -> `NA...10219`
• `NA` -> `NA...10220`
• `NA` -> `NA...10221`
• `NA` -> `NA...10223`
• `NA` -> `NA...10224`
• `NA` -> `NA...10225`
• `NA` -> `NA...10226`
• `NA` -> `NA...10227`
• `NA` -> `NA...10228`
• `NA` -> `NA...10229`
• `NA` -> `NA...10230`
• `NA` -> `NA...10231`
• `NA` -> `NA...10232`
• `NA` -> `NA...10233`
• `NA` -> `NA...10234`
• `NA` -> `NA...10235`
• `NA` -> `NA...10236`
• `NA` -> `NA...10237`
• `NA` -> `NA...10238`
• `NA` -> `NA...10239`
• `NA` -> `NA...10240`
• `NA` -> `NA...10241`
Master file saved: /home/lina/eeg/features/ALL_PARTICIPANTS_features.csv
  62 participants x 20800 feature columns

Done.
> 
> proc.time()
      user     system    elapsed 
435364.879   1108.098  93882.323 
